ANA Crowne Plaza Fukuoka,812-0011,Fukuoka Prefecture,"3-3-3 Hakata-Ekimae, Hakata-ku Fukuoka",319,$$,http://www.tripadvisor.com/Hotel_Review-g298207-d300554-Reviews-ANA_Crowne_Plaza_Fukuoka-Fukuoka_Fukuoka_Prefecture_Kyushu_Okinawa.html
Hotel New Otani Hakata,810-0004,Fukuoka Prefecture,"1-1-2 Watanabe-Dori, Chuo-ku Fukuoka",387,$,http://www.tripadvisor.com/Hotel_Review-g298207-d301284-Reviews-Hotel_New_Otani_Hakata-Fukuoka_Fukuoka_Prefecture_Kyushu_Okinawa.html
Hotel Okura Fukuoka,812-0027,Fukuoka Prefecture,3-2 Shimokawabata-machi Hakata-ku Fukuoka,264,$$,http://www.tripadvisor.com/Hotel_Review-g298207-d301682-Reviews-Hotel_Okura_Fukuoka-Fukuoka_Fukuoka_Prefecture_Kyushu_Okinawa.html
Hotel Nikko Fukuoka,812-0011,Fukuoka Prefecture,"2-18-25 Hakata Ekimae, Hakata-ku Fukuoka",360,$$,http://www.tripadvisor.com/Hotel_Review-g298207-d301961-Reviews-Hotel_Nikko_Fukuoka-Fukuoka_Fukuoka_Prefecture_Kyushu_Okinawa.html
Hakata Green Hotel 1,812-0012,Fukuoka Prefecture,"4-4 Chuogai Hakataeki, Hakata-ku Fukuoka",,$,http://www.tripadvisor.com/Hotel_Review-g298207-d302527-Reviews-Hakata_Green_Hotel_1-Fukuoka_Fukuoka_Prefecture_Kyushu_Okinawa.html
Hotel Centraza Hakata,812-0012,Fukuoka Prefecture,"4-23 Hakataeki-Chuogai, Hakata-ku Fukuoka",197,$,http://www.tripadvisor.com/Hotel_Review-g298207-d307631-Reviews-Hotel_Centraza_Hakata-Fukuoka_Fukuoka_Prefecture_Kyushu_Okinawa.html
Grand Hyatt Fukuoka,812-0018 ,Fukuoka Prefecture,"1-2-82 Sumiyoshi, Hakata-ku Fukuoka",370,$$,http://www.tripadvisor.com/Hotel_Review-g298207-d307634-Reviews-Grand_Hyatt_Fukuoka-Fukuoka_Fukuoka_Prefecture_Kyushu_Okinawa.html
Hyatt Regency Fukuoka,812-0013,Fukuoka Prefecture,2-14-1 Hakataeki Higashi Hakataku Fukuoka,244,$,http://www.tripadvisor.com/Hotel_Review-g298207-d307643-Reviews-Hyatt_Regency_Fukuoka-Fukuoka_Fukuoka_Prefecture_Kyushu_Okinawa.html
Canal City Fukuoka Washington Hotel,812-0018,Fukuoka Prefecture,"1-2-20 Sumiyoshi, Hakata-ku Fukuoka",423,$,http://www.tripadvisor.com/Hotel_Review-g298207-d320326-Reviews-Canal_City_Fukuoka_Washington_Hotel-Fukuoka_Fukuoka_Prefecture_Kyushu_Okinawa.html
Dukes Hotel Hakata,812-0011,Fukuoka Prefecture,"2-3-9 Hakataekimae, Hakata-ku Fukuoka",153,$,http://www.tripadvisor.com/Hotel_Review-g298207-d320327-Reviews-Dukes_Hotel_Hakata-Fukuoka_Fukuoka_Prefecture_Kyushu_Okinawa.html
Hakata JBB Hotel,812-0039,Fukuoka Prefecture,"6-5-1 Reisen-machi, Hakata-ku Fukuoka",,$,http://www.tripadvisor.com/Hotel_Review-g298207-d320328-Reviews-Hakata_JBB_Hotel-Fukuoka_Fukuoka_Prefecture_Kyushu_Okinawa.html
Hotel Il Palazzo,810-0003,Fukuoka Prefecture,3-13-1 Haruyoshi Chuo-ku Fukuoka,62,$$,http://www.tripadvisor.com/Hotel_Review-g298207-d320329-Reviews-Hotel_Il_Palazzo-Fukuoka_Fukuoka_Prefecture_Kyushu_Okinawa.html
Toyoko Inn Hakata-guchi Ekimae Gion,812-0038,Fukuoka Prefecture,"1-38 Gion-cho, Hakata-ku Fukuoka",173,$,http://www.tripadvisor.com/Hotel_Review-g298207-d320330-Reviews-Toyoko_Inn_Hakata_guchi_Ekimae_Gion-Fukuoka_Fukuoka_Prefecture_Kyushu_Okinawa.html
Hotel Skycourt Hakata,812-0038,Fukuoka Prefecture,4-73 Gion-cho Hakata-ku Fukuoka,159,$,http://www.tripadvisor.com/Hotel_Review-g298207-d505229-Reviews-Hotel_Skycourt_Hakata-Fukuoka_Fukuoka_Prefecture_Kyushu_Okinawa.html
Sun Life Hotel 2 & 3,812-0013,Fukuoka Prefecture,"1-12-3 Hakataeki Higashi, Hakata-ku Fukuoka",310,$,http://www.tripadvisor.com/Hotel_Review-g298207-d505362-Reviews-Sun_Life_Hotel_2_3-Fukuoka_Fukuoka_Prefecture_Kyushu_Okinawa.html
Hakata Excel Hotel Tokyu,810-0801,Fukuoka Prefecture,"4-6-7 Nakasu, Hakata-ku Fukuoka",308,$,http://www.tripadvisor.com/Hotel_Review-g298207-d505437-Reviews-Hakata_Excel_Hotel_Tokyu-Fukuoka_Fukuoka_Prefecture_Kyushu_Okinawa.html
Hakata Miyako Hotel,812-0013 ,Fukuoka Prefecture,"2-1-1 Hakataeki-Higashi, Hakata-ku Fukuoka",266,$,http://www.tripadvisor.com/Hotel_Review-g298207-d505439-Reviews-Hakata_Miyako_Hotel-Fukuoka_Fukuoka_Prefecture_Kyushu_Okinawa.html
Hotel Sunroute Hakata,812-0012,Fukuoka Prefecture,"4-10 Hakataeki-Chuogai, Hakata-ku Fukuoka",200,$,http://www.tripadvisor.com/Hotel_Review-g298207-d505442-Reviews-Hotel_Sunroute_Hakata-Fukuoka_Fukuoka_Prefecture_Kyushu_Okinawa.html
Hilton Fukuoka Sea Hawk,810-8650,Fukuoka Prefecture,2-2-3 Jigyohama Chuo-ku Fukuoka,1053,$,http://www.tripadvisor.com/Hotel_Review-g298207-d549539-Reviews-Hilton_Fukuoka_Sea_Hawk-Fukuoka_Fukuoka_Prefecture_Kyushu_Okinawa.html
Plaza Hotel Tenjin,810-0041,Fukuoka Prefecture,"1-9-63 Daimyo, Chuo-ku Fukuoka",205,$,http://www.tripadvisor.com/Hotel_Review-g298207-d558256-Reviews-Plaza_Hotel_Tenjin-Fukuoka_Fukuoka_Prefecture_Kyushu_Okinawa.html
Tenjin Center Hotel,810-0001,Fukuoka Prefecture,"2-7-20 Tenjin, Chuo-ku Fukuoka",,$,http://www.tripadvisor.com/Hotel_Review-g298207-d558259-Reviews-Tenjin_Center_Hotel-Fukuoka_Fukuoka_Prefecture_Kyushu_Okinawa.html
Tenjin Center Hotel New Branch,810-0041 ,Fukuoka Prefecture,"2-8-12 Daimyo, Chuo-ku Fukuoka",,,http://www.tripadvisor.com/Hotel_Review-g298207-d558261-Reviews-Tenjin_Center_Hotel_New_Branch-Fukuoka_Fukuoka_Prefecture_Kyushu_Okinawa.html
Heiwadai Hotel Arato,810-0062,Fukuoka Prefecture,"1-5-27 Arato, Chuo-ku Fukuoka",72,$,http://www.tripadvisor.com/Hotel_Review-g298207-d558263-Reviews-Heiwadai_Hotel_Arato-Fukuoka_Fukuoka_Prefecture_Kyushu_Okinawa.html
Khaosan Fukuoka Annex,812-0043,Fukuoka Prefecture,5-4-15 Katakasu Fukuoka,12,$,http://www.tripadvisor.com/Hotel_Review-g298207-d558265-Reviews-Khaosan_Fukuoka_Annex-Fukuoka_Fukuoka_Prefecture_Kyushu_Okinawa.html
Marine Hotel Shinkan,812-0023,Fukuoka Prefecture,10-21 Narayamachi Fukuoka,,$,http://www.tripadvisor.com/Hotel_Review-g298207-d558267-Reviews-Marine_Hotel_Shinkan-Fukuoka_Fukuoka_Prefecture_Kyushu_Okinawa.html
Business Hotel Izumiya,819-0002,Fukuoka Prefecture,4-15-19 Meinohama Fukuoka,,,http://www.tripadvisor.com/Hotel_Review-g298207-d558269-Reviews-Business_Hotel_Izumiya-Fukuoka_Fukuoka_Prefecture_Kyushu_Okinawa.html
Capsule Inn Hakata,812-0038 ,Fukuoka Prefecture,"4-56 Gion-machi, Hakata-ku Fukuoka",,,http://www.tripadvisor.com/Hotel_Review-g298207-d558271-Reviews-Capsule_Inn_Hakata-Fukuoka_Fukuoka_Prefecture_Kyushu_Okinawa.html
Capsule Hotel Wellbe Fukuoka,812-0038,Fukuoka Prefecture,8-12 Hakata-ku Gion-machi Fukuoka,,$,http://www.tripadvisor.com/Hotel_Review-g298207-d558273-Reviews-Capsule_Hotel_Wellbe_Fukuoka-Fukuoka_Fukuoka_Prefecture_Kyushu_Okinawa.html
Fukuoka Oriental Hotel,810-0002,Fukuoka Prefecture,"12-17 Nishi-Nakasu, Chuo-ku Fukuoka",,,http://www.tripadvisor.com/Hotel_Review-g298207-d558275-Reviews-Fukuoka_Oriental_Hotel-Fukuoka_Fukuoka_Prefecture_Kyushu_Okinawa.html
Toyo Hotel,813-0013,Fukuoka Prefecture,1-9-36 Hakataeki Higashi Hakataku Fukuoka,269,$,http://www.tripadvisor.com/Hotel_Review-g298207-d558278-Reviews-Toyo_Hotel-Fukuoka_Fukuoka_Prefecture_Kyushu_Okinawa.html
Fukuoka Sun Palace Hotel,812-0021,Fukuoka Prefecture,"2-1 Chikkohonmachi, Hakataku Fukuoka",,$,http://www.tripadvisor.com/Hotel_Review-g298207-d558279-Reviews-Fukuoka_Sun_Palace_Hotel-Fukuoka_Fukuoka_Prefecture_Kyushu_Okinawa.html
Agora Fukuoka Hilltop Hotel & Spa,810-0032,Fukuoka Prefecture,1-1-33 Terukuni Fukuoka,48,$,http://www.tripadvisor.com/Hotel_Review-g298207-d558281-Reviews-Agora_Fukuoka_Hilltop_Hotel_Spa-Fukuoka_Fukuoka_Prefecture_Kyushu_Okinawa.html
Greenland Nakasu-ten,810-0801,Fukuoka Prefecture,"3-6-17 Nakasu, Hakata-ku Fukuoka",,$,http://www.tripadvisor.com/Hotel_Review-g298207-d558285-Reviews-Greenland_Nakasu_ten-Fukuoka_Fukuoka_Prefecture_Kyushu_Okinawa.html
Super Hotel Hakata,812-0036,Fukuoka Prefecture,"11-32 Kamigofukumachi, Hakata-ku Fukuoka",,$,http://www.tripadvisor.com/Hotel_Review-g298207-d558287-Reviews-Super_Hotel_Hakata-Fukuoka_Fukuoka_Prefecture_Kyushu_Okinawa.html
Hakata Dai-ichi Hotel,812-0013,Fukuoka Prefecture,2-1-27 Hakata-eki Higashi Fukuoka,,,http://www.tripadvisor.com/Hotel_Review-g298207-d558292-Reviews-Hakata_Dai_ichi_Hotel-Fukuoka_Fukuoka_Prefecture_Kyushu_Okinawa.html
Hotel Area One Hakata,812-0043,Fukuoka Prefecture,2-3-1 Katakasu Hakata-ku Fukuoka,47,$,http://www.tripadvisor.com/Hotel_Review-g298207-d558293-Reviews-Hotel_Area_One_Hakata-Fukuoka_Fukuoka_Prefecture_Kyushu_Okinawa.html
Hakata Marine Hotel,812-0021,Fukuoka Prefecture,"4-16 Chikko-honmachi, Hakata-ku Fukuoka",44,$,http://www.tripadvisor.com/Hotel_Review-g298207-d558296-Reviews-Hakata_Marine_Hotel-Fukuoka_Fukuoka_Prefecture_Kyushu_Okinawa.html
Hakata Newport Hotel,812-0022,Fukuoka Prefecture,"3-27 Kamiya-machi, Hakata-ku Fukuoka",,$,http://www.tripadvisor.com/Hotel_Review-g298207-d558298-Reviews-Hakata_Newport_Hotel-Fukuoka_Fukuoka_Prefecture_Kyushu_Okinawa.html
Hakata River Side Hotel,812-0026,Fukuoka Prefecture,4-123 Kamikawabamachi Hakata Fukuoka,16,,http://www.tripadvisor.com/Hotel_Review-g298207-d558299-Reviews-Hakata_River_Side_Hotel-Fukuoka_Fukuoka_Prefecture_Kyushu_Okinawa.html
Solaria Nishitetsu Hotel,810-0001,Fukuoka Prefecture,"2-2-43 Tenjin, Chuo-ku Fukuoka",173,$,http://www.tripadvisor.com/Hotel_Review-g298207-d558301-Reviews-Solaria_Nishitetsu_Hotel-Fukuoka_Fukuoka_Prefecture_Kyushu_Okinawa.html
Hakata Terminal Hotel,812-0013,Fukuoka Prefecture,2-1-26 Hakata-eki Higashi Fukuoka,,$,http://www.tripadvisor.com/Hotel_Review-g298207-d558302-Reviews-Hakata_Terminal_Hotel-Fukuoka_Fukuoka_Prefecture_Kyushu_Okinawa.html
Ogataya Hotel,812-0017,Fukuoka Prefecture,"3-17-5 Minoshima, Hakata-ku Fukuoka",,,http://www.tripadvisor.com/Hotel_Review-g298207-d558308-Reviews-Ogataya_Hotel-Fukuoka_Fukuoka_Prefecture_Kyushu_Okinawa.html
Nishitetsu Grand Hotel,810-0041,Fukuoka Prefecture,"2-6-60 Daimyo, Chuo-ku Fukuoka",280,$,http://www.tripadvisor.com/Hotel_Review-g298207-d558309-Reviews-Nishitetsu_Grand_Hotel-Fukuoka_Fukuoka_Prefecture_Kyushu_Okinawa.html
Valie Hotel Akasaka,810-0042,Fukuoka Prefecture,1-15-31 Akasaka Fukuoka,62,$,http://www.tripadvisor.com/Hotel_Review-g298207-d558312-Reviews-Valie_Hotel_Akasaka-Fukuoka_Fukuoka_Prefecture_Kyushu_Okinawa.html
Hon-kan Heiwa-dai Hotel,810-0074,Fukuoka Prefecture,1-3-26 Otemon Fukuoka,51,$,http://www.tripadvisor.com/Hotel_Review-g298207-d558314-Reviews-Hon_kan_Heiwa_dai_Hotel-Fukuoka_Fukuoka_Prefecture_Kyushu_Okinawa.html
JR Kyushu Hotel Blossom Fukuoka,812-0013,Fukuoka Prefecture,"2-2-4 Hakataekihigashi, Hakata-ku Fukuoka",90,$,http://www.tripadvisor.com/Hotel_Review-g298207-d558316-Reviews-JR_Kyushu_Hotel_Blossom_Fukuoka-Fukuoka_Fukuoka_Prefecture_Kyushu_Okinawa.html
Heiwadai Hotel Otemon,810-0074 ,Fukuoka Prefecture,1-5-4 Otemon Fukuoka,55,$,http://www.tripadvisor.com/Hotel_Review-g298207-d558319-Reviews-Heiwadai_Hotel_Otemon-Fukuoka_Fukuoka_Prefecture_Kyushu_Okinawa.html
Hotel Brave Inn Hakata,810-0801,Fukuoka Prefecture,5-3-2 Hakata-ku Nakasu Fukuoka,,,http://www.tripadvisor.com/Hotel_Review-g298207-d558320-Reviews-Hotel_Brave_Inn_Hakata-Fukuoka_Fukuoka_Prefecture_Kyushu_Okinawa.html
Hotel Century Art,812-0012,Fukuoka Prefecture,"5-15 Hakataeki-Chuogai, Hakata-ku Fukuoka",117,$,http://www.tripadvisor.com/Hotel_Review-g298207-d558321-Reviews-Hotel_Century_Art-Fukuoka_Fukuoka_Prefecture_Kyushu_Okinawa.html
Hotel Clio Court Hakata,812-0012,Fukuoka Prefecture,"5-3 Hakataeki-Chuogai, Hakata-ku Fukuoka",177,$,http://www.tripadvisor.com/Hotel_Review-g298207-d558323-Reviews-Hotel_Clio_Court_Hakata-Fukuoka_Fukuoka_Prefecture_Kyushu_Okinawa.html
Hotel ETS Inn Hakata,812-0043,Fukuoka Prefecture,2-2-2 Katakasu Fukuoka,,$,http://www.tripadvisor.com/Hotel_Review-g298207-d558324-Reviews-Hotel_ETS_Inn_Hakata-Fukuoka_Fukuoka_Prefecture_Kyushu_Okinawa.html
Comfort Hotel Hakata,812-0011,Fukuoka Prefecture,"2-1-1 Hakata Ekimae, Hakata-ku Fukuoka",242,$,http://www.tripadvisor.com/Hotel_Review-g298207-d558326-Reviews-Comfort_Hotel_Hakata-Fukuoka_Fukuoka_Prefecture_Kyushu_Okinawa.html
Hotel Twins Momochi,814-0001,Fukuoka Prefecture,1-7-4 Momochi-hama Fukuoka,190,$,http://www.tripadvisor.com/Hotel_Review-g298207-d558327-Reviews-Hotel_Twins_Momochi-Fukuoka_Fukuoka_Prefecture_Kyushu_Okinawa.html
Benikea Calton Hotel Fukuoka Tenjin,810-0005,Fukuoka Prefecture,"1-14-15 Kiyokawa, Chuo-Ku Fukuoka",130,$,http://www.tripadvisor.com/Hotel_Review-g298207-d558328-Reviews-Benikea_Calton_Hotel_Fukuoka_Tenjin-Fukuoka_Fukuoka_Prefecture_Kyushu_Okinawa.html
Court Hotel Hakata Ekimae,812-0011,Fukuoka Prefecture,3-30-25 Hakataekimae Hakata-ku Fukuoka,153,$,http://www.tripadvisor.com/Hotel_Review-g298207-d558329-Reviews-Court_Hotel_Hakata_Ekimae-Fukuoka_Fukuoka_Prefecture_Kyushu_Okinawa.html
With the Style Fukuoka,812-0016,Fukuoka Prefecture,1-9-18 Hakataeki Minami Hakataku Fukuoka,16,$$$,http://www.tripadvisor.com/Hotel_Review-g298207-d587891-Reviews-With_the_Style_Fukuoka-Fukuoka_Fukuoka_Prefecture_Kyushu_Okinawa.html
Vessel hotel Fukuoka Kaizuka,812-0053,Fukuoka Prefecture,Hwy 7-10-65 Fukuoka,126,$,http://www.tripadvisor.com/Hotel_Review-g298207-d601662-Reviews-Vessel_hotel_Fukuoka_Kaizuka-Fukuoka_Fukuoka_Prefecture_Kyushu_Okinawa.html
Hotel Hokke Club Fukuoka,812-0018,Fukuoka Prefecture,"3-1-90 Sumiyoshi, Hakata-ku Fukuoka",225,$,http://www.tripadvisor.com/Hotel_Review-g298207-d628217-Reviews-Hotel_Hokke_Club_Fukuoka-Fukuoka_Fukuoka_Prefecture_Kyushu_Okinawa.html
Central Hotel Fukuoka,810-0004,Fukuoka Prefecture,"4-1-2 Watanabe-dori, Chuo-ku Fukuoka",274,$,http://www.tripadvisor.com/Hotel_Review-g298207-d628366-Reviews-Central_Hotel_Fukuoka-Fukuoka_Fukuoka_Prefecture_Kyushu_Okinawa.html
Reisenkaku Hotel Ekimae,812-0011,Fukuoka Prefecture,"1-28-3 Hakata Ekimae, Hakata-ku Fukuoka",206,$,http://www.tripadvisor.com/Hotel_Review-g298207-d628713-Reviews-Reisenkaku_Hotel_Ekimae-Fukuoka_Fukuoka_Prefecture_Kyushu_Okinawa.html
Hotel Monterey Lasoeur Fukuoka,810-0041,Fukuoka Prefecture,2-8-27 Daimyo Chuo-ku Fukuoka,182,$,http://www.tripadvisor.com/Hotel_Review-g298207-d651329-Reviews-Hotel_Monterey_Lasoeur_Fukuoka-Fukuoka_Fukuoka_Prefecture_Kyushu_Okinawa.html
Kashima Honkan,812-0039,Fukuoka Prefecture,"3-11 Reisen-machi, Hakata-ku Fukuoka",27,$,http://www.tripadvisor.com/Hotel_Review-g298207-d919463-Reviews-Kashima_Honkan-Fukuoka_Fukuoka_Prefecture_Kyushu_Okinawa.html
Takakura Hotel Fukuoka,810-0004,Fukuoka Prefecture,"2-7-21 Watanabe-dori, Chuo-ku Fukuoka",107,$,http://www.tripadvisor.com/Hotel_Review-g298207-d1024102-Reviews-Takakura_Hotel_Fukuoka-Fukuoka_Fukuoka_Prefecture_Kyushu_Okinawa.html
Toyoko Inn Hakata Nishinakasu,810-0002,Fukuoka Prefecture,"1-16 Nishinakasu, Chuoku Fukuoka",260,$,http://www.tripadvisor.com/Hotel_Review-g298207-d1053936-Reviews-Toyoko_Inn_Hakata_Nishinakasu-Fukuoka_Fukuoka_Prefecture_Kyushu_Okinawa.html
KKR Hotel Hakata,810-0022,Fukuoka Prefecture,"4-21-1 Yakuin, Chuoku Fukuoka",130,$,http://www.tripadvisor.com/Hotel_Review-g298207-d1053938-Reviews-KKR_Hotel_Hakata-Fukuoka_Fukuoka_Prefecture_Kyushu_Okinawa.html
Manposo,811-0325,Fukuoka Prefecture,"257-5 Katsuma, Higashiku Fukuoka",,,http://www.tripadvisor.com/Hotel_Review-g298207-d1053940-Reviews-Manposo-Fukuoka_Fukuoka_Prefecture_Kyushu_Okinawa.html
Nagatomi Ryokan,812-0044,Fukuoka Prefecture,"2-20-2 Chiyo, Hakataku Fukuoka",,,http://www.tripadvisor.com/Hotel_Review-g298207-d1053941-Reviews-Nagatomi_Ryokan-Fukuoka_Fukuoka_Prefecture_Kyushu_Okinawa.html
R Inn Hakata,812-0026,Fukuoka Prefecture,"3-6 Kamikawabatamachi, Hakataku Fukuoka",,$,http://www.tripadvisor.com/Hotel_Review-g298207-d1053945-Reviews-R_Inn_Hakata-Fukuoka_Fukuoka_Prefecture_Kyushu_Okinawa.html
Sumiyoshikan,812-0018,Fukuoka Prefecture,"2-5-19 Sumiyoshi, Hakataku Fukuoka",,,http://www.tripadvisor.com/Hotel_Review-g298207-d1053948-Reviews-Sumiyoshikan-Fukuoka_Fukuoka_Prefecture_Kyushu_Okinawa.html
Hakata Green Hotel Tenjin,810-0041,Fukuoka Prefecture,"2-9-11 Daimyo, Chuoku Fukuoka",150,$,http://www.tripadvisor.com/Hotel_Review-g298207-d1053951-Reviews-Hakata_Green_Hotel_Tenjin-Fukuoka_Fukuoka_Prefecture_Kyushu_Okinawa.html
Reisenkaku Hotel Kawabata,812-0026,Fukuoka Prefecture,"8-21 Kami Kawabata-machi, Hakata-ku Fukuoka",,$,http://www.tripadvisor.com/Hotel_Review-g298207-d1053960-Reviews-Reisenkaku_Hotel_Kawabata-Fukuoka_Fukuoka_Prefecture_Kyushu_Okinawa.html
Hotel Leopalace Hakata,812-0013,Fukuoka Prefecture,"2-5-33 Hakataekihigashi, Hakata-ku Fukuoka",120,$,http://www.tripadvisor.com/Hotel_Review-g298207-d1053962-Reviews-Hotel_Leopalace_Hakata-Fukuoka_Fukuoka_Prefecture_Kyushu_Okinawa.html
Amenity Hotel in Hakata,812-0026,Fukuoka Prefecture,14-25 Kamikawabatamachi Hakata-ku Fukuoka,,$,http://www.tripadvisor.com/Hotel_Review-g298207-d1053972-Reviews-Amenity_Hotel_in_Hakata-Fukuoka_Fukuoka_Prefecture_Kyushu_Okinawa.html
Shikashimaso,811-0323,Fukuoka Prefecture,"1520-2 Shikashima, Higashiku Fukuoka",,,http://www.tripadvisor.com/Hotel_Review-g298207-d1053975-Reviews-Shikashimaso-Fukuoka_Fukuoka_Prefecture_Kyushu_Okinawa.html
Nishitetsu Inn Hakata,812-0011,Fukuoka Prefecture,"1-17-6 Hakataekimae, Hakataku Fukuoka",503,$,http://www.tripadvisor.com/Hotel_Review-g298207-d1053978-Reviews-Nishitetsu_Inn_Hakata-Fukuoka_Fukuoka_Prefecture_Kyushu_Okinawa.html
APA Hotel Hakataekimae,812-0011,Fukuoka Prefecture,"4-10-15 Hakataekimae, Hakataku Fukuoka",109,$,http://www.tripadvisor.com/Hotel_Review-g298207-d1053982-Reviews-APA_Hotel_Hakataekimae-Fukuoka_Fukuoka_Prefecture_Kyushu_Okinawa.html
Manyo no Yu,812-0042,Fukuoka Prefecture,2-3-66 Yutaka Hakataku Fukuoka,33,$,http://www.tripadvisor.com/Hotel_Review-g298207-d1053997-Reviews-Manyo_no_Yu-Fukuoka_Fukuoka_Prefecture_Kyushu_Okinawa.html
Accord Hotel,812-0011,Fukuoka Prefecture,"3-11-20 Hakataekimae, Hakataku Fukuoka",104,$,http://www.tripadvisor.com/Hotel_Review-g298207-d1054001-Reviews-Accord_Hotel-Fukuoka_Fukuoka_Prefecture_Kyushu_Okinawa.html
Hakata Business Hotel,812-0011,Fukuoka Prefecture,"2-16-3 Hakataekimae, Hakataku Fukuoka",,$,http://www.tripadvisor.com/Hotel_Review-g298207-d1054002-Reviews-Hakata_Business_Hotel-Fukuoka_Fukuoka_Prefecture_Kyushu_Okinawa.html
Hotel New Simple,812-0011,Fukuoka Prefecture,"1-23-11 Hakataekimae, Hakataku Fukuoka",,$,http://www.tripadvisor.com/Hotel_Review-g298207-d1054005-Reviews-Hotel_New_Simple-Fukuoka_Fukuoka_Prefecture_Kyushu_Okinawa.html
Minami-Fukuoka Green Hotel,812-0884,Fukuoka Prefecture,"3-5-13 Kotobukicho, Hakataku Fukuoka",89,$,http://www.tripadvisor.com/Hotel_Review-g298207-d1054022-Reviews-Minami_Fukuoka_Green_Hotel-Fukuoka_Fukuoka_Prefecture_Kyushu_Okinawa.html
Hakataekimae SB Hotel,812-0011,Fukuoka Prefecture,"1-14-3 Hakataekimae, Hakataku Fukuoka",,$,http://www.tripadvisor.com/Hotel_Review-g298207-d1054026-Reviews-Hakataekimae_SB_Hotel-Fukuoka_Fukuoka_Prefecture_Kyushu_Okinawa.html
Hakata Sunhills Hotel,812-0046,Fukuoka Prefecture,"13-55 Yoshizukahonmachi, Hakataku Fukuoka",,$,http://www.tripadvisor.com/Hotel_Review-g298207-d1054030-Reviews-Hakata_Sunhills_Hotel-Fukuoka_Fukuoka_Prefecture_Kyushu_Okinawa.html
The Luigans,811-0321,Fukuoka Prefecture,18-25 Saitozaki Higashiku Fukuoka,98,$$,http://www.tripadvisor.com/Hotel_Review-g298207-d1054035-Reviews-The_Luigans-Fukuoka_Fukuoka_Prefecture_Kyushu_Okinawa.html
Toyoko Inn Hakata Eki-Minami,812-0016,Fukuoka Prefecture,"2-10-23 Hakataekiminami, Hakataku Fukuoka",199,$,http://www.tripadvisor.com/Hotel_Review-g298207-d1054036-Reviews-Toyoko_Inn_Hakata_Eki_Minami-Fukuoka_Fukuoka_Prefecture_Kyushu_Okinawa.html
Masagoya,811-0325,Fukuoka Prefecture,"257-5 Katsuma, Higashiku Fukuoka",,$,http://www.tripadvisor.com/Hotel_Review-g298207-d1054037-Reviews-Masagoya-Fukuoka_Fukuoka_Prefecture_Kyushu_Okinawa.html
Hotel Ichiraku,810-0005,Fukuoka Prefecture,"2-5-5 Kiyokawa, Chuoku Fukuoka",148,$,http://www.tripadvisor.com/Hotel_Review-g298207-d1054726-Reviews-Hotel_Ichiraku-Fukuoka_Fukuoka_Prefecture_Kyushu_Okinawa.html
Suihokaku Hotel,812-0884,Fukuoka Prefecture,"3-4-8 Kotobukicho, Hakataku Fukuoka",,,http://www.tripadvisor.com/Hotel_Review-g298207-d1054729-Reviews-Suihokaku_Hotel-Fukuoka_Fukuoka_Prefecture_Kyushu_Okinawa.html
Plaza Hotel Premier,810-0041,Fukuoka Prefecture,"1-14-13 Daimyo, Chuoku Fukuoka",170,$,http://www.tripadvisor.com/Hotel_Review-g298207-d1054754-Reviews-Plaza_Hotel_Premier-Fukuoka_Fukuoka_Prefecture_Kyushu_Okinawa.html
Hotel Route-Inn Hakata Ekiminami,812-0016,Fukuoka Prefecture,"2-8-19 Hakataeki-minami, Hakata-ku Fukuoka",128,$,http://www.tripadvisor.com/Hotel_Review-g298207-d1054757-Reviews-Hotel_Route_Inn_Hakata_Ekiminami-Fukuoka_Fukuoka_Prefecture_Kyushu_Okinawa.html
Richmond Hotel Hakata Station-Side,812-0012,Fukuoka Prefecture,"6-17 Hakataekichuogai, Hakataku Fukuoka",218,$,http://www.tripadvisor.com/Hotel_Review-g298207-d1054780-Reviews-Richmond_Hotel_Hakata_Station_Side-Fukuoka_Fukuoka_Prefecture_Kyushu_Okinawa.html
Yamamoto Ryokan,812-0039,Fukuoka Prefecture,"3-6 Reisenmachi, Hakataku Fukuoka",17,$,http://www.tripadvisor.com/Hotel_Review-g298207-d1054783-Reviews-Yamamoto_Ryokan-Fukuoka_Fukuoka_Prefecture_Kyushu_Okinawa.html
Hotel Sunline Fukuoka Ohori,810-0074,Fukuoka Prefecture,"3-3-14 Otemon, Chuo-ku Fukuoka",77,$,http://www.tripadvisor.com/Hotel_Review-g298207-d1054787-Reviews-Hotel_Sunline_Fukuoka_Ohori-Fukuoka_Fukuoka_Prefecture_Kyushu_Okinawa.html
Ryokan Maidashi,812-0054,Fukuoka Prefecture,"1-15-25 Maidashi, Higashiku Fukuoka",,$,http://www.tripadvisor.com/Hotel_Review-g298207-d1054798-Reviews-Ryokan_Maidashi-Fukuoka_Fukuoka_Prefecture_Kyushu_Okinawa.html
Hotel Eclair Hakata,812-0028,Fukuoka Prefecture,"1-1 Susaki-machi, Hakata-ku Fukuoka",96,$,http://www.tripadvisor.com/Hotel_Review-g298207-d1054800-Reviews-Hotel_Eclair_Hakata-Fukuoka_Fukuoka_Prefecture_Kyushu_Okinawa.html
Hotel Qurega Tenjin,810-0021,Fukuoka Prefecture,"1-22-14 Imaizumi, Chuo-ku Fukuoka",159,$,http://www.tripadvisor.com/Hotel_Review-g298207-d1054992-Reviews-Hotel_Qurega_Tenjin-Fukuoka_Fukuoka_Prefecture_Kyushu_Okinawa.html
Valie Hotel Tenjin,810-0041,Fukuoka Prefecture,"2-8-12 Daimyo, Chuoku Fukuoka",77,$,http://www.tripadvisor.com/Hotel_Review-g298207-d1055000-Reviews-Valie_Hotel_Tenjin-Fukuoka_Fukuoka_Prefecture_Kyushu_Okinawa.html
Richmond Hotel Fukuoka Tenjin,810-0004,Fukuoka Prefecture,"4-8-25 Watanabedori, Chuoku Fukuoka",250,$,http://www.tripadvisor.com/Hotel_Review-g298207-d1055007-Reviews-Richmond_Hotel_Fukuoka_Tenjin-Fukuoka_Fukuoka_Prefecture_Kyushu_Okinawa.html
Hotel Az Fukuokas Wajiro,811-0213,Fukuoka Prefecture,"2-3-1 Wajirogaoka, Higashiku Fukuoka",507,$,http://www.tripadvisor.com/Hotel_Review-g298207-d1055015-Reviews-Hotel_Az_Fukuokas_Wajiro-Fukuoka_Fukuoka_Prefecture_Kyushu_Okinawa.html
Smile Hotel Hakata,812-0022,Fukuoka Prefecture,"3-5 Kamiyamachi, Hakataku Fukuoka",53,$,http://www.tripadvisor.com/Hotel_Review-g298207-d1055020-Reviews-Smile_Hotel_Hakata-Fukuoka_Fukuoka_Prefecture_Kyushu_Okinawa.html
Business Hotel Yukuhashi,824-0031,Fukuoka Prefecture,2-20-15 Nishimiyaichi Yukuhashi,,$,http://www.tripadvisor.com/Hotel_Review-g1022373-d1052190-Reviews-Business_Hotel_Yukuhashi-Yukuhashi_Fukuoka_Prefecture_Kyushu_Okinawa.html
Business Hotel Nishida,824-0008,Fukuoka Prefecture,4-11 Miyaichimachi Yukuhashi,,$,http://www.tripadvisor.com/Hotel_Review-g1022373-d1052192-Reviews-Business_Hotel_Nishida-Yukuhashi_Fukuoka_Prefecture_Kyushu_Okinawa.html
Suokan,824-0011,Fukuoka Prefecture,752-6 Minoshima Yukuhashi,,,http://www.tripadvisor.com/Hotel_Review-g1022373-d1052196-Reviews-Suokan-Yukuhashi_Fukuoka_Prefecture_Kyushu_Okinawa.html
Miyako Hotel,824-0008,Fukuoka Prefecture,9-18 Miyaichimachi Yukuhashi,,$,http://www.tripadvisor.com/Hotel_Review-g1022373-d1052199-Reviews-Miyako_Hotel-Yukuhashi_Fukuoka_Prefecture_Kyushu_Okinawa.html
Apa Hotel Fukuoka Yukuhashi Ekimae,824-0005,Fukuoka Prefecture,3-9-10 Chuo Yukuhashi,74,$,http://www.tripadvisor.com/Hotel_Review-g1022373-d1052205-Reviews-Apa_Hotel_Fukuoka_Yukuhashi_Ekimae-Yukuhashi_Fukuoka_Prefecture_Kyushu_Okinawa.html
Hotel Route Inn Yukuhashi,824-0005,Fukuoka Prefecture,3-5-8 Chuo Yukuhashi,144,$,http://www.tripadvisor.com/Hotel_Review-g1022373-d1052212-Reviews-Hotel_Route_Inn_Yukuhashi-Yukuhashi_Fukuoka_Prefecture_Kyushu_Okinawa.html
Business Hotel Fuji,824-0003,Fukuoka Prefecture,3-11-33 Ohashi Yukuhashi,,,http://www.tripadvisor.com/Hotel_Review-g1022373-d1539289-Reviews-Business_Hotel_Fuji-Yukuhashi_Fukuoka_Prefecture_Kyushu_Okinawa.html
Pension Ringomura,820-0322,Fukuoka Prefecture,1658-2 Hei Kama,,,http://www.tripadvisor.com/Hotel_Review-g1022392-d1053247-Reviews-Pension_Ringomura-Kama_Fukuoka_Prefecture_Kyushu_Okinawa.html
RIHGA Royal Hotel Kokura,802-0001,Fukuoka Prefecture,"2-14-2 Asano, Kokurakita-ku Kitakyushu",295,$$,http://www.tripadvisor.com/Hotel_Review-g303160-d302391-Reviews-RIHGA_Royal_Hotel_Kokura-Kitakyushu_Fukuoka_Prefecture_Kyushu_Okinawa.html
Station Hotel Kokura,802-0001,Fukuoka Prefecture,1-1-1 Asano Kitakyushu,294,$,http://www.tripadvisor.com/Hotel_Review-g303160-d482255-Reviews-Station_Hotel_Kokura-Kitakyushu_Fukuoka_Prefecture_Kyushu_Okinawa.html
Kokura Tokyu Inn,802-0081,Fukuoka Prefecture,"8-5 Konya-cho , Kokurakita-ku Kitakyushu",190,$,http://www.tripadvisor.com/Hotel_Review-g303160-d505443-Reviews-Kokura_Tokyu_Inn-Kitakyushu_Fukuoka_Prefecture_Kyushu_Okinawa.html
Kitakyushu Daiichi Hotel,802-0081,Fukuoka Prefecture,11-20 Konyamachi Kokura Kita-ku Kitakyushu,102,$,http://www.tripadvisor.com/Hotel_Review-g303160-d583627-Reviews-Kitakyushu_Daiichi_Hotel-Kitakyushu_Fukuoka_Prefecture_Kyushu_Okinawa.html
Business Hotel Moji,800-0025,Fukuoka Prefecture,"2-2-13 Yanagimachi, Yushimojiku Kitakyushu",,$,http://www.tripadvisor.com/Hotel_Review-g303160-d1053403-Reviews-Business_Hotel_Moji-Kitakyushu_Fukuoka_Prefecture_Kyushu_Okinawa.html
Shohakuen Hotel,802-0022,Fukuoka Prefecture,"4-1-25 Kamitomino, Yushikokurakitaku Kitakyushu",,$,http://www.tripadvisor.com/Hotel_Review-g303160-d1053405-Reviews-Shohakuen_Hotel-Kitakyushu_Fukuoka_Prefecture_Kyushu_Okinawa.html
Kanpo no Yado Kita-Kyushu,808-0123,Fukuoka Prefecture,"2829 Arige, Yushiwakamatsuku Kitakyushu",,$,http://www.tripadvisor.com/Hotel_Review-g303160-d1053408-Reviews-Kanpo_no_Yado_Kita_Kyushu-Kitakyushu_Fukuoka_Prefecture_Kyushu_Okinawa.html
Hotel New Tagawa,802-0082,Fukuoka Prefecture,"3-46 Furusenbamachi, Yushikokurakitaku Kitakyushu",89,$,http://www.tripadvisor.com/Hotel_Review-g303160-d1053422-Reviews-Hotel_New_Tagawa-Kitakyushu_Fukuoka_Prefecture_Kyushu_Okinawa.html
Business Hotel Yanagi,802-0001,Fukuoka Prefecture,2-12-33 Asano Kokurakitaku Kitakyushu,43,$,http://www.tripadvisor.com/Hotel_Review-g303160-d1053424-Reviews-Business_Hotel_Yanagi-Kitakyushu_Fukuoka_Prefecture_Kyushu_Okinawa.html
Nishi-Nihon Family Kenko Centre Barpas,802-0017,Fukuoka Prefecture,"2-3 Meiwa-machi, Yushikokurakitaku Kitakyushu",,,http://www.tripadvisor.com/Hotel_Review-g303160-d1053429-Reviews-Nishi_Nihon_Family_Kenko_Centre_Barpas-Kitakyushu_Fukuoka_Prefecture_Kyushu_Okinawa.html
Hotel Pearl City Kurosaki,806-0021,Fukuoka Prefecture,"3-7-7 Kurosaki, Yahatanishiku Kitakyushu",85,$,http://www.tripadvisor.com/Hotel_Review-g303160-d1053435-Reviews-Hotel_Pearl_City_Kurosaki-Kitakyushu_Fukuoka_Prefecture_Kyushu_Okinawa.html
Hobashira,805-0061,Fukuoka Prefecture,"2-7-17 Nishihonmachi, Yahatahigashiku Kitakyushu",,$,http://www.tripadvisor.com/Hotel_Review-g303160-d1053439-Reviews-Hobashira-Kitakyushu_Fukuoka_Prefecture_Kyushu_Okinawa.html
Greenland Kokura,802-0002,Fukuoka Prefecture,"2-1-7 Kyomachi, Kokurakitaku Kitakyushu",,$,http://www.tripadvisor.com/Hotel_Review-g303160-d1053440-Reviews-Greenland_Kokura-Kitakyushu_Fukuoka_Prefecture_Kyushu_Okinawa.html
Kokura Recent Hotel,803-0811,Fukuoka Prefecture,"1-1-17 Daimon, Kokurakitaku Kitakyushu",55,$,http://www.tripadvisor.com/Hotel_Review-g303160-d1053441-Reviews-Kokura_Recent_Hotel-Kitakyushu_Fukuoka_Prefecture_Kyushu_Okinawa.html
Hakusuian,801-0861,Fukuoka Prefecture,"2-13-33 Nagatani, Mojiku Kitakyushu",,,http://www.tripadvisor.com/Hotel_Review-g303160-d1053442-Reviews-Hakusuian-Kitakyushu_Fukuoka_Prefecture_Kyushu_Okinawa.html
Mekarisanso,801-0855,Fukuoka Prefecture,"3270-8-3 Moji, Mojiku Kitakyushu",,,http://www.tripadvisor.com/Hotel_Review-g303160-d1053444-Reviews-Mekarisanso-Kitakyushu_Fukuoka_Prefecture_Kyushu_Okinawa.html
Station Front Inn Kurosaki,806-0021,Fukuoka Prefecture,"3-7-19 Kurosaki, Yahatanishiku Kitakyushu",,$,http://www.tripadvisor.com/Hotel_Review-g303160-d1053802-Reviews-Station_Front_Inn_Kurosaki-Kitakyushu_Fukuoka_Prefecture_Kyushu_Okinawa.html
Kaneyasu,808-0123,Fukuoka Prefecture,"2464 Arige, Wakamatsuku Kitakyushu",,$$,http://www.tripadvisor.com/Hotel_Review-g303160-d1053803-Reviews-Kaneyasu-Kitakyushu_Fukuoka_Prefecture_Kyushu_Okinawa.html
Hotel Harmonie Cinq,803-0814,Fukuoka Prefecture,12-3 Otemachi Kokurakitaku Kitakyushu,95,$,http://www.tripadvisor.com/Hotel_Review-g303160-d1053805-Reviews-Hotel_Harmonie_Cinq-Kitakyushu_Fukuoka_Prefecture_Kyushu_Okinawa.html
Business Hotel Senboso,804-0053,Fukuoka Prefecture,"2-5-9 Makiyama, Tobata-ku Kitakyushu",,$,http://www.tripadvisor.com/Hotel_Review-g303160-d1053806-Reviews-Business_Hotel_Senboso-Kitakyushu_Fukuoka_Prefecture_Kyushu_Okinawa.html
Toyoko Inn Kokuraeki Minamiguchi,802-0002,Fukuoka Prefecture,"3-14-6 Kyomachi, Kokurakitaku Kitakyushu",,$,http://www.tripadvisor.com/Hotel_Review-g303160-d1053807-Reviews-Toyoko_Inn_Kokuraeki_Minamiguchi-Kitakyushu_Fukuoka_Prefecture_Kyushu_Okinawa.html
Nishitetsu Inn Kurosaki,806-0021,Fukuoka Prefecture,"3-15-3 Kurosaki, Yahatanishiku Kitakyushu",187,$,http://www.tripadvisor.com/Hotel_Review-g303160-d1053810-Reviews-Nishitetsu_Inn_Kurosaki-Kitakyushu_Fukuoka_Prefecture_Kyushu_Okinawa.html
Sunsky Hotel,802-0038,Fukuoka Prefecture,"2-1 Shinkocho, Kokurakita-ku Kitakyushu",165,$,http://www.tripadvisor.com/Hotel_Review-g303160-d1053811-Reviews-Sunsky_Hotel-Kitakyushu_Fukuoka_Prefecture_Kyushu_Okinawa.html
JR Kyushu Hotel Kokura,802-0001,Fukuoka Prefecture,"1-3-6 Asano, Kokurakitaku Kitakyushu",187,$,http://www.tripadvisor.com/Hotel_Review-g303160-d1053813-Reviews-JR_Kyushu_Hotel_Kokura-Kitakyushu_Fukuoka_Prefecture_Kyushu_Okinawa.html
Asano Hotel,802-0001,Fukuoka Prefecture,"2-9-6 Asano, Kokurakitaku Kitakyushu",,$,http://www.tripadvisor.com/Hotel_Review-g303160-d1053814-Reviews-Asano_Hotel-Kitakyushu_Fukuoka_Prefecture_Kyushu_Okinawa.html
Shifuku,801-0852,Fukuoka Prefecture,"1-23 Minatomachi, Mojiku Kitakyushu",,,http://www.tripadvisor.com/Hotel_Review-g303160-d1053815-Reviews-Shifuku-Kitakyushu_Fukuoka_Prefecture_Kyushu_Okinawa.html
Kitakyushu Hotel Plaza,802-0004,Fukuoka Prefecture,"1-9-8 Kajimachi, Kokurakita-ku Kitakyushu",313,$,http://www.tripadvisor.com/Hotel_Review-g303160-d1053816-Reviews-Kitakyushu_Hotel_Plaza-Kitakyushu_Fukuoka_Prefecture_Kyushu_Okinawa.html
Business Hotel Hatsune,804-0066,Fukuoka Prefecture,"9-10 Hatsunecho, Tobataku Kitakyushu",,,http://www.tripadvisor.com/Hotel_Review-g303160-d1053882-Reviews-Business_Hotel_Hatsune-Kitakyushu_Fukuoka_Prefecture_Kyushu_Okinawa.html
Nishitetsu Inn Kokura,802-0003,Fukuoka Prefecture,"1-4-11 Komemachi, Kokurakitaku Kitakyushu",570,$,http://www.tripadvisor.com/Hotel_Review-g303160-d1053883-Reviews-Nishitetsu_Inn_Kokura-Kitakyushu_Fukuoka_Prefecture_Kyushu_Okinawa.html
Bokaiso,808-0123,Fukuoka Prefecture,"2392-3 Arige, Wakamatsuku Kitakyushu",,,http://www.tripadvisor.com/Hotel_Review-g303160-d1053884-Reviews-Bokaiso-Kitakyushu_Fukuoka_Prefecture_Kyushu_Okinawa.html
Arban Hotel Kajimachi,802-0004,Fukuoka Prefecture,"1-5-13 Kajimachi, Kokurakitaku Kitakyushu",,$,http://www.tripadvisor.com/Hotel_Review-g303160-d1053886-Reviews-Arban_Hotel_Kajimachi-Kitakyushu_Fukuoka_Prefecture_Kyushu_Okinawa.html
Business Hotel Aoba,802-0002,Fukuoka Prefecture,"2-4-8 Kyomachi, Kokurakitaku Kitakyushu",,,http://www.tripadvisor.com/Hotel_Review-g303160-d1053889-Reviews-Business_Hotel_Aoba-Kitakyushu_Fukuoka_Prefecture_Kyushu_Okinawa.html
Hotel Santoku,805-0019,Fukuoka Prefecture,"2-22-7 Chuo, Yahatahigashiku Kitakyushu",,$,http://www.tripadvisor.com/Hotel_Review-g303160-d1053890-Reviews-Hotel_Santoku-Kitakyushu_Fukuoka_Prefecture_Kyushu_Okinawa.html
Hotel Route-Inn Kita-Kyushu Wakamatsu Ekihigashi,808-0034,Fukuoka Prefecture,"3-6-6 Hommachi, Wakamatsuku Kitakyushu",,$,http://www.tripadvisor.com/Hotel_Review-g303160-d1053891-Reviews-Hotel_Route_Inn_Kita_Kyushu_Wakamatsu_Ekihigashi-Kitakyushu_Fukuoka_Prefecture_Kyushu_.html
Chigusa Hotel,805-0061,Fukuoka Prefecture,"1-1-1 Nishihonmachi, Yahatahigashiku Kitakyushu",23,$,http://www.tripadvisor.com/Hotel_Review-g303160-d1053894-Reviews-Chigusa_Hotel-Kitakyushu_Fukuoka_Prefecture_Kyushu_Okinawa.html
Kamenoi Hotel,805-0071,Fukuoka Prefecture,1-7-7 Higashida Yahatahigashi-ku Kitakyushu,,$,http://www.tripadvisor.com/Hotel_Review-g303160-d1053897-Reviews-Kamenoi_Hotel-Kitakyushu_Fukuoka_Prefecture_Kyushu_Okinawa.html
Hotel Port Moji,801-0863,Fukuoka Prefecture,11-29 Sakaemachi Mojiku Kitakyushu,42,$,http://www.tripadvisor.com/Hotel_Review-g303160-d1053900-Reviews-Hotel_Port_Moji-Kitakyushu_Fukuoka_Prefecture_Kyushu_Okinawa.html
Mutsumi Kanmonso,801-0833,Fukuoka Prefecture,"4-1-13 Kiyotaki, Mojiku Kitakyushu",,$,http://www.tripadvisor.com/Hotel_Review-g303160-d1053902-Reviews-Mutsumi_Kanmonso-Kitakyushu_Fukuoka_Prefecture_Kyushu_Okinawa.html
Rico Hotel Kokura,802-0008,Fukuoka Prefecture,"3-31 Sendomachi, Kokurakitaku Kitakyushu",,$,http://www.tripadvisor.com/Hotel_Review-g303160-d1053904-Reviews-Rico_Hotel_Kokura-Kitakyushu_Fukuoka_Prefecture_Kyushu_Okinawa.html
Hotel Route-Inn Mojiko,801-0841,Fukuoka Prefecture,"2-11-2 Nishikaigan, Moji-ku Kitakyushu",,$,http://www.tripadvisor.com/Hotel_Review-g303160-d1053906-Reviews-Hotel_Route_Inn_Mojiko-Kitakyushu_Fukuoka_Prefecture_Kyushu_Okinawa.html
Apa Hotel Kokura Ekimae,802-0001,Fukuoka Prefecture,"2-14-65 Asano, Kokurakitaku Kitakyushu",196,$,http://www.tripadvisor.com/Hotel_Review-g303160-d1053909-Reviews-Apa_Hotel_Kokura_Ekimae-Kitakyushu_Fukuoka_Prefecture_Kyushu_Okinawa.html
Hotel 1-2-3 Kokura,802-0082,Fukuoka Prefecture,"1-1 Furusenba-machi, Kokurakita-ku Kitakyushu",110,$,http://www.tripadvisor.com/Hotel_Review-g303160-d1053910-Reviews-Hotel_1_2_3_Kokura-Kitakyushu_Fukuoka_Prefecture_Kyushu_Okinawa.html
Hotel Crown Palace Kokura,802-0077,Fukuoka Prefecture,"1-2-1 Bashaku, Kokurakita-ku Kitakyushu",90,$,http://www.tripadvisor.com/Hotel_Review-g303160-d1053914-Reviews-Hotel_Crown_Palace_Kokura-Kitakyushu_Fukuoka_Prefecture_Kyushu_Okinawa.html
Hotel Relief Kokura Ekimae,802-0002,Fukuoka Prefecture,"3-6-1 Kyo-machi, Kokurakita-ku Kitakyushu",,$,http://www.tripadvisor.com/Hotel_Review-g303160-d1053917-Reviews-Hotel_Relief_Kokura_Ekimae-Kitakyushu_Fukuoka_Prefecture_Kyushu_Okinawa.html
Fuji Business Hotel,806-0021,Fukuoka Prefecture,"2-8-21 Kurosaki, Yahatanishiku Kitakyushu",,,http://www.tripadvisor.com/Hotel_Review-g303160-d1053922-Reviews-Fuji_Business_Hotel-Kitakyushu_Fukuoka_Prefecture_Kyushu_Okinawa.html
Kita-Kyushu Yahata Royal Hotel,805-0002,Fukuoka Prefecture,"1-1-1 Edamitsu, Yahatahigashiku Kitakyushu",294,$,http://www.tripadvisor.com/Hotel_Review-g303160-d1053930-Reviews-Kita_Kyushu_Yahata_Royal_Hotel-Kitakyushu_Fukuoka_Prefecture_Kyushu_Okinawa.html
Yutaka Business Hotel,802-0001,Fukuoka Prefecture,"2-13-22 Asano, Kokurakitaku Kitakyushu",,$,http://www.tripadvisor.com/Hotel_Review-g303160-d1053932-Reviews-Yutaka_Business_Hotel-Kitakyushu_Fukuoka_Prefecture_Kyushu_Okinawa.html
Hotel Nakahara,801-0833,Fukuoka Prefecture,"5-4-4 Kiyotaki, Moji-ku Kitakyushu",,,http://www.tripadvisor.com/Hotel_Review-g303160-d1072003-Reviews-Hotel_Nakahara-Kitakyushu_Fukuoka_Prefecture_Kyushu_Okinawa.html
Ryokan Ishii,802-0082,Fukuoka Prefecture,"6-21 Furusenba-machi, Kokurakita-ku Kitakyushu",,,http://www.tripadvisor.com/Hotel_Review-g303160-d1072006-Reviews-Ryokan_Ishii-Kitakyushu_Fukuoka_Prefecture_Kyushu_Okinawa.html
Hotel Azueru Kokura,802-0004,Fukuoka Prefecture,"1-8-3 Kajimachi, Kokurakita-ku Kitakyushu",,,http://www.tripadvisor.com/Hotel_Review-g303160-d1084516-Reviews-Hotel_Azueru_Kokura-Kitakyushu_Fukuoka_Prefecture_Kyushu_Okinawa.html
Hotel Crown Palais Kitakyushu,806-0035,Fukuoka Prefecture,"3-1 Higashimagarimachi, Yahatanishi-ku Kitakyushu",220,$,http://www.tripadvisor.com/Hotel_Review-g303160-d1084525-Reviews-Hotel_Crown_Palais_Kitakyushu-Kitakyushu_Fukuoka_Prefecture_Kyushu_Okinawa.html
Weekly Hotel Kantake,802-0016,Fukuoka Prefecture,"2-11-22 Usamachi, Kokurakita-ku Kitakyushu",,$,http://www.tripadvisor.com/Hotel_Review-g303160-d1086116-Reviews-Weekly_Hotel_Kantake-Kitakyushu_Fukuoka_Prefecture_Kyushu_Okinawa.html
Kokura Bay Hotel Daiichi,802-0001,Fukuoka Prefecture,"2-17-31 Asano, Kokurakita-ku Kitakyushu",92,$,http://www.tripadvisor.com/Hotel_Review-g303160-d1086138-Reviews-Kokura_Bay_Hotel_Daiichi-Kitakyushu_Fukuoka_Prefecture_Kyushu_Okinawa.html
Space Lodge,805-0071,Fukuoka Prefecture,"4-1-1 Higashida, Yahatahigashi-ku Kitakyushu",,$$,http://www.tripadvisor.com/Hotel_Review-g303160-d1087846-Reviews-Space_Lodge-Kitakyushu_Fukuoka_Prefecture_Kyushu_Okinawa.html
Comfort Hotel Kokura,802-0001,Fukuoka Prefecture,"2-6-21 Asano, Kokurakita-ku Kitakyushu",216,$,http://www.tripadvisor.com/Hotel_Review-g303160-d1097655-Reviews-Comfort_Hotel_Kokura-Kitakyushu_Fukuoka_Prefecture_Kyushu_Okinawa.html
Mojiko Hotel,801-8503,Fukuoka Prefecture,9-11 Minatomachi Mojiku Kitakyushu,134,$,http://www.tripadvisor.com/Hotel_Review-g303160-d1118505-Reviews-Mojiko_Hotel-Kitakyushu_Fukuoka_Prefecture_Kyushu_Okinawa.html
Kitakyushu Track Station,803-0802,Fukuoka Prefecture,"1-3 Higashiko, Kokurakitaku Kitakyushu",,,http://www.tripadvisor.com/Hotel_Review-g303160-d1145043-Reviews-Kitakyushu_Track_Station-Kitakyushu_Fukuoka_Prefecture_Kyushu_Okinawa.html
Kitakyushu Heights,807-0841,Fukuoka Prefecture,"1-1 Matobamachi, Yawata Noshi-ku Kitakyushu",,,http://www.tripadvisor.com/Hotel_Review-g303160-d1146137-Reviews-Kitakyushu_Heights-Kitakyushu_Fukuoka_Prefecture_Kyushu_Okinawa.html
Comfort Hotel Kurosaki,806-0021,Fukuoka Prefecture,"3-13-13 Kurosaki, Yahatanishi-ku Kitakyushu",151,$,http://www.tripadvisor.com/Hotel_Review-g303160-d1426164-Reviews-Comfort_Hotel_Kurosaki-Kitakyushu_Fukuoka_Prefecture_Kyushu_Okinawa.html
Toyoko Inn Kitakyushu Kuko,800-0306,Fukuoka Prefecture,"2-4 Kukokitamachi, Kokuraminami-ku Kitakyushu",119,$,http://www.tripadvisor.com/Hotel_Review-g303160-d1497081-Reviews-Toyoko_Inn_Kitakyushu_Kuko-Kitakyushu_Fukuoka_Prefecture_Kyushu_Okinawa.html
Arc Inn Kurosaki,806-0021 ,Fukuoka Prefecture,"3-2-1 Kurosaki, Yahatanishi-ku Kitakyushu",,$,http://www.tripadvisor.com/Hotel_Review-g303160-d1526758-Reviews-Arc_Inn_Kurosaki-Kitakyushu_Fukuoka_Prefecture_Kyushu_Okinawa.html
Arc Inn Kurosaki Plus,806-0021,Fukuoka Prefecture,"2-10-2 Kurosaki, Yahatanishi-ku Kitakyushu",,$,http://www.tripadvisor.com/Hotel_Review-g303160-d1544224-Reviews-Arc_Inn_Kurosaki_Plus-Kitakyushu_Fukuoka_Prefecture_Kyushu_Okinawa.html
Taisei Ryokan,802-0002,Fukuoka Prefecture,"1-2-18 Kyomachi, Kokurakirta-ku Kitakyushu",,$,http://www.tripadvisor.com/Hotel_Review-g303160-d1544232-Reviews-Taisei_Ryokan-Kitakyushu_Fukuoka_Prefecture_Kyushu_Okinawa.html
Super Hotel Kokura-eki Minamiguchi,802-0002,Fukuoka Prefecture,1-6-34 Kyomachi Kokura Kita-ku Kitakyushu,,$,http://www.tripadvisor.com/Hotel_Review-g303160-d1775503-Reviews-Super_Hotel_Kokura_eki_Minamiguchi-Kitakyushu_Fukuoka_Prefecture_Kyushu_Okinawa.html
Hisaya Ryokan,808-0024,Fukuoka Prefecture,1-10-11 Hamamachi Wakamatsu-ku Kitakyushu,,$,http://www.tripadvisor.com/Hotel_Review-g303160-d1863049-Reviews-Hisaya_Ryokan-Kitakyushu_Fukuoka_Prefecture_Kyushu_Okinawa.html
Toyoko Inn Kokura-eki Shinkansen-guchi,802-0001,Fukuoka Prefecture,2-18-18 Asano Kokurakita-ku Kitakyushu,,$,http://www.tripadvisor.com/Hotel_Review-g303160-d1863050-Reviews-Toyoko_Inn_Kokura_eki_Shinkansen_guchi-Kitakyushu_Fukuoka_Prefecture_Kyushu_Okinawa.html
Kamenoi Hotel Ktakyushu Kokura,803-0801,Fukuoka Prefecture,30-7 Nishiminatomachi Kokurakita-ku Kitakyushu,,$,http://www.tripadvisor.com/Hotel_Review-g303160-d1863052-Reviews-Kamenoi_Hotel_Ktakyushu_Kokura-Kitakyushu_Fukuoka_Prefecture_Kyushu_Okinawa.html
Tsukasa ryokan,801-0863,Fukuoka Prefecture,"8-14 Sakaemachi, Mojiku Kitakyushu",,$,http://www.tripadvisor.com/Hotel_Review-g303160-d1881190-Reviews-Tsukasa_ryokan-Kitakyushu_Fukuoka_Prefecture_Kyushu_Okinawa.html
Moji Kaiin Kaikan,801-0854,Fukuoka Prefecture,"2-4-3 Kyumoji, Mojiku Kitakyushu",,,http://www.tripadvisor.com/Hotel_Review-g303160-d1881192-Reviews-Moji_Kaiin_Kaikan-Kitakyushu_Fukuoka_Prefecture_Kyushu_Okinawa.html
Long stay hotel Kokura,802-0081,Fukuoka Prefecture,"12-16 Konyamachi, Kokurakitaku Kitakyushu",,,http://www.tripadvisor.com/Hotel_Review-g303160-d1881194-Reviews-Long_stay_hotel_Kokura-Kitakyushu_Fukuoka_Prefecture_Kyushu_Okinawa.html
Escale Tobata,804-0076,Fukuoka Prefecture,2-6-40 Ginza Tabata-ku Kitakyushu,,$,http://www.tripadvisor.com/Hotel_Review-g303160-d1912447-Reviews-Escale_Tobata-Kitakyushu_Fukuoka_Prefecture_Kyushu_Okinawa.html
Tsukushino,807-0834 ,Fukuoka Prefecture,12-23 Kitatakamimachi Yahatanoshicho Kitakyushu,,,http://www.tripadvisor.com/Hotel_Review-g303160-d2027878-Reviews-Tsukushino-Kitakyushu_Fukuoka_Prefecture_Kyushu_Okinawa.html
Kinokuniya hotel,806-0028,Fukuoka Prefecture,"1-1-43 Kumade, Yahatanishi-ku Kitakyushu",,$,http://www.tripadvisor.com/Hotel_Review-g303160-d2526927-Reviews-Kinokuniya_hotel-Kitakyushu_Fukuoka_Prefecture_Kyushu_Okinawa.html
Kamenoi Hotel Kitakyushu Shinmojiko,800-0114,Fukuoka Prefecture,1-25-5 Kishi Moji-ku Kitakyushu,89,$,http://www.tripadvisor.com/Hotel_Review-g303160-d2653626-Reviews-Kamenoi_Hotel_Kitakyushu_Shinmojiko-Kitakyushu_Fukuoka_Prefecture_Kyushu_Okinawa.html
Moji Port,800-0063,Fukuoka Prefecture,"3-13-26 Dairihommachi, Moji-ku Kitakyushu",24,$,http://www.tripadvisor.com/Hotel_Review-g303160-d2653983-Reviews-Moji_Port-Kitakyushu_Fukuoka_Prefecture_Kyushu_Okinawa.html
Ail Inn Kokura,802-0002,Fukuoka Prefecture,1-6-31 Kyomachi Kokurakita-ku Kitakyushu,,$,http://www.tripadvisor.com/Hotel_Review-g303160-d3154640-Reviews-Ail_Inn_Kokura-Kitakyushu_Fukuoka_Prefecture_Kyushu_Okinawa.html
Guest House Aloha Spirit Kitakyushu,805-0056,Fukuoka Prefecture,"1481-1-3 Okura Heigen, Yawata Higashi-ku Kitakyushu",,$,http://www.tripadvisor.com/Hotel_Review-g303160-d4446071-Reviews-Guest_House_Aloha_Spirit_Kitakyushu-Kitakyushu_Fukuoka_Prefecture_Kyushu_Okinawa.html
Family Lodge Hatagoya Kitakyushu Yahata,807-0872,Fukuoka Prefecture,"1-19-20 Asakawa, Yahatanishi-ku Kitakyushu",,,http://www.tripadvisor.com/Hotel_Review-g303160-d6365616-Reviews-Family_Lodge_Hatagoya_Kitakyushu_Yahata-Kitakyushu_Fukuoka_Prefecture_Kyushu_Okinawa.html
HOTEL AZ Kitakyushu-wakamatsu,808-0103,Fukuoka Prefecture,"1-4-20 Futajima, Wakamatsu-ku Kitakyushu",,$,http://www.tripadvisor.com/Hotel_Review-g303160-d6456810-Reviews-HOTEL_AZ_Kitakyushu_wakamatsu-Kitakyushu_Fukuoka_Prefecture_Kyushu_Okinawa.html
Fukuoka Guesthouse Little Asia Kokura,802-0005,Fukuoka Prefecture,"1-5-15_Sakaimachi, Kita-Ku Kitakyushu",,$,http://www.tripadvisor.com/Hotel_Review-g303160-d6638238-Reviews-Fukuoka_Guesthouse_Little_Asia_Kokura-Kitakyushu_Fukuoka_Prefecture_Kyushu_Okinawa.html
Hotel Chikujyokan,828-0021,Fukuoka Prefecture,1665-1 Hachiya Buzen,,,http://www.tripadvisor.com/Hotel_Review-g1022374-d5208290-Reviews-Hotel_Chikujyokan-Buzen_Fukuoka_Prefecture_Kyushu_Okinawa.html
Funagoya Betso,835-0007,Fukuoka Prefecture,1654-1 Setakamachinagata Miyama,,,http://www.tripadvisor.com/Hotel_Review-g1022393-d1052821-Reviews-Funagoya_Betso-Miyama_Fukuoka_Prefecture_Kyushu_Okinawa.html
Runowaru Youth Hostel,835-0024,Fukuoka Prefecture,1380-3 Setakamachi Shimonosho Miyama,,,http://www.tripadvisor.com/Hotel_Review-g1022393-d6023743-Reviews-Runowaru_Youth_Hostel-Miyama_Fukuoka_Prefecture_Kyushu_Okinawa.html
B&B Guest House Dazaifu,818-0111 ,Fukuoka Prefecture,1-18-1 Sanjo Dazaifu,,,http://www.tripadvisor.com/Hotel_Review-g325587-d584874-Reviews-B_B_Guest_House_Dazaifu-Dazaifu_Fukuoka_Prefecture_Kyushu_Okinawa.html
Masuya Dong,818-0132,Fukuoka Prefecture,2-2-7-1 Kokubu Dazaifu,,,http://www.tripadvisor.com/Hotel_Review-g325587-d1053264-Reviews-Masuya_Dong-Dazaifu_Fukuoka_Prefecture_Kyushu_Okinawa.html
Route Inn Grantia Dazaifu,818-0119,Fukuoka Prefecture,3-8-1 Rengaya Dazaifu,17,$$,http://www.tripadvisor.com/Hotel_Review-g325587-d1097659-Reviews-Route_Inn_Grantia_Dazaifu-Dazaifu_Fukuoka_Prefecture_Kyushu_Okinawa.html
Gyokusenkan,818-0058,Fukuoka Prefecture,2-2-1 Yumachi Chikushino,,,http://www.tripadvisor.com/Hotel_Review-g1022378-d1053265-Reviews-Gyokusenkan-Chikushino_Fukuoka_Prefecture_Kyushu_Okinawa.html
Shukuhaku no Tenpai,818-0066,Fukuoka Prefecture,1024-1 Nagaoka Chikushino,,,http://www.tripadvisor.com/Hotel_Review-g1022378-d1053266-Reviews-Shukuhaku_no_Tenpai-Chikushino_Fukuoka_Prefecture_Kyushu_Okinawa.html
Futsukaichi Green Hotel,818-0072,Fukuoka Prefecture,2-7-25 Futsukaichichuo Chikushino,,$,http://www.tripadvisor.com/Hotel_Review-g1022378-d1053267-Reviews-Futsukaichi_Green_Hotel-Chikushino_Fukuoka_Prefecture_Kyushu_Okinawa.html
Daimaru Betso,818-0058,Fukuoka Prefecture,1-20-1 Yumachi Chikushino,41,$$$,http://www.tripadvisor.com/Hotel_Review-g1022378-d1053268-Reviews-Daimaru_Betso-Chikushino_Fukuoka_Prefecture_Kyushu_Okinawa.html
Weekly Inn Futsukaichi,818-0051,Fukuoka Prefecture,2-4-18 Futsukaichi-chuo Chikushino,,$,http://www.tripadvisor.com/Hotel_Review-g1022378-d1053271-Reviews-Weekly_Inn_Futsukaichi-Chikushino_Fukuoka_Prefecture_Kyushu_Okinawa.html
Ivy Hotel Chikushino,818-0058,Fukuoka Prefecture,1-14-3 Yumachi Chikushino,42,$,http://www.tripadvisor.com/Hotel_Review-g1022378-d1053272-Reviews-Ivy_Hotel_Chikushino-Chikushino_Fukuoka_Prefecture_Kyushu_Okinawa.html
Daikanso,818-0058,Fukuoka Prefecture,1-12-1 Yumachi Chikushino,,$$,http://www.tripadvisor.com/Hotel_Review-g1022378-d1084508-Reviews-Daikanso-Chikushino_Fukuoka_Prefecture_Kyushu_Okinawa.html
Ogiya Ryokan,818-0058,Fukuoka Prefecture,2-5-7 Yumachi Chikushino,,$,http://www.tripadvisor.com/Hotel_Review-g1022378-d1539355-Reviews-Ogiya_Ryokan-Chikushino_Fukuoka_Prefecture_Kyushu_Okinawa.html
Purple Hotel In Futsukaichi,818-0058,Fukuoka Prefecture,2-5-6 Yumachi Chikushino,33,$,http://www.tripadvisor.com/Hotel_Review-g1022378-d1772697-Reviews-Purple_Hotel_In_Futsukaichi-Chikushino_Fukuoka_Prefecture_Kyushu_Okinawa.html
Sasaguri Kanko Hotel Beizan,811-2405,Fukuoka Prefecture,2963-38 Sasaguri Sasaguri-machi,,,http://www.tripadvisor.com/Hotel_Review-g1121468-d1133476-Reviews-Sasaguri_Kanko_Hotel_Beizan-Sasaguri_machi_Kasuya_gun_Fukuoka_Prefecture_Kyushu_Okina.html
Kanyonoyu Kamenoya,811-2405,Fukuoka Prefecture,3053-8 Sasaguri Sasaguri-machi,,$$,http://www.tripadvisor.com/Hotel_Review-g1121468-d1170954-Reviews-Kanyonoyu_Kamenoya-Sasaguri_machi_Kasuya_gun_Fukuoka_Prefecture_Kyushu_Okinawa.html
Masuya ryokan,811-2413,Fukuoka Prefecture,38-57 Onaka Sasaguri-machi,,$,http://www.tripadvisor.com/Hotel_Review-g1121468-d1881168-Reviews-Masuya_ryokan-Sasaguri_machi_Kasuya_gun_Fukuoka_Prefecture_Kyushu_Okinawa.html
Sakaeya ryokan,811-2405,Fukuoka Prefecture,2146 Sasaguri Sasaguri-machi,,$$,http://www.tripadvisor.com/Hotel_Review-g1121468-d1881171-Reviews-Sakaeya_ryokan-Sasaguri_machi_Kasuya_gun_Fukuoka_Prefecture_Kyushu_Okinawa.html
Ebisuya,811-2405,Fukuoka Prefecture,4782 Sasaguri Sasaguri-machi,,,http://www.tripadvisor.com/Hotel_Review-g1121468-d1881172-Reviews-Ebisuya-Sasaguri_machi_Kasuya_gun_Fukuoka_Prefecture_Kyushu_Okinawa.html
Marumiya Ryokan,811-2405,Fukuoka Prefecture,2752 Sasaguri Sasaguri-machi,,,http://www.tripadvisor.com/Hotel_Review-g1121468-d3571346-Reviews-Marumiya_Ryokan-Sasaguri_machi_Kasuya_gun_Fukuoka_Prefecture_Kyushu_Okinawa.html
Fukuoka International Hotel,811-2221,Fukuoka Prefecture,"361-1 Tabiishi, Sue-machi Sue-machi",,,http://www.tripadvisor.com/Hotel_Review-g1121470-d3687034-Reviews-Fukuoka_International_Hotel-Sue_machi_Kasuya_gun_Fukuoka_Prefecture_Kyushu_Okinawa.html
Lakeside Hotel Hisayama,811-2501,Fukuoka Prefecture,1822 Kubara Hisayama-machi,,$,http://www.tripadvisor.com/Hotel_Review-g1121472-d1544086-Reviews-Lakeside_Hotel_Hisayama-Hisayama_machi_Kasuya_gun_Fukuoka_Prefecture_Kyushu_Okinawa.html
Rokan Gojyo,830-0016,Fukuoka Prefecture,2-25 Torihigashi-machi Kurume,,,http://www.tripadvisor.com/Hotel_Review-g1022364-d1052842-Reviews-Rokan_Gojyo-Kurume_Fukuoka_Prefecture_Kyushu_Okinawa.html
Toyoko Inn Nishitetsu Kurumeeki Higashiguchi,830-0033,Fukuoka Prefecture,3-93-4 Tenjin Kurume,200,$,http://www.tripadvisor.com/Hotel_Review-g1022364-d1052852-Reviews-Toyoko_Inn_Nishitetsu_Kurumeeki_Higashiguchi-Kurume_Fukuoka_Prefecture_Kyushu_Okinawa.html
Highness Hotel Kurume,830-0033,Fukuoka Prefecture,1-6 Tenjinmachi Kurume,,$,http://www.tripadvisor.com/Hotel_Review-g1022364-d1052859-Reviews-Highness_Hotel_Kurume-Kurume_Fukuoka_Prefecture_Kyushu_Okinawa.html
Kinsui,839-0862,Fukuoka Prefecture,135-36 Nonakamachi Kurume,,$,http://www.tripadvisor.com/Hotel_Review-g1022364-d1052860-Reviews-Kinsui-Kurume_Fukuoka_Prefecture_Kyushu_Okinawa.html
Hotel New Plaza Kurume,830-0031,Fukuoka Prefecture,16-1 Mutsumon-machi Kurume,266,$,http://www.tripadvisor.com/Hotel_Review-g1022364-d1052865-Reviews-Hotel_New_Plaza_Kurume-Kurume_Fukuoka_Prefecture_Kyushu_Okinawa.html
Green Rich Hotel Kurume,830-0017,Fukuoka Prefecture,18 Hiyoshimachi Kurume,145,$,http://www.tripadvisor.com/Hotel_Review-g1022364-d1052869-Reviews-Green_Rich_Hotel_Kurume-Kurume_Fukuoka_Prefecture_Kyushu_Okinawa.html
Kanko Hotel Kobayashiso,839-1225,Fukuoka Prefecture,2251-2 Sugahara Tanushimaru-machi Kurume,,$$$,http://www.tripadvisor.com/Hotel_Review-g1022364-d1052873-Reviews-Kanko_Hotel_Kobayashiso-Kurume_Fukuoka_Prefecture_Kyushu_Okinawa.html
Hotel Select Inn Kurume,830-0031,Fukuoka Prefecture,17-30 Mutsumonmachi Kurume,45,$,http://www.tripadvisor.com/Hotel_Review-g1022364-d1052875-Reviews-Hotel_Select_Inn_Kurume-Kurume_Fukuoka_Prefecture_Kyushu_Okinawa.html
Kurume Hotel Esprit,830-0032,Fukuoka Prefecture,339 Higashimachi Kurume,,$,http://www.tripadvisor.com/Hotel_Review-g1022364-d1052881-Reviews-Kurume_Hotel_Esprit-Kurume_Fukuoka_Prefecture_Kyushu_Okinawa.html
Kurume Terminal Hotel,830-0033,Fukuoka Prefecture,114 Tenjinmachi Kurume,,$,http://www.tripadvisor.com/Hotel_Review-g1022364-d1052894-Reviews-Kurume_Terminal_Hotel-Kurume_Fukuoka_Prefecture_Kyushu_Okinawa.html
Hotel Central Inn,830-0031,Fukuoka Prefecture,15-3 Mutsumon-machi Kurume,,$,http://www.tripadvisor.com/Hotel_Review-g1022364-d1052904-Reviews-Hotel_Central_Inn-Kurume_Fukuoka_Prefecture_Kyushu_Okinawa.html
Business Inn Seagull,830-0039,Fukuoka Prefecture,1-1-4 Hanabatake Kurume,,,http://www.tripadvisor.com/Hotel_Review-g1022364-d1052916-Reviews-Business_Inn_Seagull-Kurume_Fukuoka_Prefecture_Kyushu_Okinawa.html
Sansuiso,839-0862,Fukuoka Prefecture,1316 Nonakamachi Kurume,,$,http://www.tripadvisor.com/Hotel_Review-g1022364-d1052919-Reviews-Sansuiso-Kurume_Fukuoka_Prefecture_Kyushu_Okinawa.html
Suikoen Hotel,830-0013,Fukuoka Prefecture,87 Kushiharamachi Kurume,26,$,http://www.tripadvisor.com/Hotel_Review-g1022364-d1052923-Reviews-Suikoen_Hotel-Kurume_Fukuoka_Prefecture_Kyushu_Okinawa.html
Kurume Washington Hotel Plaza,830-0032,Fukuoka Prefecture,34-2 Higashimachi Kurume,200,$,http://www.tripadvisor.com/Hotel_Review-g1022364-d1052937-Reviews-Kurume_Washington_Hotel_Plaza-Kurume_Fukuoka_Prefecture_Kyushu_Okinawa.html
Ennan Hotel,830-0032,Fukuoka Prefecture,29-10 Higashimachi Kurume,,$,http://www.tripadvisor.com/Hotel_Review-g1022364-d1052952-Reviews-Ennan_Hotel-Kurume_Fukuoka_Prefecture_Kyushu_Okinawa.html
Kurume Station Hotel,830-0023,Fukuoka Prefecture,2-14 Chuomachi Kurume,,$,http://www.tripadvisor.com/Hotel_Review-g1022364-d1052956-Reviews-Kurume_Station_Hotel-Kurume_Fukuoka_Prefecture_Kyushu_Okinawa.html
Hotel Marital Sosei,830-0003,Fukuoka Prefecture,900 Higashikushiharamachi Kurume,,$$,http://www.tripadvisor.com/Hotel_Review-g1022364-d1118516-Reviews-Hotel_Marital_Sosei-Kurume_Fukuoka_Prefecture_Kyushu_Okinawa.html
Yunosaka Kurume Onsen,839-0862,Fukuoka Prefecture,1235 Nonakamachi Kurume,,,http://www.tripadvisor.com/Hotel_Review-g1022364-d1881141-Reviews-Yunosaka_Kurume_Onsen-Kurume_Fukuoka_Prefecture_Kyushu_Okinawa.html
Supa resort hotel Kurume,839-0826,Fukuoka Prefecture,1-1 Yamamotomachi Kurume,,,http://www.tripadvisor.com/Hotel_Review-g1022364-d1881143-Reviews-Supa_resort_hotel_Kurume-Kurume_Fukuoka_Prefecture_Kyushu_Okinawa.html
Yumoto Ryueikan,839-1225,Fukuoka Prefecture,2268 Tanushimarumachisugahara Kurume,,,http://www.tripadvisor.com/Hotel_Review-g1022364-d1881146-Reviews-Yumoto_Ryueikan-Kurume_Fukuoka_Prefecture_Kyushu_Okinawa.html
Fukahoritei,830-0111,Fukuoka Prefecture,6552 Mizumamachi Nishimuta Kurume,,$$$$,http://www.tripadvisor.com/Hotel_Review-g1022364-d2166036-Reviews-Fukahoritei-Kurume_Fukuoka_Prefecture_Kyushu_Okinawa.html
Natural Hot Springs Capsule Hotel & Sauna Gaba,830-0031,Fukuoka Prefecture,1-1 Mutsumonmachi Kurume,40,$,http://www.tripadvisor.com/Hotel_Review-g1022364-d2202376-Reviews-Natural_Hot_Springs_Capsule_Hotel_Sauna_Gaba-Kurume_Fukuoka_Prefecture_Kyushu_Okinawa.html
Budget Hotel Hakata Minami,816-0844,Fukuoka Prefecture,8-152 Kamishirozu Kasuga,,$,http://www.tripadvisor.com/Hotel_Review-g1022379-d1053245-Reviews-Budget_Hotel_Hakata_Minami-Kasuga_Fukuoka_Prefecture_Kyushu_Okinawa.html
Ryokan Matsuyamaso,816-0802,Fukuoka Prefecture,2-22 Kasugabarukitamachi Kasuga,,,http://www.tripadvisor.com/Hotel_Review-g1022379-d1881156-Reviews-Ryokan_Matsuyamaso-Kasuga_Fukuoka_Prefecture_Kyushu_Okinawa.html
Marine Terrace Ashiya,807-0141 ,Fukuoka Prefecture,1588 Oaza Yamaga Ashiya-machi,,$,http://www.tripadvisor.com/Hotel_Review-g1121474-d1133482-Reviews-Marine_Terrace_Ashiya-Ashiya_machi_Onga_gun_Fukuoka_Prefecture_Kyushu_Okinawa.html
Hibiki,807-0141,Fukuoka Prefecture,796-9 Yamaga Ashiya-machi,,,http://www.tripadvisor.com/Hotel_Review-g1121474-d1881198-Reviews-Hibiki-Ashiya_machi_Onga_gun_Fukuoka_Prefecture_Kyushu_Okinawa.html
Hatsushiro,811-4200,Fukuoka Prefecture,670-14 Hara Okagaki-machi,,,http://www.tripadvisor.com/Hotel_Review-g1121476-d1133867-Reviews-Hatsushiro-Okagaki_machi_Onga_gun_Fukuoka_Prefecture_Kyushu_Okinawa.html
Budo no ki Mori no nanashu Coteage,811-4204,Fukuoka Prefecture,183 Teno Okagaki-machi,,$$$,http://www.tripadvisor.com/Hotel_Review-g1121476-d1766622-Reviews-Budo_no_ki_Mori_no_nanashu_Coteage-Okagaki_machi_Onga_gun_Fukuoka_Prefecture_Kyushu_O.html
Omuta Garden Hotel,836-0807,Fukuoka Prefecture,3-3-3 Asahimachi Omuta,,$,http://www.tripadvisor.com/Hotel_Review-g1022365-d1052425-Reviews-Omuta_Garden_Hotel-Omuta_Fukuoka_Prefecture_Kyushu_Okinawa.html
Warajiya Bekkan,836-0807,Fukuoka Prefecture,3-4-1 Asahimachi Omuta,,$,http://www.tripadvisor.com/Hotel_Review-g1022365-d1052426-Reviews-Warajiya_Bekkan-Omuta_Fukuoka_Prefecture_Kyushu_Okinawa.html
Warajiya Honkan,836-0837,Fukuoka Prefecture,2-6 Tanimachi Omuta,,,http://www.tripadvisor.com/Hotel_Review-g1022365-d1052428-Reviews-Warajiya_Honkan-Omuta_Fukuoka_Prefecture_Kyushu_Okinawa.html
New Royal Hotel,836-0044,Fukuoka Prefecture,2-9 Furumachi Omuta,,$,http://www.tripadvisor.com/Hotel_Review-g1022365-d1052438-Reviews-New_Royal_Hotel-Omuta_Fukuoka_Prefecture_Kyushu_Okinawa.html
Seifuso,836-0047,Fukuoka Prefecture,4-7-5 Taishomachi Omuta,,$,http://www.tripadvisor.com/Hotel_Review-g1022365-d1052443-Reviews-Seifuso-Omuta_Fukuoka_Prefecture_Kyushu_Okinawa.html
Grand Hotel Seifuso,836-0862,Fukuoka Prefecture,2-4 Harayama-machi Omuta,,$,http://www.tripadvisor.com/Hotel_Review-g1022365-d1052451-Reviews-Grand_Hotel_Seifuso-Omuta_Fukuoka_Prefecture_Kyushu_Okinawa.html
Business Hotel Mayumi,836-0046,Fukuoka Prefecture,2-1-9 Hon-machi Omuta,,$,http://www.tripadvisor.com/Hotel_Review-g1022365-d1071968-Reviews-Business_Hotel_Mayumi-Omuta_Fukuoka_Prefecture_Kyushu_Okinawa.html
Ryokan Hakushu,836-0861,Fukuoka Prefecture,1-2-5 Takarazakamachi Omuta,,$,http://www.tripadvisor.com/Hotel_Review-g1022365-d1881148-Reviews-Ryokan_Hakushu-Omuta_Fukuoka_Prefecture_Kyushu_Okinawa.html
Business Hotle Fukuya,836-0046,Fukuoka Prefecture,3-7-12 Honmachi Omuta,,,http://www.tripadvisor.com/Hotel_Review-g1022365-d1881149-Reviews-Business_Hotle_Fukuya-Omuta_Fukuoka_Prefecture_Kyushu_Okinawa.html
Omuta Heights,837-0905,Fukuoka Prefecture,1203-116 Amagiyamaamagi Omuta,,$,http://www.tripadvisor.com/Hotel_Review-g1022365-d2653508-Reviews-Omuta_Heights-Omuta_Fukuoka_Prefecture_Kyushu_Okinawa.html
Oishi,836-0046,Fukuoka Prefecture,2-1-2 Hommachi Omuta,,,http://www.tripadvisor.com/Hotel_Review-g1022365-d2653798-Reviews-Oishi-Omuta_Fukuoka_Prefecture_Kyushu_Okinawa.html
Genkai Royal Hotel,811-3514,Fukuoka Prefecture,1303 Tano Munakata,291,$$,http://www.tripadvisor.com/Hotel_Review-g1022381-d505423-Reviews-Genkai_Royal_Hotel-Munakata_Fukuoka_Prefecture_Kyushu_Okinawa.html
Konominato Sky Hotel,811-3501,Fukuoka Prefecture,651-2 Konominato Munakata,,,http://www.tripadvisor.com/Hotel_Review-g1022381-d1052622-Reviews-Konominato_Sky_Hotel-Munakata_Fukuoka_Prefecture_Kyushu_Okinawa.html
Seaside Resort Genkai,811-3513,Fukuoka Prefecture,1989-1 Kojo Munakata,,,http://www.tripadvisor.com/Hotel_Review-g1022381-d1052629-Reviews-Seaside_Resort_Genkai-Munakata_Fukuoka_Prefecture_Kyushu_Okinawa.html
Asahi,811-3701,Fukuoka Prefecture,935 Oshima Munakata,,,http://www.tripadvisor.com/Hotel_Review-g1022381-d1052631-Reviews-Asahi-Munakata_Fukuoka_Prefecture_Kyushu_Okinawa.html
Matsukazeso,811-3501,Fukuoka Prefecture,1250-13 Konominato Munakata,,$$,http://www.tripadvisor.com/Hotel_Review-g1022381-d1052632-Reviews-Matsukazeso-Munakata_Fukuoka_Prefecture_Kyushu_Okinawa.html
Chisun Inn Munakata,811-3414,Fukuoka Prefecture,992-1 Mitsuoka Munakata,98,$,http://www.tripadvisor.com/Hotel_Review-g1022381-d1539369-Reviews-Chisun_Inn_Munakata-Munakata_Fukuoka_Prefecture_Kyushu_Okinawa.html
Hotel Greges,811-3501,Fukuoka Prefecture,600 Konominato Munakata,,,http://www.tripadvisor.com/Hotel_Review-g1022381-d1863044-Reviews-Hotel_Greges-Munakata_Fukuoka_Prefecture_Kyushu_Okinawa.html
Kappo ryokan Minatoso,811-3501,Fukuoka Prefecture,1250-66 Konominato Munakata,,,http://www.tripadvisor.com/Hotel_Review-g1022381-d1881157-Reviews-Kappo_ryokan_Minatoso-Munakata_Fukuoka_Prefecture_Kyushu_Okinawa.html
Kamenoi hotel Fukuoka Munakata,811-3400,Fukuoka Prefecture,"503-1Umenokitani, Omaru Munakata",256,$,http://www.tripadvisor.com/Hotel_Review-g1022381-d1881161-Reviews-Kamenoi_hotel_Fukuoka_Munakata-Munakata_Fukuoka_Prefecture_Kyushu_Okinawa.html
Akama station hotel,811-4185,Fukuoka Prefecture,1-2-6 Akamaekimae Munakata,,$,http://www.tripadvisor.com/Hotel_Review-g1022381-d1881162-Reviews-Akama_station_hotel-Munakata_Fukuoka_Prefecture_Kyushu_Okinawa.html
Genkai Ryokan,811-3501,Fukuoka Prefecture,485-7 Konominato Munakata,,$$$,http://www.tripadvisor.com/Hotel_Review-g1022381-d1916386-Reviews-Genkai_Ryokan-Munakata_Fukuoka_Prefecture_Kyushu_Okinawa.html
Onyado Hanawarabi,811-3502,Fukuoka Prefecture,518-1 Eguchi Munakata,,$$,http://www.tripadvisor.com/Hotel_Review-g1022381-d4341563-Reviews-Onyado_Hanawarabi-Munakata_Fukuoka_Prefecture_Kyushu_Okinawa.html
Hotel AZ Fukuoka-yasu,838-0228,Fukuoka Prefecture,122-6 Futa Chikuzen-machi,,$,http://www.tripadvisor.com/Hotel_Review-g1121481-d6509466-Reviews-Hotel_AZ_Fukuoka_yasu-Chikuzen_machi_Asakura_gun_Fukuoka_Prefecture_Kyushu_Okinawa.html
Itoya ryokan,838-1701,Fukuoka Prefecture,1949 Hoshuyama Toho-mura,,,http://www.tripadvisor.com/Hotel_Review-g1121482-d1881201-Reviews-Itoya_ryokan-Toho_mura_Asakura_gun_Fukuoka_Prefecture_Kyushu_Okinawa.html
Plaza Hotel Nogata,822-0002,Fukuoka Prefecture,3829-1 Tonno Nogata,,$,http://www.tripadvisor.com/Hotel_Review-g1022366-d1052619-Reviews-Plaza_Hotel_Nogata-Nogata_Fukuoka_Prefecture_Kyushu_Okinawa.html
Nogata Ikoinomura,822-0004,Fukuoka Prefecture,686 Hata Nogata,,$,http://www.tripadvisor.com/Hotel_Review-g1022366-d2653932-Reviews-Nogata_Ikoinomura-Nogata_Fukuoka_Prefecture_Kyushu_Okinawa.html
Star Resort Centre,811-3304,Fukuoka Prefecture,2497-5 Tsuyazaki Fukutsu,,,http://www.tripadvisor.com/Hotel_Review-g1022383-d1053262-Reviews-Star_Resort_Centre-Fukutsu_Fukuoka_Prefecture_Kyushu_Okinawa.html
Hanaanzu Yataro,811-3521,Fukuoka Prefecture,530-2 Katsura Fukutsu,,$$$,http://www.tripadvisor.com/Hotel_Review-g1022383-d1053263-Reviews-Hanaanzu_Yataro-Fukutsu_Fukuoka_Prefecture_Kyushu_Okinawa.html
Sunpia Fukuoka,811-3219,Fukuoka Prefecture,4-4-1 Nishifukuma Fukutsu,,,http://www.tripadvisor.com/Hotel_Review-g1022383-d1881164-Reviews-Sunpia_Fukuoka-Fukutsu_Fukuoka_Prefecture_Kyushu_Okinawa.html
Guest House Nakamura House,830-0405,Fukuoka Prefecture,"1515-1 Hommura, Yokomizo Oki-machi",,$,http://www.tripadvisor.com/Hotel_Review-g1121486-d6515843-Reviews-Guest_House_Nakamura_House-Oki_machi_Mizuma_gun_Fukuoka_Prefecture_Kyushu_Okinawa.html
Royal Inn Ogi,825-0018,Fukuoka Prefecture,7-3 Banda-machi Tagawa,,$,http://www.tripadvisor.com/Hotel_Review-g1022367-d1052424-Reviews-Royal_Inn_Ogi-Tagawa_Fukuoka_Prefecture_Kyushu_Okinawa.html
Hotel AZ Fukuoka-tagawa,825-0012,Fukuoka Prefecture,1-7 Hinode-machi Tagawa,,$,http://www.tripadvisor.com/Hotel_Review-g1022367-d6509453-Reviews-Hotel_AZ_Fukuoka_tagawa-Tagawa_Fukuoka_Prefecture_Kyushu_Okinawa.html
Hotel Hanageshiki,839-1405,Fukuoka Prefecture,1097-1 Furukawa Ukihamachi Ukiha,,$$,http://www.tripadvisor.com/Hotel_Review-g1022384-d1052341-Reviews-Hotel_Hanageshiki-Ukiha_Fukuoka_Prefecture_Kyushu_Okinawa.html
Syunpuso,839-1405,Fukuoka Prefecture,1108-1 Ukihamachifurukawa Ukiha,,,http://www.tripadvisor.com/Hotel_Review-g1022384-d1052353-Reviews-Syunpuso-Ukiha_Fukuoka_Prefecture_Kyushu_Okinawa.html
Fukusenka,839-1405,Fukuoka Prefecture,1099-8 Ukihamachifurukawa Ukiha,,$,http://www.tripadvisor.com/Hotel_Review-g1022384-d1052359-Reviews-Fukusenka-Ukiha_Fukuoka_Prefecture_Kyushu_Okinawa.html
Yunosato Chikugo,839-1405,Fukuoka Prefecture,1099-15 Ukihamachifurukawa Ukiha,,,http://www.tripadvisor.com/Hotel_Review-g1022384-d1052365-Reviews-Yunosato_Chikugo-Ukiha_Fukuoka_Prefecture_Kyushu_Okinawa.html
Kiyonoya,839-1405,Fukuoka Prefecture,1099-1 Ukihamachi Furukawa Ukiha,,$,http://www.tripadvisor.com/Hotel_Review-g1022384-d1118243-Reviews-Kiyonoya-Ukiha_Fukuoka_Prefecture_Kyushu_Okinawa.html
Kanseikaku,839-1304,Fukuoka Prefecture,14 Yoshiimachi Chitose Ukiha,,$$,http://www.tripadvisor.com/Hotel_Review-g1022384-d1118526-Reviews-Kanseikaku-Ukiha_Fukuoka_Prefecture_Kyushu_Okinawa.html
Kuwanoya,839-1405,Fukuoka Prefecture,1099-10 Ukihamachi Furukawa Ukiha,,$$$,http://www.tripadvisor.com/Hotel_Review-g1022384-d1118528-Reviews-Kuwanoya-Ukiha_Fukuoka_Prefecture_Kyushu_Okinawa.html
Riverside Tsurukiso,839-1405,Fukuoka Prefecture,1096-1 Ukihamachi Furukawa Ukiha,,,http://www.tripadvisor.com/Hotel_Review-g1022384-d1539387-Reviews-Riverside_Tsurukiso-Ukiha_Fukuoka_Prefecture_Kyushu_Okinawa.html
Shakunageso,824-0721 ,Fukuoka Prefecture,1881-1 Hikosan Soeda-machi,,,http://www.tripadvisor.com/Hotel_Review-g1121493-d1652446-Reviews-Shakunageso-Soeda_machi_Tagawa_gun_Fukuoka_Prefecture_Kyushu_Okinawa.html
Hikosan Hotel Nagomi,824-0721,Fukuoka Prefecture,233-5 Hikosan Soeda-machi,,$$,http://www.tripadvisor.com/Hotel_Review-g1121493-d1910332-Reviews-Hikosan_Hotel_Nagomi-Soeda_machi_Tagawa_gun_Fukuoka_Prefecture_Kyushu_Okinawa.html
Yanagawa Ohana,832-0069,Fukuoka Prefecture,1 Shinhokamachi Yanagawa,,$$,http://www.tripadvisor.com/Hotel_Review-g1022368-d1052242-Reviews-Yanagawa_Ohana-Yanagawa_Fukuoka_Prefecture_Kyushu_Okinawa.html
Yanagawa Green Hotel,832-0822,Fukuoka Prefecture,1-14 Mitsuhashimachishimohyakucho Yanagawa,,,http://www.tripadvisor.com/Hotel_Review-g1022368-d1052248-Reviews-Yanagawa_Green_Hotel-Yanagawa_Fukuoka_Prefecture_Kyushu_Okinawa.html
Yanagawa Business Hotel,832-0826,Fukuoka Prefecture,243-1 Mitsuhashimachitakahatake Yanagawa,,$,http://www.tripadvisor.com/Hotel_Review-g1022368-d1052310-Reviews-Yanagawa_Business_Hotel-Yanagawa_Fukuoka_Prefecture_Kyushu_Okinawa.html
Matsubaya,839-0254,Fukuoka Prefecture,673 Yamatomachinakashima Yanagawa,,$,http://www.tripadvisor.com/Hotel_Review-g1022368-d1052314-Reviews-Matsubaya-Yanagawa_Fukuoka_Prefecture_Kyushu_Okinawa.html
Kanpo no Yado Yanagawa,832-0057,Fukuoka Prefecture,10-1 Yashiromachi Yanagawa,,$$,http://www.tripadvisor.com/Hotel_Review-g1022368-d1052321-Reviews-Kanpo_no_Yado_Yanagawa-Yanagawa_Fukuoka_Prefecture_Kyushu_Okinawa.html
Hakuryuso,832-0032,Fukuoka Prefecture,16 Shinmachi Yanagawa,23,$,http://www.tripadvisor.com/Hotel_Review-g1022368-d1052325-Reviews-Hakuryuso-Yanagawa_Fukuoka_Prefecture_Kyushu_Okinawa.html
Kisenso,832-0806,Fukuoka Prefecture,874 Mitsuhashimachi Yanagawa Yanagawa,,$,http://www.tripadvisor.com/Hotel_Review-g1022368-d1083406-Reviews-Kisenso-Yanagawa_Fukuoka_Prefecture_Kyushu_Okinawa.html
Akune,832-0826,Fukuoka Prefecture,197 Mitsuhashi-machi Takahatake Yanagawa,,$$$$,http://www.tripadvisor.com/Hotel_Review-g1022368-d1083419-Reviews-Akune-Yanagawa_Fukuoka_Prefecture_Kyushu_Okinawa.html
Yamagiya ryokan,832-0825,Fukuoka Prefecture,225-1 Mitsuhashimachiemagari Yanagawa,,,http://www.tripadvisor.com/Hotel_Review-g1022368-d1881153-Reviews-Yamagiya_ryokan-Yanagawa_Fukuoka_Prefecture_Kyushu_Okinawa.html
Saifuya Ryokan,832-0031,Fukuoka Prefecture,45 Tsubaharamachi Yanagawa,5,$,http://www.tripadvisor.com/Hotel_Review-g1022368-d2653722-Reviews-Saifuya_Ryokan-Yanagawa_Fukuoka_Prefecture_Kyushu_Okinawa.html
Skole Wakamiya,822-0131,Fukuoka Prefecture,644-2 Otono Miyawaka,,,http://www.tripadvisor.com/Hotel_Review-g1022385-d1052790-Reviews-Skole_Wakamiya-Miyawaka_Fukuoka_Prefecture_Kyushu_Okinawa.html
Hotel Route Inn Wakamiya Inter,822-0152,Fukuoka Prefecture,234-1 Numaguchi Miyawaka,,$,http://www.tripadvisor.com/Hotel_Review-g1022385-d1052811-Reviews-Hotel_Route_Inn_Wakamiya_Inter-Miyawaka_Fukuoka_Prefecture_Kyushu_Okinawa.html
Hotel Nansuikaku,822-0133,Fukuoka Prefecture,507 Wakita Miyawaka,,$$$,http://www.tripadvisor.com/Hotel_Review-g1022385-d1118518-Reviews-Hotel_Nansuikaku-Miyawaka_Fukuoka_Prefecture_Kyushu_Okinawa.html
Hotel Grantia Wakamiya,822-0133,Fukuoka Prefecture,778-1 Wakita Miyawaka,27,$$,http://www.tripadvisor.com/Hotel_Review-g1022385-d1539396-Reviews-Hotel_Grantia_Wakamiya-Miyawaka_Fukuoka_Prefecture_Kyushu_Okinawa.html
Yubaruso,822-0121,Fukuoka Prefecture,1409 Yubaru Miyawaka,,,http://www.tripadvisor.com/Hotel_Review-g1022385-d2653902-Reviews-Yubaruso-Miyawaka_Fukuoka_Prefecture_Kyushu_Okinawa.html
Sky Hotel Kanda,800-0365,Fukuoka Prefecture,3787-61 Kanda Kanda-machi,140,$,http://www.tripadvisor.com/Hotel_Review-g1121499-d1124034-Reviews-Sky_Hotel_Kanda-Kanda_machi_Miyako_gun_Fukuoka_Prefecture_Kyushu_Okinawa.html
Business Hotel Sennari,800-0313,Fukuoka Prefecture,1-3-3 Isohamacho Kanda-machi,,$,http://www.tripadvisor.com/Hotel_Review-g1121499-d1133900-Reviews-Business_Hotel_Sennari-Kanda_machi_Miyako_gun_Fukuoka_Prefecture_Kyushu_Okinawa.html
Hotel Route Inn Kanda Ekimae,800-0361,Fukuoka Prefecture,1-8-1 Jindencho Kanda-machi,153,$,http://www.tripadvisor.com/Hotel_Review-g1121499-d1133903-Reviews-Hotel_Route_Inn_Kanda_Ekimae-Kanda_machi_Miyako_gun_Fukuoka_Prefecture_Kyushu_Okinawa.html
Vessel hotel Kanda Kitakyushu Airport,800-0313,Fukuoka Prefecture,1-5-9 Isohamacho Kanda-machi,128,$,http://www.tripadvisor.com/Hotel_Review-g1121499-d1133907-Reviews-Vessel_hotel_Kanda_Kitakyushu_Airport-Kanda_machi_Miyako_gun_Fukuoka_Prefecture_Kyush.html
Business Hirose,800-0313,Fukuoka Prefecture,1-4-1 Isohamacho Kanda-machi,,$,http://www.tripadvisor.com/Hotel_Review-g1121499-d1544154-Reviews-Business_Hirose-Kanda_machi_Miyako_gun_Fukuoka_Prefecture_Kyushu_Okinawa.html
Business Hotel Yuki,800-0361,Fukuoka Prefecture,1-10-1 Jindencho Kanda-machi,,,http://www.tripadvisor.com/Hotel_Review-g1121499-d1863046-Reviews-Business_Hotel_Yuki-Kanda_machi_Miyako_gun_Fukuoka_Prefecture_Kyushu_Okinawa.html
Kanda ryokan,800-0361,Fukuoka Prefecture,1-6-1 Jindencho Kanda-machi,,,http://www.tripadvisor.com/Hotel_Review-g1121499-d1881188-Reviews-Kanda_ryokan-Kanda_machi_Miyako_gun_Fukuoka_Prefecture_Kyushu_Okinawa.html
Kajimoto Ryokan,800-0315,Fukuoka Prefecture,8-3 Minatomachi Kanda-machi,,$,http://www.tripadvisor.com/Hotel_Review-g1121499-d2653889-Reviews-Kajimoto_Ryokan-Kanda_machi_Miyako_gun_Fukuoka_Prefecture_Kyushu_Okinawa.html
Kanda Premont Hotel,800-0314,Fukuoka Prefecture,12-6 Saiwaimachi Kanda-machi,,,http://www.tripadvisor.com/Hotel_Review-g1121499-d2653968-Reviews-Kanda_Premont_Hotel-Kanda_machi_Miyako_gun_Fukuoka_Prefecture_Kyushu_Okinawa.html
Plaza Hotel Avenue,834-0063,Fukuoka Prefecture,378-6 Motomura Yame,,$,http://www.tripadvisor.com/Hotel_Review-g1022369-d1052330-Reviews-Plaza_Hotel_Avenue-Yame_Fukuoka_Prefecture_Kyushu_Okinawa.html
Yame Green Hotel,834-0031,Fukuoka Prefecture,47-1 Motomachi Yame,,$,http://www.tripadvisor.com/Hotel_Review-g1022369-d1052334-Reviews-Yame_Green_Hotel-Yame_Fukuoka_Prefecture_Kyushu_Okinawa.html
Kutsuroginomori Green Pia Yame,834-1204 ,Fukuoka Prefecture,10905 Oaza Koya Yame,,$$,http://www.tripadvisor.com/Hotel_Review-g1022369-d1133877-Reviews-Kutsuroginomori_Green_Pia_Yame-Yame_Fukuoka_Prefecture_Kyushu_Okinawa.html
Hoshi No Bunkakan,834-0201 ,Fukuoka Prefecture,10828 Yame,,$$,http://www.tripadvisor.com/Hotel_Review-g1022369-d1133880-Reviews-Hoshi_No_Bunkakan-Yame_Fukuoka_Prefecture_Kyushu_Okinawa.html
Ota Ryokan,834-1216,Fukuoka Prefecture,107-1 Kuwahara Yame,,$,http://www.tripadvisor.com/Hotel_Review-g1022369-d1544138-Reviews-Ota_Ryokan-Yame_Fukuoka_Prefecture_Kyushu_Okinawa.html
Ikenoyamaso,834-0201,Fukuoka Prefecture,10780-58 Hoshinomura Yame,,,http://www.tripadvisor.com/Hotel_Review-g1022369-d1759593-Reviews-Ikenoyamaso-Yame_Fukuoka_Prefecture_Kyushu_Okinawa.html
Toyotomi,838-1514,Fukuoka Prefecture,"1343-1 Shin-machi, Hakikugumiya Asakura",,$$,http://www.tripadvisor.com/Hotel_Review-g1022387-d1053345-Reviews-Toyotomi-Asakura_Fukuoka_Prefecture_Kyushu_Okinawa.html
Kuremachisu,838-0001,Fukuoka Prefecture,573-1 Akizuki Asakura,,,http://www.tripadvisor.com/Hotel_Review-g1022387-d1053347-Reviews-Kuremachisu-Asakura_Fukuoka_Prefecture_Kyushu_Okinawa.html
Satoso,838-1514,Fukuoka Prefecture,1890 Hakikugumiya Asakura,,$$,http://www.tripadvisor.com/Hotel_Review-g1022387-d1053348-Reviews-Satoso-Asakura_Fukuoka_Prefecture_Kyushu_Okinawa.html
Seikaso,838-1521,Fukuoka Prefecture,7-2 Hakishiwa Asakura,,,http://www.tripadvisor.com/Hotel_Review-g1022387-d1053349-Reviews-Seikaso-Asakura_Fukuoka_Prefecture_Kyushu_Okinawa.html
Harazuru Grandsky Hotel,838-1514,Fukuoka Prefecture,1820-1 Hakikugumiya Asakura,,$$,http://www.tripadvisor.com/Hotel_Review-g1022387-d1053350-Reviews-Harazuru_Grandsky_Hotel-Asakura_Fukuoka_Prefecture_Kyushu_Okinawa.html
Hotel Parens Onoya,838-1514,Fukuoka Prefecture,1841-1 Hakikugumiya Asakura,,$$,http://www.tripadvisor.com/Hotel_Review-g1022387-d1053351-Reviews-Hotel_Parens_Onoya-Asakura_Fukuoka_Prefecture_Kyushu_Okinawa.html
Taisenkaku,838-1521,Fukuoka Prefecture,20 Hakishiwa Asakura,,$,http://www.tripadvisor.com/Hotel_Review-g1022387-d1053356-Reviews-Taisenkaku-Asakura_Fukuoka_Prefecture_Kyushu_Okinawa.html
Kumagae,838-0068,Fukuoka Prefecture,1679-7 Amagi Asakura,,$,http://www.tripadvisor.com/Hotel_Review-g1022387-d1053362-Reviews-Kumagae-Asakura_Fukuoka_Prefecture_Kyushu_Okinawa.html
Amagikan,838-0068,Fukuoka Prefecture,2091 Amagi Asakura,,$$,http://www.tripadvisor.com/Hotel_Review-g1022387-d1053368-Reviews-Amagikan-Asakura_Fukuoka_Prefecture_Kyushu_Okinawa.html
Personal Hotel Avenue,838-0068,Fukuoka Prefecture,2334-2 Amagi Asakura,,$,http://www.tripadvisor.com/Hotel_Review-g1022387-d1053371-Reviews-Personal_Hotel_Avenue-Asakura_Fukuoka_Prefecture_Kyushu_Okinawa.html
Yagurumaso,838-1514,Fukuoka Prefecture,1890 Hakikugumiya Asakura,,$,http://www.tripadvisor.com/Hotel_Review-g1022387-d1053374-Reviews-Yagurumaso-Asakura_Fukuoka_Prefecture_Kyushu_Okinawa.html
View Hotel Heisei,838-1521,Fukuoka Prefecture,203-1 Hakishiwa Asakura,,$$,http://www.tripadvisor.com/Hotel_Review-g1022387-d1053377-Reviews-View_Hotel_Heisei-Asakura_Fukuoka_Prefecture_Kyushu_Okinawa.html
Roppokan,838-1514,Fukuoka Prefecture,1840 Hakikugumiya Asakura,,$$,http://www.tripadvisor.com/Hotel_Review-g1022387-d1053379-Reviews-Roppokan-Asakura_Fukuoka_Prefecture_Kyushu_Okinawa.html
Seiyuan,838-0001,Fukuoka Prefecture,1058 Akizuki Asakura,,$$$$,http://www.tripadvisor.com/Hotel_Review-g1022387-d1083563-Reviews-Seiyuan-Asakura_Fukuoka_Prefecture_Kyushu_Okinawa.html
Harazurusou,838-1514,Fukuoka Prefecture,1835-1 Hakikugumiya Asakura,,,http://www.tripadvisor.com/Hotel_Review-g1022387-d1083577-Reviews-Harazurusou-Asakura_Fukuoka_Prefecture_Kyushu_Okinawa.html
Enmeikan,838-1521,Fukuoka Prefecture,15-2 Hakishiwa Asakura,,$$,http://www.tripadvisor.com/Hotel_Review-g1022387-d1083589-Reviews-Enmeikan-Asakura_Fukuoka_Prefecture_Kyushu_Okinawa.html
Hotel Century Hills,838-0027,Fukuoka Prefecture,1-1 Itaya Asakura,,,http://www.tripadvisor.com/Hotel_Review-g1022387-d1083611-Reviews-Hotel_Century_Hills-Asakura_Fukuoka_Prefecture_Kyushu_Okinawa.html
Minaginomori Morino-yu,838-0020 ,Fukuoka Prefecture,"3-1-6 Minaginomori, Asakura",,$$,http://www.tripadvisor.com/Hotel_Review-g1022387-d1383317-Reviews-Minaginomori_Morino_yu-Asakura_Fukuoka_Prefecture_Kyushu_Okinawa.html
Kamenoi Hotel Fukuoka Amagi Inter Branch,838-0068,Fukuoka Prefecture,397-6 Amagi Asakura,,$,http://www.tripadvisor.com/Hotel_Review-g1022387-d1539398-Reviews-Kamenoi_Hotel_Fukuoka_Amagi_Inter_Branch-Asakura_Fukuoka_Prefecture_Kyushu_Okinawa.html
Hanamizuki,838-1521,Fukuoka Prefecture,1-3 Hakishiwa Asakura,,$$,http://www.tripadvisor.com/Hotel_Review-g1022387-d1539399-Reviews-Hanamizuki-Asakura_Fukuoka_Prefecture_Kyushu_Okinawa.html
Kikuryukan,838-1521,Fukuoka Prefecture,43-1 Hakishiwa Harazuru Asakura,,,http://www.tripadvisor.com/Hotel_Review-g1022387-d1539404-Reviews-Kikuryukan-Asakura_Fukuoka_Prefecture_Kyushu_Okinawa.html
Hotel Top Mega Itoen,838-1514,Fukuoka Prefecture,1858-1 Hakikugumiya Asakura,20,$,http://www.tripadvisor.com/Hotel_Review-g1022387-d1545563-Reviews-Hotel_Top_Mega_Itoen-Asakura_Fukuoka_Prefecture_Kyushu_Okinawa.html
Izumiya ryokan,838-1521,Fukuoka Prefecture,4-1 Hakishiwa Asakura,,,http://www.tripadvisor.com/Hotel_Review-g1022387-d1881166-Reviews-Izumiya_ryokan-Asakura_Fukuoka_Prefecture_Kyushu_Okinawa.html
Hotel Grandspa Avenue,838-0068 ,Fukuoka Prefecture,1677-2 Amagi Asakura,43,,http://www.tripadvisor.com/Hotel_Review-g1022387-d1957522-Reviews-Hotel_Grandspa_Avenue-Asakura_Fukuoka_Prefecture_Kyushu_Okinawa.html
Yado Fujita,871-0802,Fukuoka Prefecture,179-7 Koinumaru Yoshitomi-machi,,$,http://www.tripadvisor.com/Hotel_Review-g1121501-d2258713-Reviews-Yado_Fujita-Yoshitomi_machi_Chikujo_gun_Fukuoka_Prefecture_Kyushu_Okinawa.html
Hotel Elmont,833-0031,Fukuoka Prefecture,138-22 Yamanoi Chikugo,,$,http://www.tripadvisor.com/Hotel_Review-g1022370-d1053332-Reviews-Hotel_Elmont-Chikugo_Fukuoka_Prefecture_Kyushu_Okinawa.html
Hotel Avenue Chikugo,833-0031,Fukuoka Prefecture,213-1 Oaza Yamanoi Chikugo,,$,http://www.tripadvisor.com/Hotel_Review-g1022370-d1053337-Reviews-Hotel_Avenue_Chikugo-Chikugo_Fukuoka_Prefecture_Kyushu_Okinawa.html
Funagoya Onsen Hotel Higuchiken,833-0014,Fukuoka Prefecture,805-1 Oshima Chikugo,,$$,http://www.tripadvisor.com/Hotel_Review-g1022370-d1053342-Reviews-Funagoya_Onsen_Hotel_Higuchiken-Chikugo_Fukuoka_Prefecture_Kyushu_Okinawa.html
Business Hotel Meijikan,833-0031,Fukuoka Prefecture,138-23 Yamanoi Chikugo,,,http://www.tripadvisor.com/Hotel_Review-g1022370-d1097651-Reviews-Business_Hotel_Meijikan-Chikugo_Fukuoka_Prefecture_Kyushu_Okinawa.html
Chikugo funagoya Koen no yado,833-0015,Fukuoka Prefecture,2108-1 Tsushima Chikugo,,$$,http://www.tripadvisor.com/Hotel_Review-g1022370-d1881155-Reviews-Chikugo_funagoya_Koen_no_yado-Chikugo_Fukuoka_Prefecture_Kyushu_Okinawa.html
Danesuto,833-0031,Fukuoka Prefecture,791-1 Yamanoi Chikugo,,,http://www.tripadvisor.com/Hotel_Review-g1022370-d2653882-Reviews-Danesuto-Chikugo_Fukuoka_Prefecture_Kyushu_Okinawa.html
Hinodeya Ryokan,820-0005,Fukuoka Prefecture,9-6 Shiniizuka Iizuka,,,http://www.tripadvisor.com/Hotel_Review-g1022389-d1053249-Reviews-Hinodeya_Ryokan-Iizuka_Fukuoka_Prefecture_Kyushu_Okinawa.html
Aroma Spa Hotel,820-0017,Fukuoka Prefecture,3-14-43 Komodanishi Iizuka,,,http://www.tripadvisor.com/Hotel_Review-g1022389-d1053254-Reviews-Aroma_Spa_Hotel-Iizuka_Fukuoka_Prefecture_Kyushu_Okinawa.html
Shiniizuka Station Hotel,820-0018,Fukuoka Prefecture,4-20 Yoshiomachi Iizuka,,$,http://www.tripadvisor.com/Hotel_Review-g1022389-d1053255-Reviews-Shiniizuka_Station_Hotel-Iizuka_Fukuoka_Prefecture_Kyushu_Okinawa.html
Nogami President Hotel,820-0004,Fukuoka Prefecture,12-37 Shintateiwa Iizuka,,$$,http://www.tripadvisor.com/Hotel_Review-g1022389-d1053256-Reviews-Nogami_President_Hotel-Iizuka_Fukuoka_Prefecture_Kyushu_Okinawa.html
Akebonokan,820-0005,Fukuoka Prefecture,6-14 Shiniizuka Iizuka,,,http://www.tripadvisor.com/Hotel_Review-g1022389-d1053258-Reviews-Akebonokan-Iizuka_Fukuoka_Prefecture_Kyushu_Okinawa.html
Business Hotel Century,820-0005,Fukuoka Prefecture,9-11 Shiniizuka Iizuka,,,http://www.tripadvisor.com/Hotel_Review-g1022389-d1542771-Reviews-Business_Hotel_Century-Iizuka_Fukuoka_Prefecture_Kyushu_Okinawa.html
Iizuka Royal Hotel,820-0040,Fukuoka Prefecture,7-24 Yoshiharamachi Iizuka,,$,http://www.tripadvisor.com/Hotel_Review-g1022389-d1863047-Reviews-Iizuka_Royal_Hotel-Iizuka_Fukuoka_Prefecture_Kyushu_Okinawa.html
Business hotel Yamatoya,820-0005,Fukuoka Prefecture,5-13 Shiniizuka Iizuka,,$,http://www.tripadvisor.com/Hotel_Review-g1022389-d1881196-Reviews-Business_hotel_Yamatoya-Iizuka_Fukuoka_Prefecture_Kyushu_Okinawa.html
Chikuho Heights,820-0115,Fukuoka Prefecture,8-30 Niho Iizuka,,,http://www.tripadvisor.com/Hotel_Review-g1022389-d3923638-Reviews-Chikuho_Heights-Iizuka_Fukuoka_Prefecture_Kyushu_Okinawa.html
HOTEL AZ Fukuoka-iizuka,820-0076,Fukuoka Prefecture,50-1 Taromaru Iizuka,,$,http://www.tripadvisor.com/Hotel_Review-g1022389-d6456604-Reviews-HOTEL_AZ_Fukuoka_iizuka-Iizuka_Fukuoka_Prefecture_Kyushu_Okinawa.html
Maebaru Central Hotel,819-1116,Fukuoka Prefecture,2-3-24 Maebaruchuo Itoshima,,$,http://www.tripadvisor.com/Hotel_Review-g1769308-d1052829-Reviews-Maebaru_Central_Hotel-Itoshima_Fukuoka_Prefecture_Kyushu_Okinawa.html
Keya Log House D,819-1335,Fukuoka Prefecture,1714-17 Keya Itoshima,,$$,http://www.tripadvisor.com/Hotel_Review-g1769308-d1124093-Reviews-Keya_Log_House_D-Itoshima_Fukuoka_Prefecture_Kyushu_Okinawa.html
Akutaya Club Chikuzenkai,819-1335,Fukuoka Prefecture,890 Keya Itoshima,,$,http://www.tripadvisor.com/Hotel_Review-g1769308-d1544124-Reviews-Akutaya_Club_Chikuzenkai-Itoshima_Fukuoka_Prefecture_Kyushu_Okinawa.html
Kihachiso,819-1641,Fukuoka Prefecture,3504-1 Nijoyoshii Itoshima,,,http://www.tripadvisor.com/Hotel_Review-g1769308-d1924058-Reviews-Kihachiso-Itoshima_Fukuoka_Prefecture_Kyushu_Okinawa.html
Himukanosato,819-1641,Fukuoka Prefecture,692 Nijoyoshii Itoshima,,$,http://www.tripadvisor.com/Hotel_Review-g1769308-d1924076-Reviews-Himukanosato-Itoshima_Fukuoka_Prefecture_Kyushu_Okinawa.html
Isonoya,819-1335,Fukuoka Prefecture,677_5 Shima Keya Itoshima,,,http://www.tripadvisor.com/Hotel_Review-g1769308-d2019794-Reviews-Isonoya-Itoshima_Fukuoka_Prefecture_Kyushu_Okinawa.html
Ito Mori no Cottage,819-1335,Fukuoka Prefecture,1667-28 Keyakagoyama Itoshima,,$$,http://www.tripadvisor.com/Hotel_Review-g1769308-d2529214-Reviews-Ito_Mori_no_Cottage-Itoshima_Fukuoka_Prefecture_Kyushu_Okinawa.html
Umeya Ryokan,819-1335,Fukuoka Prefecture,874 Shimakeya Itoshima,,,http://www.tripadvisor.com/Hotel_Review-g1769308-d2653867-Reviews-Umeya_Ryokan-Itoshima_Fukuoka_Prefecture_Kyushu_Okinawa.html
HOTEL AZ Fukuoka Itoshima,819-1112,Fukuoka Prefecture,1-9 Urashi Itoshima,,$,http://www.tripadvisor.com/Hotel_Review-g1769308-d4548320-Reviews-HOTEL_AZ_Fukuoka_Itoshima-Itoshima_Fukuoka_Prefecture_Kyushu_Okinawa.html
Sangaono Isshuan,819-1331,Fukuoka Prefecture,2143-2 Shimakuga Itoshima,,,http://www.tripadvisor.com/Hotel_Review-g1769308-d6539276-Reviews-Sangaono_Isshuan-Itoshima_Fukuoka_Prefecture_Kyushu_Okinawa.html
Business Inn Seifuso,831-0004,Fukuoka Prefecture,295-4 Enokizu Okawa,,$,http://www.tripadvisor.com/Hotel_Review-g1022372-d1052614-Reviews-Business_Inn_Seifuso-Okawa_Fukuoka_Prefecture_Kyushu_Okinawa.html
Mikawaya,831-0005,Fukuoka Prefecture,2222 Mukaijima Okawa,,,http://www.tripadvisor.com/Hotel_Review-g1022372-d1052616-Reviews-Mikawaya-Okawa_Fukuoka_Prefecture_Kyushu_Okinawa.html
Central Hotel Daisen,831-0016,Fukuoka Prefecture,105-1 Sakemi Okawa,,$,http://www.tripadvisor.com/Hotel_Review-g1022372-d1500971-Reviews-Central_Hotel_Daisen-Okawa_Fukuoka_Prefecture_Kyushu_Okinawa.html
