Aoi Business Hotel,720-0077,Hiroshima Prefecture,1-3-3 Minamihonjo Fukuyama,,$,http://www.tripadvisor.com/Hotel_Review-g298131-d1073603-Reviews-Aoi_Business_Hotel-Fukuyama_Hiroshima_Prefecture_Chugoku.html
Business Inn Fukuyama,720-0076,Hiroshima Prefecture,2-10-6 Honjochonaka Fukuyama,42,$,http://www.tripadvisor.com/Hotel_Review-g298131-d1073604-Reviews-Business_Inn_Fukuyama-Fukuyama_Hiroshima_Prefecture_Chugoku.html
Fukuyama New Castle Hotel,720-0066,Hiroshima Prefecture,8-16 Sannomarucho Fukuyama,218,$,http://www.tripadvisor.com/Hotel_Review-g298131-d1073605-Reviews-Fukuyama_New_Castle_Hotel-Fukuyama_Hiroshima_Prefecture_Chugoku.html
Fukuyama Oriental Hotel,720-0054,Hiroshima Prefecture,1-1-6 Shiromicho Fukuyama,124,$,http://www.tripadvisor.com/Hotel_Review-g298131-d1073607-Reviews-Fukuyama_Oriental_Hotel-Fukuyama_Hiroshima_Prefecture_Chugoku.html
Fukuyama Plaza Hotel,720-0809,Hiroshima Prefecture,1-40 Sumiyoshicho Fukuyama,124,$,http://www.tripadvisor.com/Hotel_Review-g298131-d1073608-Reviews-Fukuyama_Plaza_Hotel-Fukuyama_Hiroshima_Prefecture_Chugoku.html
Fukuyama Rose Garden Hotel,720-0061,Hiroshima Prefecture,1-4-8 Marunochi Fukuyama,45,$,http://www.tripadvisor.com/Hotel_Review-g298131-d1073609-Reviews-Fukuyama_Rose_Garden_Hotel-Fukuyama_Hiroshima_Prefecture_Chugoku.html
Fukuyama Terminal Hotel,720-0045,Hiroshima Prefecture,2-30 Takaramachi Fukuyama,88,$,http://www.tripadvisor.com/Hotel_Review-g298131-d1073610-Reviews-Fukuyama_Terminal_Hotel-Fukuyama_Hiroshima_Prefecture_Chugoku.html
Fukuyama Tobu Hotel,720-0066,Hiroshima Prefecture,1-1 Sannomarucho Fukuyama,,$,http://www.tripadvisor.com/Hotel_Review-g298131-d1073611-Reviews-Fukuyama_Tobu_Hotel-Fukuyama_Hiroshima_Prefecture_Chugoku.html
Hotel Ofutei,720-0201,Hiroshima Prefecture,136 Tomochotomo Fukuyama,44,$$,http://www.tripadvisor.com/Hotel_Review-g298131-d1073612-Reviews-Hotel_Ofutei-Fukuyama_Hiroshima_Prefecture_Chugoku.html
Hotel Grantia Fukuyama,720-0825,Hiroshima Prefecture,5-27-11 Okinogamicho Fukuyama,,$,http://www.tripadvisor.com/Hotel_Review-g298131-d1073614-Reviews-Hotel_Grantia_Fukuyama-Fukuyama_Hiroshima_Prefecture_Chugoku.html
Hotel 1-2-3 Fukuyama,720-0065,Hiroshima Prefecture,1-41 Higashi Sakuramachi Fukuyama,,$,http://www.tripadvisor.com/Hotel_Review-g298131-d1073616-Reviews-Hotel_1_2_3_Fukuyama-Fukuyama_Hiroshima_Prefecture_Chugoku.html
Keishoukan Sazanamitei,720-0201,Hiroshima Prefecture,421 Tomo Tomocho Fukuyama,,$$,http://www.tripadvisor.com/Hotel_Review-g298131-d1073622-Reviews-Keishoukan_Sazanamitei-Fukuyama_Hiroshima_Prefecture_Chugoku.html
Vesses Inn Fukuyama Eki Kitaguchi,720-0061,Hiroshima Prefecture,1-2-1 Marunochi Fukuyama,117,$,http://www.tripadvisor.com/Hotel_Review-g298131-d1073629-Reviews-Vesses_Inn_Fukuyama_Eki_Kitaguchi-Fukuyama_Hiroshima_Prefecture_Chugoku.html
Sun Hotel Fukuyama,720-0054,Hiroshima Prefecture,1-2-33 Shiromicho Fukuyama,,$,http://www.tripadvisor.com/Hotel_Review-g298131-d1073630-Reviews-Sun_Hotel_Fukuyama-Fukuyama_Hiroshima_Prefecture_Chugoku.html
Vessel hotel Fukuyama,720-0077,Hiroshima Prefecture,3-4-37 Minamihonjo Fukuyama,122,$,http://www.tripadvisor.com/Hotel_Review-g298131-d1081242-Reviews-Vessel_hotel_Fukuyama-Fukuyama_Hiroshima_Prefecture_Chugoku.html
Fukuyama Royal Hotel,721-0964,Hiroshima Prefecture,2-5-19 Minatomachi Fukuyama,46,$,http://www.tripadvisor.com/Hotel_Review-g298131-d1088773-Reviews-Fukuyama_Royal_Hotel-Fukuyama_Hiroshima_Prefecture_Chugoku.html
Fukuyama Century Hotel,721-0942,Hiroshima Prefecture,5-27-10 Hikinocho Fukuyama,,$,http://www.tripadvisor.com/Hotel_Review-g298131-d1088778-Reviews-Fukuyama_Century_Hotel-Fukuyama_Hiroshima_Prefecture_Chugoku.html
Rose Inn Bingo Heights,721-0945,Hiroshima Prefecture,1-17-32 Hikinochominami Fukuyama,,,http://www.tripadvisor.com/Hotel_Review-g298131-d1088785-Reviews-Rose_Inn_Bingo_Heights-Fukuyama_Hiroshima_Prefecture_Chugoku.html
Business Hotel Daizen,729-0104,Hiroshima Prefecture,4-12-7 Matsunagacho Fukuyama,,$,http://www.tripadvisor.com/Hotel_Review-g298131-d1096890-Reviews-Business_Hotel_Daizen-Fukuyama_Hiroshima_Prefecture_Chugoku.html
Hotel Area One Fukuyama,720-0066,Hiroshima Prefecture,9-12 Sannomarucho Fukuyama,54,$,http://www.tripadvisor.com/Hotel_Review-g298131-d1096892-Reviews-Hotel_Area_One_Fukuyama-Fukuyama_Hiroshima_Prefecture_Chugoku.html
City Hotel Matsunaga,729-0104,Hiroshima Prefecture,4-15-84 Matsunaga-cho Fukuyama,,$,http://www.tripadvisor.com/Hotel_Review-g298131-d1096894-Reviews-City_Hotel_Matsunaga-Fukuyama_Hiroshima_Prefecture_Chugoku.html
Business Ryokan Daikou,720-0806,Hiroshima Prefecture,14-10 Minamimachi Fukuyama,,$,http://www.tripadvisor.com/Hotel_Review-g298131-d1096895-Reviews-Business_Ryokan_Daikou-Fukuyama_Hiroshima_Prefecture_Chugoku.html
Kokokara,720-0202,Hiroshima Prefecture,3371 Tomochoushiroji Fukuyama,,$$,http://www.tripadvisor.com/Hotel_Review-g298131-d1096897-Reviews-Kokokara-Fukuyama_Hiroshima_Prefecture_Chugoku.html
Marunouchi Hotel,720-0061,Hiroshima Prefecture,1-3-3 Marunochi Fukuyama,,$,http://www.tripadvisor.com/Hotel_Review-g298131-d1096898-Reviews-Marunouchi_Hotel-Fukuyama_Hiroshima_Prefecture_Chugoku.html
Matsunoya Ryokan,720-0055,Hiroshima Prefecture,2-20 Ebisumachi Fukuyama,,,http://www.tripadvisor.com/Hotel_Review-g298131-d1096899-Reviews-Matsunoya_Ryokan-Fukuyama_Hiroshima_Prefecture_Chugoku.html
Fukuyama Station Inn,720-0054,Hiroshima Prefecture,1-1-2 Shiromicho Fukuyama,,$,http://www.tripadvisor.com/Hotel_Review-g298131-d1096900-Reviews-Fukuyama_Station_Inn-Fukuyama_Hiroshima_Prefecture_Chugoku.html
Kokumin Shukusha Sensuijima,720-0202,Hiroshima Prefecture,3373-2 Tomochoushiroji Fukuyama,,$$,http://www.tripadvisor.com/Hotel_Review-g298131-d1096901-Reviews-Kokumin_Shukusha_Sensuijima-Fukuyama_Hiroshima_Prefecture_Chugoku.html
Tomo Seaside Hotel,720-0201,Hiroshima Prefecture,555 Tomochotomo Fukuyama,,$,http://www.tripadvisor.com/Hotel_Review-g298131-d1096902-Reviews-Tomo_Seaside_Hotel-Fukuyama_Hiroshima_Prefecture_Chugoku.html
Health Kyowakoku Z,721-0971,Hiroshima Prefecture,162-1 Zaocho Fukuyama,,,http://www.tripadvisor.com/Hotel_Review-g298131-d1112554-Reviews-Health_Kyowakoku_Z-Fukuyama_Hiroshima_Prefecture_Chugoku.html
Abuto Honkan,720-0312,Hiroshima Prefecture,1416-7 Numakumacho Notohara Fukuyama,,$$,http://www.tripadvisor.com/Hotel_Review-g298131-d1112834-Reviews-Abuto_Honkan-Fukuyama_Hiroshima_Prefecture_Chugoku.html
Wel Sunpia Fukuyama,720-0804,Hiroshima Prefecture,9-7 Midorimachi Fukuyama,,,http://www.tripadvisor.com/Hotel_Review-g298131-d1112837-Reviews-Wel_Sunpia_Fukuyama-Fukuyama_Hiroshima_Prefecture_Chugoku.html
Candeo Hotels Fukuyama,720-0042,Hiroshima Prefecture,2-8-20 Mifunecho Fukuyama,164,$,http://www.tripadvisor.com/Hotel_Review-g298131-d1112844-Reviews-Candeo_Hotels_Fukuyama-Fukuyama_Hiroshima_Prefecture_Chugoku.html
Business Hotel Com,720-0054,Hiroshima Prefecture,1-1-30 Shiromicho Fukuyama,46,$,http://www.tripadvisor.com/Hotel_Review-g298131-d1112854-Reviews-Business_Hotel_Com-Fukuyama_Hiroshima_Prefecture_Chugoku.html
Fukuyama Park Hotel,720-0806,Hiroshima Prefecture,6-4 Minamimachi Fukuyama,,$,http://www.tripadvisor.com/Hotel_Review-g298131-d1112860-Reviews-Fukuyama_Park_Hotel-Fukuyama_Hiroshima_Prefecture_Chugoku.html
Benefit Hotel Fukuyama,720-0812,Hiroshima Prefecture,2-5-7 Kasumicho Fukuyama,,$,http://www.tripadvisor.com/Hotel_Review-g298131-d1112863-Reviews-Benefit_Hotel_Fukuyama-Fukuyama_Hiroshima_Prefecture_Chugoku.html
Green Business Hotel,720-0815,Hiroshima Prefecture,1-4-22 Nogamicho Fukuyama,,,http://www.tripadvisor.com/Hotel_Review-g298131-d1112868-Reviews-Green_Business_Hotel-Fukuyama_Hiroshima_Prefecture_Chugoku.html
Taizankan,720-0201,Hiroshima Prefecture,629 Tomochotomo Fukuyama,,,http://www.tripadvisor.com/Hotel_Review-g298131-d1112881-Reviews-Taizankan-Fukuyama_Hiroshima_Prefecture_Chugoku.html
Mikado Annex,720-0312,Hiroshima Prefecture,1416-6 Numakumacho Notohara Fukuyama,,$$$,http://www.tripadvisor.com/Hotel_Review-g298131-d1112893-Reviews-Mikado_Annex-Fukuyama_Hiroshima_Prefecture_Chugoku.html
Tsuneishi Shimanami Village Higashikan,720-0402,Hiroshima Prefecture,26-1 Nakasanna Numakumacho Fukuyama,,$,http://www.tripadvisor.com/Hotel_Review-g298131-d1132708-Reviews-Tsuneishi_Shimanami_Village_Higashikan-Fukuyama_Hiroshima_Prefecture_Chugoku.html
Business Inn Kabutan,720-0045,Hiroshima Prefecture,3-21 Takaramachi Fukuyama,,$,http://www.tripadvisor.com/Hotel_Review-g298131-d1879887-Reviews-Business_Inn_Kabutan-Fukuyama_Hiroshima_Prefecture_Chugoku.html
Capsule&Sauna Cosmo City Fukuyama,720-0801,Hiroshima Prefecture,2-11-30 Irifunecho Fukuyama,,,http://www.tripadvisor.com/Hotel_Review-g298131-d1879902-Reviews-Capsule_Sauna_Cosmo_City_Fukuyama-Fukuyama_Hiroshima_Prefecture_Chugoku.html
Ryuzu Sanso Nawanone,720-2602,Hiroshima Prefecture,1179-2 Yamano Yamanocho Fukuyama,,$$,http://www.tripadvisor.com/Hotel_Review-g298131-d1909160-Reviews-Ryuzu_Sanso_Nawanone-Fukuyama_Hiroshima_Prefecture_Chugoku.html
Migiwatei Ochikochi,720-0201,Hiroshima Prefecture,629 Tomocho Tomo Fukuyama,17,$$$$,http://www.tripadvisor.com/Hotel_Review-g298131-d2024065-Reviews-Migiwatei_Ochikochi-Fukuyama_Hiroshima_Prefecture_Chugoku.html
Richmond Hotel Fukuyama-ekimae,720-0065,Hiroshima Prefecture,"1-1, Higashisakura-machi Fukuyama",34,$,http://www.tripadvisor.com/Hotel_Review-g298131-d2063927-Reviews-Richmond_Hotel_Fukuyama_ekimae-Fukuyama_Hiroshima_Prefecture_Chugoku.html
Rivege Hotel,721-0962,Hiroshima Prefecture,1-34-8 Higashiteshirocho Fukuyama,,$,http://www.tripadvisor.com/Hotel_Review-g298131-d2258755-Reviews-Rivege_Hotel-Fukuyama_Hiroshima_Prefecture_Chugoku.html
Iroha,720-0201,Hiroshima Prefecture,670 Tomochotomo Fukuyama,,$,http://www.tripadvisor.com/Hotel_Review-g298131-d2466335-Reviews-Iroha-Fukuyama_Hiroshima_Prefecture_Chugoku.html
Tsuneishi Harbor Hotel,720-0313,Hiroshima Prefecture,1284-3 Numakumacho Tsuneishi Fukuyama,,$,http://www.tripadvisor.com/Hotel_Review-g298131-d3262928-Reviews-Tsuneishi_Harbor_Hotel-Fukuyama_Hiroshima_Prefecture_Chugoku.html
Hotel Alpha One Miyoshi,728-0011,Hiroshima Prefecture,1-4-22 Tokaichinishi Miyoshi,216,$,http://www.tripadvisor.com/Hotel_Review-g1022433-d1075690-Reviews-Hotel_Alpha_One_Miyoshi-Miyoshi_Hiroshima_Prefecture_Chugoku.html
Miyoshi Grand Hotel,728-0014,Hiroshima Prefecture,1-10-1 Tokaichi-Minami Miyoshi,,$,http://www.tripadvisor.com/Hotel_Review-g1022433-d1075692-Reviews-Miyoshi_Grand_Hotel-Miyoshi_Hiroshima_Prefecture_Chugoku.html
Miyoshi Royal Hotel,728-0013,Hiroshima Prefecture,6-13-25 Tokaichihigashi Miyoshi,,$,http://www.tripadvisor.com/Hotel_Review-g1022433-d1088745-Reviews-Miyoshi_Royal_Hotel-Miyoshi_Hiroshima_Prefecture_Chugoku.html
Morinoizumi,728-0405,Hiroshima Prefecture,311-3 Kimitachoizumiyoshida Miyoshi,,$$,http://www.tripadvisor.com/Hotel_Review-g1022433-d2167450-Reviews-Morinoizumi-Miyoshi_Hiroshima_Prefecture_Chugoku.html
Gonokawa Irorian,728-0131,Hiroshima Prefecture,116 Sakugichokoyodo Miyoshi,,,http://www.tripadvisor.com/Hotel_Review-g1022433-d2425377-Reviews-Gonokawa_Irorian-Miyoshi_Hiroshima_Prefecture_Chugoku.html
Wind Road,729-6201,Hiroshima Prefecture,1703-4 Wachimachi Miyoshi,,,http://www.tripadvisor.com/Hotel_Review-g1022433-d2697000-Reviews-Wind_Road-Miyoshi_Hiroshima_Prefecture_Chugoku.html
Holis Island,737-2214,Hiroshima Prefecture,Okinoshima Ogakichofukae Etajima,,,http://www.tripadvisor.com/Hotel_Review-g1022440-d1050618-Reviews-Holis_Island-Etajima_Hiroshima_Prefecture_Chugoku.html
Sun Beach Okimi,737-2313,Hiroshima Prefecture,1433-2 Okimicho Korenaga Etajima,,$,http://www.tripadvisor.com/Hotel_Review-g1022440-d1050623-Reviews-Sun_Beach_Okimi-Etajima_Hiroshima_Prefecture_Chugoku.html
Nomi Kaijo Lodge,737-2301,Hiroshima Prefecture,1265 Nomicho Nakamachi Etajima,,$,http://www.tripadvisor.com/Hotel_Review-g1022440-d1917665-Reviews-Nomi_Kaijo_Lodge-Etajima_Hiroshima_Prefecture_Chugoku.html
Comfort Inn Hiroshima Heiwa-Odori,730-0041,Hiroshima Prefecture,3-17 Komachi Hiroshima,282,$,http://www.tripadvisor.com/Hotel_Review-g298561-d299371-Reviews-Comfort_Inn_Hiroshima_Heiwa_Odori-Hiroshima_Hiroshima_Prefecture_Chugoku.html
ANA Crowne Plaza Hiroshima,730-0037,Hiroshima Prefecture,"7-20 Naka-machi, Naka-ku Hiroshima",409,$,http://www.tripadvisor.com/Hotel_Review-g298561-d300478-Reviews-ANA_Crowne_Plaza_Hiroshima-Hiroshima_Hiroshima_Prefecture_Chugoku.html
Grand Prince Hotel Hiroshima,734-0012,Hiroshima Prefecture,"23-1 Motoujina-machi, Minami-ku Hiroshima",534,$,http://www.tripadvisor.com/Hotel_Review-g298561-d301201-Reviews-Grand_Prince_Hotel_Hiroshima-Hiroshima_Hiroshima_Prefecture_Chugoku.html
RIHGA Royal Hotel Hiroshima,730-0011,Hiroshima Prefecture,"6-78 Motomachi, Naka-ku Hiroshima",486,$,http://www.tripadvisor.com/Hotel_Review-g298561-d302394-Reviews-RIHGA_Royal_Hotel_Hiroshima-Hiroshima_Hiroshima_Prefecture_Chugoku.html
Hotel New Hiroden,732-0821,Hiroshima Prefecture,"14-9 Osuga-cho, Minami-ku Hiroshima",256,$,http://www.tripadvisor.com/Hotel_Review-g298561-d304220-Reviews-Hotel_New_Hiroden-Hiroshima_Hiroshima_Prefecture_Chugoku.html
Ikawa Ryokan,730-0854,Hiroshima Prefecture,"5-11, Dobashi-cho, Naka-ku Hiroshima",,$,http://www.tripadvisor.com/Hotel_Review-g298561-d304222-Reviews-Ikawa_Ryokan-Hiroshima_Hiroshima_Prefecture_Chugoku.html
Hotel Granvia Hiroshima,732-0822,Hiroshima Prefecture,"1-5 Matsubaracho, Minami-ku Hiroshima",403,$,http://www.tripadvisor.com/Hotel_Review-g298561-d306478-Reviews-Hotel_Granvia_Hiroshima-Hiroshima_Hiroshima_Prefecture_Chugoku.html
Hotel JAL City Hiroshima,730-0014,Hiroshima Prefecture,"7-14 Kaminoboricho, Naka-ku Hiroshima",127,$,http://www.tripadvisor.com/Hotel_Review-g298561-d306480-Reviews-Hotel_JAL_City_Hiroshima-Hiroshima_Hiroshima_Prefecture_Chugoku.html
Hotel Silk Plaza,730-0013,Hiroshima Prefecture,14-1 Hatchobori Hiroshima,,$,http://www.tripadvisor.com/Hotel_Review-g298561-d320352-Reviews-Hotel_Silk_Plaza-Hiroshima_Hiroshima_Prefecture_Chugoku.html
Hotel Sunroute Hiroshima,730-0051,Hiroshima Prefecture,"3-3-1 Otemachi, Naka-ku Hiroshima",283,$,http://www.tripadvisor.com/Hotel_Review-g298561-d320354-Reviews-Hotel_Sunroute_Hiroshima-Hiroshima_Hiroshima_Prefecture_Chugoku.html
Regalo Hotel Hiroshima,730-0015,Hiroshima Prefecture,"9-2 Hashimoto-cho, Naka-ku Hiroshima",63,$,http://www.tripadvisor.com/Hotel_Review-g298561-d320356-Reviews-Regalo_Hotel_Hiroshima-Hiroshima_Hiroshima_Prefecture_Chugoku.html
Rijyo Kaikan,730-0051,Hiroshima Prefecture,"1-5-3 Otemachi, Naka-ku Hiroshima",,$,http://www.tripadvisor.com/Hotel_Review-g298561-d320357-Reviews-Rijyo_Kaikan-Hiroshima_Hiroshima_Prefecture_Chugoku.html
Sera Bekkan,730-0029,Hiroshima Prefecture,"4-20 Mikawa-cho, Naka-ku Hiroshima",35,$$,http://www.tripadvisor.com/Hotel_Review-g298561-d320358-Reviews-Sera_Bekkan-Hiroshima_Hiroshima_Prefecture_Chugoku.html
Hotel Hokke Club Hiroshima,730-0037,Hiroshima Prefecture,7-7 Nakamachi Naka-ku Hiroshima,385,$,http://www.tripadvisor.com/Hotel_Review-g298561-d478173-Reviews-Hotel_Hokke_Club_Hiroshima-Hiroshima_Hiroshima_Prefecture_Chugoku.html
Hotel Tokyu Bizfort Hiroshima,730-0029,Hiroshima Prefecture,"10-1 Mikawacho, Naka-ku Hiroshima",239,$,http://www.tripadvisor.com/Hotel_Review-g298561-d505968-Reviews-Hotel_Tokyu_Bizfort_Hiroshima-Hiroshima_Hiroshima_Prefecture_Chugoku.html
World Friendship Center,733-0032,Hiroshima Prefecture,"8-10 Higashikanonmachi, Nishi-ku Hiroshima",15,,http://www.tripadvisor.com/Hotel_Review-g298561-d557960-Reviews-World_Friendship_Center-Hiroshima_Hiroshima_Prefecture_Chugoku.html
Hiroshima Kokusai Hotel,730-0032,Hiroshima Prefecture,"3-13 Tate-machi, Naka-ku Hiroshima",74,$,http://www.tripadvisor.com/Hotel_Review-g298561-d557963-Reviews-Hiroshima_Kokusai_Hotel-Hiroshima_Hiroshima_Prefecture_Chugoku.html
Hotel Flex,730-0014,Hiroshima Prefecture,7-1 Kaminoboricho Hiroshima,65,$,http://www.tripadvisor.com/Hotel_Review-g298561-d558102-Reviews-Hotel_Flex-Hiroshima_Hiroshima_Prefecture_Chugoku.html
Hotel Unizo Hiroshima,730-0012,Hiroshima Prefecture,"7-25 Kamihacchobori, Naka-ku Hiroshima",171,$,http://www.tripadvisor.com/Hotel_Review-g298561-d558105-Reviews-Hotel_Unizo_Hiroshima-Hiroshima_Hiroshima_Prefecture_Chugoku.html
Hotel Century 21 Hiroshima,732-0824,Hiroshima Prefecture,"1-1-25 Matobamachi, Minami-ku Hiroshima",76,$,http://www.tripadvisor.com/Hotel_Review-g298561-d558107-Reviews-Hotel_Century_21_Hiroshima-Hiroshima_Hiroshima_Prefecture_Chugoku.html
Hiroshima Garden Palace,732-0052,Hiroshima Prefecture,"1-15 Hikarimachi, Higashi-ku Hiroshima",107,$,http://www.tripadvisor.com/Hotel_Review-g298561-d558187-Reviews-Hiroshima_Garden_Palace-Hiroshima_Hiroshima_Prefecture_Chugoku.html
Hiroshima Ekimae Green Hotel,732-0822,Hiroshima Prefecture,"10-27 Matsubaracho, Minami-ku Hiroshima",,$,http://www.tripadvisor.com/Hotel_Review-g298561-d558188-Reviews-Hiroshima_Ekimae_Green_Hotel-Hiroshima_Hiroshima_Prefecture_Chugoku.html
Hiroshima Pacific Hotel,730-0012,Hiroshima Prefecture,"8-16 Kami-hacchobori, Naka-ku Hiroshima",119,$,http://www.tripadvisor.com/Hotel_Review-g298561-d558189-Reviews-Hiroshima_Pacific_Hotel-Hiroshima_Hiroshima_Prefecture_Chugoku.html
Hotel Alley Hiroshima Namikidori,730-0036,Hiroshima Prefecture,"9-6 Fukuromachi, Naka-ku Hiroshima",51,$,http://www.tripadvisor.com/Hotel_Review-g298561-d558190-Reviews-Hotel_Alley_Hiroshima_Namikidori-Hiroshima_Hiroshima_Prefecture_Chugoku.html
Hiroshima Business Hotel,732-0822,Hiroshima Prefecture,10-32 Minami-ku Matsubara-machi Hiroshima,,,http://www.tripadvisor.com/Hotel_Review-g298561-d558331-Reviews-Hiroshima_Business_Hotel-Hiroshima_Hiroshima_Prefecture_Chugoku.html
Ark Hotel Hiroshima Minami,732-0806,Hiroshima Prefecture,"1-45 Nishikojin-machi, Minami-ku Hiroshima",214,$,http://www.tripadvisor.com/Hotel_Review-g298561-d558332-Reviews-Ark_Hotel_Hiroshima_Minami-Hiroshima_Hiroshima_Prefecture_Chugoku.html
Hotel 28 Hiroshima,730-0026,Hiroshima Prefecture,6-24 Naka-machi Hiroshima,245,$,http://www.tripadvisor.com/Hotel_Review-g298561-d558333-Reviews-Hotel_28_Hiroshima-Hiroshima_Hiroshima_Prefecture_Chugoku.html
Hotel Kawashima,732-0822,Hiroshima Prefecture,"7-6 Matsubara-machi, Minami-ku Hiroshima",71,,http://www.tripadvisor.com/Hotel_Review-g298561-d558334-Reviews-Hotel_Kawashima-Hiroshima_Hiroshima_Prefecture_Chugoku.html
Hotel Matsuya,732-0822,Hiroshima Prefecture,4-5 Matsubara Hiroshima,,,http://www.tripadvisor.com/Hotel_Review-g298561-d558335-Reviews-Hotel_Matsuya-Hiroshima_Hiroshima_Prefecture_Chugoku.html
Hotel Sun Palace,732-0822,Hiroshima Prefecture,10-12 Matsubara Hiroshima,,$,http://www.tripadvisor.com/Hotel_Review-g298561-d558336-Reviews-Hotel_Sun_Palace-Hiroshima_Hiroshima_Prefecture_Chugoku.html
Hotel Zurich,732-0052,Hiroshima Prefecture,2-6-5 Hikari-machi Hiroshima,,$,http://www.tripadvisor.com/Hotel_Review-g298561-d558338-Reviews-Hotel_Zurich-Hiroshima_Hiroshima_Prefecture_Chugoku.html
Park Side Hotel,730-0051,Hiroshima Prefecture,"2-6-24 Ote-machi, Naka-ku Hiroshima",91,$,http://www.tripadvisor.com/Hotel_Review-g298561-d558339-Reviews-Park_Side_Hotel-Hiroshima_Hiroshima_Prefecture_Chugoku.html
Mitsui Garden Hotel Hiroshima,730-0037,Hiroshima Prefecture,"9-12 Nakamachi, Naka-ku Hiroshima",281,$,http://www.tripadvisor.com/Hotel_Review-g298561-d558340-Reviews-Mitsui_Garden_Hotel_Hiroshima-Hiroshima_Hiroshima_Prefecture_Chugoku.html
Hiroshima Rich Hotel Namiki-Dori,730-0037,Hiroshima Prefecture,2-9 Naka-machi Hiroshima,,$,http://www.tripadvisor.com/Hotel_Review-g298561-d558342-Reviews-Hiroshima_Rich_Hotel_Namiki_Dori-Hiroshima_Hiroshima_Prefecture_Chugoku.html
Comfort Hotel Hiroshima Otemachi,730-0051,Hiroshima Prefecture,3-7-9 Otemachi Naka-ku Hiroshima,258,$,http://www.tripadvisor.com/Hotel_Review-g298561-d627823-Reviews-Comfort_Hotel_Hiroshima_Otemachi-Hiroshima_Hiroshima_Prefecture_Chugoku.html
Aster Plaza International,730-0812,Hiroshima Prefecture,"4-17 Kakomachi, Naka-ku Hiroshima",49,$,http://www.tripadvisor.com/Hotel_Review-g298561-d640067-Reviews-Aster_Plaza_International-Hiroshima_Hiroshima_Prefecture_Chugoku.html
J-Hoppers Hiroshima Guesthouse,730-0854,Hiroshima Prefecture,"5-16 Dobashicho, Naka-ku Hiroshima",14,$,http://www.tripadvisor.com/Hotel_Review-g298561-d651290-Reviews-J_Hoppers_Hiroshima_Guesthouse-Hiroshima_Hiroshima_Prefecture_Chugoku.html
Hiroshima Intelligent Hotel Annex,732-0827,Hiroshima Prefecture,"3-27 Inari-machi, Minami-ku Hiroshima",225,$,http://www.tripadvisor.com/Hotel_Review-g298561-d653350-Reviews-Hiroshima_Intelligent_Hotel_Annex-Hiroshima_Hiroshima_Prefecture_Chugoku.html
Hiroshima Intelligent Hotel Grand,732-0828,Hiroshima Prefecture,"1-4 Kyobashicho, Minami-ku Hiroshima",180,$,http://www.tripadvisor.com/Hotel_Review-g298561-d653352-Reviews-Hiroshima_Intelligent_Hotel_Grand-Hiroshima_Hiroshima_Prefecture_Chugoku.html
Hiroshima Intelligent Hotel Main & New Building,732-0805,Hiroshima Prefecture,"3-36 Higashikojin-machi, Minami-ku Hiroshima",165,$,http://www.tripadvisor.com/Hotel_Review-g298561-d653353-Reviews-Hiroshima_Intelligent_Hotel_Main_New_Building-Hiroshima_Hiroshima_Prefecture_Chugoku.html
Oriental Hotel Hiroshima,730-0026,Hiroshima Prefecture,6-10 Tanakamachi Naka-ku Hiroshima,227,$,http://www.tripadvisor.com/Hotel_Review-g298561-d657373-Reviews-Oriental_Hotel_Hiroshima-Hiroshima_Hiroshima_Prefecture_Chugoku.html
Chisun Hotel Hiroshima,730-0016,Hiroshima Prefecture,"14-7 Noboricho, Naka-ku Hiroshima",170,$,http://www.tripadvisor.com/Hotel_Review-g298561-d657621-Reviews-Chisun_Hotel_Hiroshima-Hiroshima_Hiroshima_Prefecture_Chugoku.html
Dormy Inn Hiroshima,730-0041,Hiroshima Prefecture,"3-28 Komachi, Naka-ku Hiroshima",145,$,http://www.tripadvisor.com/Hotel_Review-g298561-d754412-Reviews-Dormy_Inn_Hiroshima-Hiroshima_Hiroshima_Prefecture_Chugoku.html
Toyoko Inn Hiroshima Heiwa Odori,730-0026,Hiroshima Prefecture,"5-15,Tanakacho, Nakaku Hiroshima",252,$,http://www.tripadvisor.com/Hotel_Review-g298561-d787912-Reviews-Toyoko_Inn_Hiroshima_Heiwa_Odori-Hiroshima_Hiroshima_Prefecture_Chugoku.html
Ryokan Sansui Hiroshima,730-0855,Hiroshima Prefecture,"4-16, Koami-cho Naka-Ku Hiroshima",6,$,http://www.tripadvisor.com/Hotel_Review-g298561-d939092-Reviews-Ryokan_Sansui_Hiroshima-Hiroshima_Hiroshima_Prefecture_Chugoku.html
Court Hotel Hiroshima,730-0022,Hiroshima Prefecture,"7-8 Kanayamacho, Naka-ku Hiroshima",111,$,http://www.tripadvisor.com/Hotel_Review-g298561-d1018784-Reviews-Court_Hotel_Hiroshima-Hiroshima_Hiroshima_Prefecture_Chugoku.html
Hotel Active Hiroshima,730-0016,Hiroshima Prefecture,"15-3 Noboricho, Naka-ku Hiroshima",100,$,http://www.tripadvisor.com/Hotel_Review-g298561-d1028472-Reviews-Hotel_Active_Hiroshima-Hiroshima_Hiroshima_Prefecture_Chugoku.html
Urban Times Hiroshima,730-0841,Hiroshima Prefecture,"6-23 Funairimachi,Naka-ku Hiroshima",,,http://www.tripadvisor.com/Hotel_Review-g298561-d1126632-Reviews-Urban_Times_Hiroshima-Hiroshima_Hiroshima_Prefecture_Chugoku.html
Business Hotel Kabe,731-0221,Hiroshima Prefecture,"7-11-19-8 Kabe, Asakita-ku Hiroshima",,$,http://www.tripadvisor.com/Hotel_Review-g298561-d1126633-Reviews-Business_Hotel_Kabe-Hiroshima_Hiroshima_Prefecture_Chugoku.html
Business Hotel Million City,730-0051,Hiroshima Prefecture,"3-2-24 Ootemachi, Naka-ku Hiroshima",,$,http://www.tripadvisor.com/Hotel_Review-g298561-d1126635-Reviews-Business_Hotel_Million_City-Hiroshima_Hiroshima_Prefecture_Chugoku.html
Blue Wave Inn Hiroshima,730-0022,Hiroshima Prefecture,"10-17 Kanayamacho, Naka-ku Hiroshima",156,$,http://www.tripadvisor.com/Hotel_Review-g298561-d1126638-Reviews-Blue_Wave_Inn_Hiroshima-Hiroshima_Hiroshima_Prefecture_Chugoku.html
Hiroshima Sunplaza,733-0833,Hiroshima Prefecture,"3-1-1 Shokosenta, Nishi-ku Hiroshima",,$,http://www.tripadvisor.com/Hotel_Review-g298561-d1126652-Reviews-Hiroshima_Sunplaza-Hiroshima_Hiroshima_Prefecture_Chugoku.html
Essor Hiroshima,730-0043,Hiroshima Prefecture,"11-6 Fujimicho, Naka-ku Hiroshima",,,http://www.tripadvisor.com/Hotel_Review-g298561-d1126658-Reviews-Essor_Hiroshima-Hiroshima_Hiroshima_Prefecture_Chugoku.html
Hotel Ishimoto,732-0825,Hiroshima Prefecture,"9-9 Kinyacho, Minami-ku Hiroshima",,$,http://www.tripadvisor.com/Hotel_Review-g298561-d1126664-Reviews-Hotel_Ishimoto-Hiroshima_Hiroshima_Prefecture_Chugoku.html
Hotel Crecio Hiroshima Ekimaedori,732-0805,Hiroshima Prefecture,"4-22 Higashi Kojinmachi, Minami-ku Hiroshima",,,http://www.tripadvisor.com/Hotel_Review-g298561-d1126676-Reviews-Hotel_Crecio_Hiroshima_Ekimaedori-Hiroshima_Hiroshima_Prefecture_Chugoku.html
Hotel Crystal Hiroshima,732-0053,Hiroshima Prefecture,"10-3 Wakakusacho, Higashi-ku Hiroshima",,$,http://www.tripadvisor.com/Hotel_Review-g298561-d1126685-Reviews-Hotel_Crystal_Hiroshima-Hiroshima_Hiroshima_Prefecture_Chugoku.html
Hotel New Yorishiro,732-0053,Hiroshima Prefecture,"16-5 Wakakusacho, Higashi-ku Hiroshima",,$,http://www.tripadvisor.com/Hotel_Review-g298561-d1126696-Reviews-Hotel_New_Yorishiro-Hiroshima_Hiroshima_Prefecture_Chugoku.html
Hotel Pao,730-0022,Hiroshima Prefecture,"3-12 Kanayamacho, Naka-ku Hiroshima",,$,http://www.tripadvisor.com/Hotel_Review-g298561-d1126699-Reviews-Hotel_Pao-Hiroshima_Hiroshima_Prefecture_Chugoku.html
Viainn Hiroshima,732-0822,Hiroshima Prefecture,"2-50 Matsubaracho, Minami-ku Hiroshima",253,$,http://www.tripadvisor.com/Hotel_Review-g298561-d1126712-Reviews-Viainn_Hiroshima-Hiroshima_Hiroshima_Prefecture_Chugoku.html
Hotel Wakakusa,732-0053,Hiroshima Prefecture,"18-27 Wakakusacho, Higashi-ku Hiroshima",,$,http://www.tripadvisor.com/Hotel_Review-g298561-d1126720-Reviews-Hotel_Wakakusa-Hiroshima_Hiroshima_Prefecture_Chugoku.html
Hotel Yamashiroya,730-0032,Hiroshima Prefecture,"5-12 Tatemachi, Naka-ku Hiroshima",,$,http://www.tripadvisor.com/Hotel_Review-g298561-d1126737-Reviews-Hotel_Yamashiroya-Hiroshima_Hiroshima_Prefecture_Chugoku.html
Mielparque Hiroshima,730-0011,Hiroshima Prefecture,"6-36 Motomachi, Naka-ku Hiroshima",91,$,http://www.tripadvisor.com/Hotel_Review-g298561-d1126752-Reviews-Mielparque_Hiroshima-Hiroshima_Hiroshima_Prefecture_Chugoku.html
Ikedaya,730-0854,Hiroshima Prefecture,"6-36 Dohashicho, Naka-ku Hiroshima",,$,http://www.tripadvisor.com/Hotel_Review-g298561-d1126759-Reviews-Ikedaya-Hiroshima_Hiroshima_Prefecture_Chugoku.html
Kanaya,732-0825,Hiroshima Prefecture,"3-1 Kinyacho, Minami-ku Hiroshima",,,http://www.tripadvisor.com/Hotel_Review-g298561-d1126777-Reviews-Kanaya-Hiroshima_Hiroshima_Prefecture_Chugoku.html
Hiroshimashi Bunka Koryu Kaikan,730-0812,Hiroshima Prefecture,"3-3 Kakomachi, Naka-ku Hiroshima",,$,http://www.tripadvisor.com/Hotel_Review-g298561-d1126788-Reviews-Hiroshimashi_Bunka_Koryu_Kaikan-Hiroshima_Hiroshima_Prefecture_Chugoku.html
Yorimoto Ryokan,732-0053,Hiroshima Prefecture,"9-17 Wakakusacho, Higashi-ku Hiroshima",,$,http://www.tripadvisor.com/Hotel_Review-g298561-d1126794-Reviews-Yorimoto_Ryokan-Hiroshima_Hiroshima_Prefecture_Chugoku.html
Urban West Hiroshima,733-0003,Hiroshima Prefecture,"1-2-26 Misasa-machi, Nishi-ku Hiroshima",,,http://www.tripadvisor.com/Hotel_Review-g298561-d1132719-Reviews-Urban_West_Hiroshima-Hiroshima_Hiroshima_Prefecture_Chugoku.html
Urban Wing Hiroshima,730-0802,Hiroshima Prefecture,3-1-23 Nakaku Honkawacho Hiroshima,,,http://www.tripadvisor.com/Hotel_Review-g298561-d1132720-Reviews-Urban_Wing_Hiroshima-Hiroshima_Hiroshima_Prefecture_Chugoku.html
Green Rich Hotel Hiroshima Shinkansenguchi,732-0053,Hiroshima Prefecture,22-14 Higashiku Wakakusacho Hiroshima,,$,http://www.tripadvisor.com/Hotel_Review-g298561-d1132725-Reviews-Green_Rich_Hotel_Hiroshima_Shinkansenguchi-Hiroshima_Hiroshima_Prefecture_Chugoku.html
Sejour Fujita2 Fujita Build,730-0856,Hiroshima Prefecture,10-20 Nakaku Kawaramachi Hiroshima,,,http://www.tripadvisor.com/Hotel_Review-g298561-d1132728-Reviews-Sejour_Fujita2_Fujita_Build-Hiroshima_Hiroshima_Prefecture_Chugoku.html
Hiroshima Diamond Hotel,733-0036,Hiroshima Prefecture,"2-4-6, Nishiku Kannonshin-machi Hiroshima",,$,http://www.tripadvisor.com/Hotel_Review-g298561-d1132735-Reviews-Hiroshima_Diamond_Hotel-Hiroshima_Hiroshima_Prefecture_Chugoku.html
Aioi,730-0051　,Hiroshima Prefecture,1-3-14 Otemachi Naka-ku Hiroshima,,$$,http://www.tripadvisor.com/Hotel_Review-g298561-d1132736-Reviews-Aioi-Hiroshima_Hiroshima_Prefecture_Chugoku.html
Hiroshima Town Hotel,730-0024,Hiroshima Prefecture,"6-20, Nakaku Nishihiratsuka-cho Hiroshima",,$,http://www.tripadvisor.com/Hotel_Review-g298561-d1132738-Reviews-Hiroshima_Town_Hotel-Hiroshima_Hiroshima_Prefecture_Chugoku.html
Hiroshima Youth Hotel,732-0068,Hiroshima Prefecture,"1-13-6 Ushitashinmachi, Higashi-ku Hiroshima",,,http://www.tripadvisor.com/Hotel_Review-g298561-d1132741-Reviews-Hiroshima_Youth_Hotel-Hiroshima_Hiroshima_Prefecture_Chugoku.html
Hotel New Tachibana,732-0052,Hiroshima Prefecture,"1-14-10, Higashi-ku Hikari-machi Hiroshima",,$$,http://www.tripadvisor.com/Hotel_Review-g298561-d1132752-Reviews-Hotel_New_Tachibana-Hiroshima_Hiroshima_Prefecture_Chugoku.html
Hotel Provence 21,733-0021,Hiroshima Prefecture,"10-47 Kamitenmacho, Nishi-ku Hiroshima",,,http://www.tripadvisor.com/Hotel_Review-g298561-d1132759-Reviews-Hotel_Provence_21-Hiroshima_Hiroshima_Prefecture_Chugoku.html
Hotel Shusaku,730-0029,Hiroshima Prefecture,"3-20 Mikawacho, Naka-ku Hiroshima",,,http://www.tripadvisor.com/Hotel_Review-g298561-d1132782-Reviews-Hotel_Shusaku-Hiroshima_Hiroshima_Prefecture_Chugoku.html
Hotel Shall Namiki,730-0029,Hiroshima Prefecture,"3-8 Mikawa cho, Naka-ku Hiroshima",,,http://www.tripadvisor.com/Hotel_Review-g298561-d1133117-Reviews-Hotel_Shall_Namiki-Hiroshima_Hiroshima_Prefecture_Chugoku.html
Kajikaso,738-0721,Hiroshima Prefecture,"2659 Tada, Yukicho, Saeki-ku Hiroshima",,$$,http://www.tripadvisor.com/Hotel_Review-g298561-d1133165-Reviews-Kajikaso-Hiroshima_Hiroshima_Prefecture_Chugoku.html
Current Cosmo,730-0047,Hiroshima Prefecture,"8-15 Hirano-machi, Naka-ku Hiroshima",,$,http://www.tripadvisor.com/Hotel_Review-g298561-d1133187-Reviews-Current_Cosmo-Hiroshima_Hiroshima_Prefecture_Chugoku.html
Kyobashi Ryokan,732-0828,Hiroshima Prefecture,"10-15 Kyobashicho, Minami-ku Hiroshima",,$,http://www.tripadvisor.com/Hotel_Review-g298561-d1133304-Reviews-Kyobashi_Ryokan-Hiroshima_Hiroshima_Prefecture_Chugoku.html
Marine Pension Ninoshima,734-0017,Hiroshima Prefecture,"930 Ninoshima-cho, Minami-ku Hiroshima",,,http://www.tripadvisor.com/Hotel_Review-g298561-d1133310-Reviews-Marine_Pension_Ninoshima-Hiroshima_Hiroshima_Prefecture_Chugoku.html
Hotel New Matsuo,732-0056,Hiroshima Prefecture,"14-9, Kamiosuga-cho, Higashi-ku Hiroshima",30,$,http://www.tripadvisor.com/Hotel_Review-g298561-d1133340-Reviews-Hotel_New_Matsuo-Hiroshima_Hiroshima_Prefecture_Chugoku.html
River Side Business Ryokan Shinjuku,730-0015,Hiroshima Prefecture,"8-4 Hashimotocho, Naka-ku Hiroshima",,,http://www.tripadvisor.com/Hotel_Review-g298561-d1133342-Reviews-River_Side_Business_Ryokan_Shinjuku-Hiroshima_Hiroshima_Prefecture_Chugoku.html
Ryokan Tanada,732-0056,Hiroshima Prefecture,"1-19 Kamiosuga-cho, Higashi-ku Hiroshima",,$,http://www.tripadvisor.com/Hotel_Review-g298561-d1133345-Reviews-Ryokan_Tanada-Hiroshima_Hiroshima_Prefecture_Chugoku.html
Sejour Fujita,730-0841,Hiroshima Prefecture,"1-10 Funairi-machi, Naka-ku Hiroshima",,$,http://www.tripadvisor.com/Hotel_Review-g298561-d1133347-Reviews-Sejour_Fujita-Hiroshima_Hiroshima_Prefecture_Chugoku.html
Sejour Inn Nagarekawa,730-0028,Hiroshima Prefecture,"5-26 Nagarekawa-cho, Naka-ku Hiroshima",60,$,http://www.tripadvisor.com/Hotel_Review-g298561-d1133352-Reviews-Sejour_Inn_Nagarekawa-Hiroshima_Hiroshima_Prefecture_Chugoku.html
Setouchi Kanko Hotel,730-0005,Hiroshima Prefecture,"22-60 Nishihakushima-cho, Naka-ku Hiroshima",,,http://www.tripadvisor.com/Hotel_Review-g298561-d1133358-Reviews-Setouchi_Kanko_Hotel-Hiroshima_Hiroshima_Prefecture_Chugoku.html
Tenryu Ryokan,732-0828,Hiroshima Prefecture,"3-13 Kyobashi-cho, Minami-ku Hiroshima",,$,http://www.tripadvisor.com/Hotel_Review-g298561-d1133361-Reviews-Tenryu_Ryokan-Hiroshima_Hiroshima_Prefecture_Chugoku.html
Weekly Hotel Kyowa,731-5145,Hiroshima Prefecture,"2-10-6, Suminohama, Saeki-ku Hiroshima",,$,http://www.tripadvisor.com/Hotel_Review-g298561-d1133364-Reviews-Weekly_Hotel_Kyowa-Hiroshima_Hiroshima_Prefecture_Chugoku.html
Weekly Hotel North Point,731-0221,Hiroshima Prefecture,"3-19-23 Kabe,Asakita-ku Hiroshima",,$,http://www.tripadvisor.com/Hotel_Review-g298561-d1133370-Reviews-Weekly_Hotel_North_Point-Hiroshima_Hiroshima_Prefecture_Chugoku.html
One Day House Creo,731-0221,Hiroshima Prefecture,"3-12-5 Koinaka, Nishi-ku Hiroshima",,,http://www.tripadvisor.com/Hotel_Review-g298561-d1133384-Reviews-One_Day_House_Creo-Hiroshima_Hiroshima_Prefecture_Chugoku.html
KKR Hotel Hiroshima,730-0004,Hiroshima Prefecture,19-65 Higashihakushimacho Naka-ku Hiroshima,64,$,http://www.tripadvisor.com/Hotel_Review-g298561-d1133393-Reviews-KKR_Hotel_Hiroshima-Hiroshima_Hiroshima_Prefecture_Chugoku.html
Super Hotel Hiroshima,730-0024,Hiroshima Prefecture,8-11 Nishihiratsuka-cho Naka-ku Hiroshima,,$,http://www.tripadvisor.com/Hotel_Review-g298561-d1133398-Reviews-Super_Hotel_Hiroshima-Hiroshima_Hiroshima_Prefecture_Chugoku.html
Business Ryokan Futaba,730-0854,Hiroshima Prefecture,"5-31 Dohashicho, Nakaku Hiroshima",,$,http://www.tripadvisor.com/Hotel_Review-g298561-d1166121-Reviews-Business_Ryokan_Futaba-Hiroshima_Hiroshima_Prefecture_Chugoku.html
Hiroshima Peace Hotel,733-0011,Hiroshima Prefecture,"2-6-14 Yokogawacho, Nishiku Hiroshima",,$,http://www.tripadvisor.com/Hotel_Review-g298561-d1166124-Reviews-Hiroshima_Peace_Hotel-Hiroshima_Hiroshima_Prefecture_Chugoku.html
Hotel Rich,731-0221,Hiroshima Prefecture,"2-36-1 Kabe, Asakitaku Hiroshima",,,http://www.tripadvisor.com/Hotel_Review-g298561-d1166130-Reviews-Hotel_Rich-Hiroshima_Hiroshima_Prefecture_Chugoku.html
Hotel New Odagame,731-0223,Hiroshima Prefecture,"3-13-13 Kabeminami, Asakitaku Hiroshima",,,http://www.tripadvisor.com/Hotel_Review-g298561-d1166131-Reviews-Hotel_New_Odagame-Hiroshima_Hiroshima_Prefecture_Chugoku.html
Qkamura Azumayama,727-0321　,Hiroshima Prefecture,Hiwachomoriwaki Shobara,,$,http://www.tripadvisor.com/Hotel_Review-g1022434-d1085935-Reviews-Qkamura_Azumayama-Shobara_Hiroshima_Prefecture_Chugoku.html
Toraya Ryokan,729-5244,Hiroshima Prefecture,2107 Tojochotaishakumido Shobara,,$$,http://www.tripadvisor.com/Hotel_Review-g1022434-d1085950-Reviews-Toraya_Ryokan-Shobara_Hiroshima_Prefecture_Chugoku.html
Sanrakuso,729-5124,Hiroshima Prefecture,345-1 Tojochotojo Shobara,,,http://www.tripadvisor.com/Hotel_Review-g1022434-d1111273-Reviews-Sanrakuso-Shobara_Hiroshima_Prefecture_Chugoku.html
Hibayama Onsen,729-5602,Hiroshima Prefecture,890-2 Saijochoyuki Shobara,,$,http://www.tripadvisor.com/Hotel_Review-g1022434-d1111276-Reviews-Hibayama_Onsen-Shobara_Hiroshima_Prefecture_Chugoku.html
Kadoya Ryokan,729-5244,Hiroshima Prefecture,2103 Tojocho Taishakumido Shobara,,$$$,http://www.tripadvisor.com/Hotel_Review-g1022434-d1111279-Reviews-Kadoya_Ryokan-Shobara_Hiroshima_Prefecture_Chugoku.html
Hotel Hibaso,727-0013,Hiroshima Prefecture,1-19-12 Nishihonmachi Shobara,,$$,http://www.tripadvisor.com/Hotel_Review-g1022434-d1111281-Reviews-Hotel_Hibaso-Shobara_Hiroshima_Prefecture_Chugoku.html
Tsuruya Ryokan,729-5121,Hiroshima Prefecture,159-17 Tojocho Kawahigashi Shobara,,,http://www.tripadvisor.com/Hotel_Review-g1022434-d1111282-Reviews-Tsuruya_Ryokan-Shobara_Hiroshima_Prefecture_Chugoku.html
Forest Park Hiroshima Kenminnomori,729-5602,Hiroshima Prefecture,156-14 Saijochoyuki Shobara,,$,http://www.tripadvisor.com/Hotel_Review-g1022434-d1111289-Reviews-Forest_Park_Hiroshima_Kenminnomori-Shobara_Hiroshima_Prefecture_Chugoku.html
Taishakukyou Kanko Hotel Bekkan Youkousou,720-1932,Hiroshima Prefecture,922-1 Tojocho Misaka Shobara,,$$,http://www.tripadvisor.com/Hotel_Review-g1022434-d1127089-Reviews-Taishakukyou_Kanko_Hotel_Bekkan_Youkousou-Shobara_Hiroshima_Prefecture_Chugoku.html
Kyukeimura Taishakukyou,720-1932,Hiroshima Prefecture,962-1 Tojocho Misaka Shobara,,$,http://www.tripadvisor.com/Hotel_Review-g1022434-d1127130-Reviews-Kyukeimura_Taishakukyou-Shobara_Hiroshima_Prefecture_Chugoku.html
Taishakukyou Kanko Hotel Kinsaikan,729-5132　,Hiroshima Prefecture,526 Tojocho Misaka Shobara,,$$,http://www.tripadvisor.com/Hotel_Review-g1022434-d1127134-Reviews-Taishakukyou_Kanko_Hotel_Kinsaikan-Shobara_Hiroshima_Prefecture_Chugoku.html
Shobara Grand Hotel,727-0013　,Hiroshima Prefecture,2-16-5 Nishihonmachi Shobara,,$,http://www.tripadvisor.com/Hotel_Review-g1022434-d1597923-Reviews-Shobara_Grand_Hotel-Shobara_Hiroshima_Prefecture_Chugoku.html
Kanpo no Sato Shobara,727-0004,Hiroshima Prefecture,281-1 Shinjocho Shobara,,$$,http://www.tripadvisor.com/Hotel_Review-g1022434-d1777671-Reviews-Kanpo_no_Sato_Shobara-Shobara_Hiroshima_Prefecture_Chugoku.html
Ogidani Auto Campground,727-0413,Hiroshima Prefecture,257 Takanocho Minami Shobara,,,http://www.tripadvisor.com/Hotel_Review-g1022434-d1917659-Reviews-Ogidani_Auto_Campground-Shobara_Hiroshima_Prefecture_Chugoku.html
Unokoso Ryokan,729-6142,Hiroshima Prefecture,369 Komocho Shobara,,,http://www.tripadvisor.com/Hotel_Review-g1022434-d3646719-Reviews-Unokoso_Ryokan-Shobara_Hiroshima_Prefecture_Chugoku.html
Business Hotel Miyaji,736-0034,Hiroshima Prefecture,8-34 Tsukimi-cho Kaita-cho,,$,http://www.tripadvisor.com/Hotel_Review-g1121394-d1133095-Reviews-Business_Hotel_Miyaji-Kaita_cho_Aki_gun_Hiroshima_Prefecture_Chugoku.html
View Hotel Seizan,722-0032,Hiroshima Prefecture,16-21 Nishitsuchidocho Onomichi,25,$,http://www.tripadvisor.com/Hotel_Review-g651649-d641284-Reviews-View_Hotel_Seizan-Onomichi_Hiroshima_Prefecture_Chugoku.html
Hotel Alpha-One Onomichi,722-0037,Hiroshima Prefecture,1-1 Nishigoshocho Onomichi,196,$,http://www.tripadvisor.com/Hotel_Review-g651649-d1075693-Reviews-Hotel_Alpha_One_Onomichi-Onomichi_Hiroshima_Prefecture_Chugoku.html
Hotel Okajima,722-0073,Hiroshima Prefecture,843-4 Mukaishima-cho Onomichi,,,http://www.tripadvisor.com/Hotel_Review-g651649-d1075694-Reviews-Hotel_Okajima-Onomichi_Hiroshima_Prefecture_Chugoku.html
Onomichi Kokusai Hotel,722-0014,Hiroshima Prefecture,1-13-6 Shinhama Onomichi,91,$,http://www.tripadvisor.com/Hotel_Review-g651649-d1075695-Reviews-Onomichi_Kokusai_Hotel-Onomichi_Hiroshima_Prefecture_Chugoku.html
Onomichi Port Plaza Hotel,722-0038,Hiroshima Prefecture,5-3 Tenma-cho Onomichi,,,http://www.tripadvisor.com/Hotel_Review-g651649-d1075697-Reviews-Onomichi_Port_Plaza_Hotel-Onomichi_Hiroshima_Prefecture_Chugoku.html
Onomichi Royal Hotel,722-0035,Hiroshima Prefecture,2-9-27 Tsuchido Onomichi,55,$,http://www.tripadvisor.com/Hotel_Review-g651649-d1075698-Reviews-Onomichi_Royal_Hotel-Onomichi_Hiroshima_Prefecture_Chugoku.html
Senkojisanso,722-0032,Hiroshima Prefecture,15-20 Nishitsuchidocho Onomichi,,$$,http://www.tripadvisor.com/Hotel_Review-g651649-d1075699-Reviews-Senkojisanso-Onomichi_Hiroshima_Prefecture_Chugoku.html
Takemuraya Bekkan,722-0215,Hiroshima Prefecture,1650 Minari Minogo-cho minari Onomichi,,$$$$,http://www.tripadvisor.com/Hotel_Review-g651649-d1075701-Reviews-Takemuraya_Bekkan-Onomichi_Hiroshima_Prefecture_Chugoku.html
Tsutsui,722-2411,Hiroshima Prefecture,216 Setoda Setoda-cho Onomichi,,$,http://www.tripadvisor.com/Hotel_Review-g651649-d1075703-Reviews-Tsutsui-Onomichi_Hiroshima_Prefecture_Chugoku.html
Abe Ryokan,722-0073,Hiroshima Prefecture,82-3 Mukaishimacho Onomichi,,$$,http://www.tripadvisor.com/Hotel_Review-g651649-d1089799-Reviews-Abe_Ryokan-Onomichi_Hiroshima_Prefecture_Chugoku.html
Nautique Shiroyama,722-2323,Hiroshima Prefecture,2254-6 Inoshimahabucho Onomichi,,$$,http://www.tripadvisor.com/Hotel_Review-g651649-d1089802-Reviews-Nautique_Shiroyama-Onomichi_Hiroshima_Prefecture_Chugoku.html
Nishiyama Bekkan,722-0052,Hiroshima Prefecture,678-1 Sanbacho Onomichi,,$$$$,http://www.tripadvisor.com/Hotel_Review-g651649-d1089808-Reviews-Nishiyama_Bekkan-Onomichi_Hiroshima_Prefecture_Chugoku.html
Nishiyama Honkan,722-0034,Hiroshima Prefecture,3-27 Toyohimotomachi Onomichi,,$,http://www.tripadvisor.com/Hotel_Review-g651649-d1089810-Reviews-Nishiyama_Honkan-Onomichi_Hiroshima_Prefecture_Chugoku.html
Onomichi Daiichi Hotel,722-0037,Hiroshima Prefecture,4-7 Nishigoshocho Onomichi,43,$,http://www.tripadvisor.com/Hotel_Review-g651649-d1089812-Reviews-Onomichi_Daiichi_Hotel-Onomichi_Hiroshima_Prefecture_Chugoku.html
Ryotei Ryokan Uonobu,722-0045,Hiroshima Prefecture,2-27-6 Kubo Onomichi,,$$,http://www.tripadvisor.com/Hotel_Review-g651649-d1089813-Reviews-Ryotei_Ryokan_Uonobu-Onomichi_Hiroshima_Prefecture_Chugoku.html
Suminoe Ryokan,722-2411,Hiroshima Prefecture,264-3 Setodachosetoda Onomichi,,$$$,http://www.tripadvisor.com/Hotel_Review-g651649-d1089814-Reviews-Suminoe_Ryokan-Onomichi_Hiroshima_Prefecture_Chugoku.html
Green Hill Hotel Onomichi,722-0036,Hiroshima Prefecture,9-1 Higashigoshocho Onomichi,92,$,http://www.tripadvisor.com/Hotel_Review-g651649-d1089815-Reviews-Green_Hill_Hotel_Onomichi-Onomichi_Hiroshima_Prefecture_Chugoku.html
Bella Vista Sakaigahama,720-0551,Hiroshima Prefecture,1344-2 Urasaki-cho Onomichi,78,$$$,http://www.tripadvisor.com/Hotel_Review-g651649-d1094113-Reviews-Bella_Vista_Sakaigahama-Onomichi_Hiroshima_Prefecture_Chugoku.html
Hotel Innoshima,722-2323,Hiroshima Prefecture,288 Innoshimahabucho Onomichi,,$,http://www.tripadvisor.com/Hotel_Review-g651649-d1112941-Reviews-Hotel_Innoshima-Onomichi_Hiroshima_Prefecture_Chugoku.html
B&B Shiokaze,722-0073,Hiroshima Prefecture,16058-44 Mukaishimacho Onomichi,,,http://www.tripadvisor.com/Hotel_Review-g651649-d1112956-Reviews-B_B_Shiokaze-Onomichi_Hiroshima_Prefecture_Chugoku.html
Hiyoshi,722-2414,Hiroshima Prefecture,83 Setodacho Shikatahara Onomichi,,$,http://www.tripadvisor.com/Hotel_Review-g651649-d1112962-Reviews-Hiyoshi-Onomichi_Hiroshima_Prefecture_Chugoku.html
Miyajima,722-2323,Hiroshima Prefecture,2562-1 Innoshimahabucho Onomichi,,$,http://www.tripadvisor.com/Hotel_Review-g651649-d1112970-Reviews-Miyajima-Onomichi_Hiroshima_Prefecture_Chugoku.html
Urashima,722-0215,Hiroshima Prefecture,2500 Minogochominari Onomichi,,$,http://www.tripadvisor.com/Hotel_Review-g651649-d1112993-Reviews-Urashima-Onomichi_Hiroshima_Prefecture_Chugoku.html
Sakanokaze,722-0032,Hiroshima Prefecture,16-9 Nishitsuchidocho Onomichi,,$$,http://www.tripadvisor.com/Hotel_Review-g651649-d1113009-Reviews-Sakanokaze-Onomichi_Hiroshima_Prefecture_Chugoku.html
Hotel Minatoya,722-0036,Hiroshima Prefecture,4-14 Higashigoshocho Onomichi,,$,http://www.tripadvisor.com/Hotel_Review-g651649-d1113032-Reviews-Hotel_Minatoya-Onomichi_Hiroshima_Prefecture_Chugoku.html
Morokeya Ryokan,722-0341,Hiroshima Prefecture,104-1 Mitsugichokami Onomichi,,,http://www.tripadvisor.com/Hotel_Review-g651649-d1113192-Reviews-Morokeya_Ryokan-Onomichi_Hiroshima_Prefecture_Chugoku.html
Sato Ryokan,722-0037,Hiroshima Prefecture,3-1 Nishigoshocho Onomichi,,,http://www.tripadvisor.com/Hotel_Review-g651649-d1113199-Reviews-Sato_Ryokan-Onomichi_Hiroshima_Prefecture_Chugoku.html
Kono Onsen,722-0073,Hiroshima Prefecture,843-6 Mukaishimacho Onomichi,,$,http://www.tripadvisor.com/Hotel_Review-g651649-d1113204-Reviews-Kono_Onsen-Onomichi_Hiroshima_Prefecture_Chugoku.html
Sazanami,722-2411,Hiroshima Prefecture,181-5 Setodacho Setoda Onomichi,,$,http://www.tripadvisor.com/Hotel_Review-g651649-d1113209-Reviews-Sazanami-Onomichi_Hiroshima_Prefecture_Chugoku.html
Kono Minshuku Onomichi,729-0141,Hiroshima Prefecture,400-17 Takasucho Onomichi,,,http://www.tripadvisor.com/Hotel_Review-g651649-d1113223-Reviews-Kono_Minshuku_Onomichi-Onomichi_Hiroshima_Prefecture_Chugoku.html
Tamaya,722-2102,Hiroshima Prefecture,2658-8 Innoshimashigeicho Onomichi,,,http://www.tripadvisor.com/Hotel_Review-g651649-d1113225-Reviews-Tamaya-Onomichi_Hiroshima_Prefecture_Chugoku.html
Fukaura,722-2102,Hiroshima Prefecture,351 Innoshimashigeicho Onomichi,,,http://www.tripadvisor.com/Hotel_Review-g651649-d1113229-Reviews-Fukaura-Onomichi_Hiroshima_Prefecture_Chugoku.html
Minshuku Kaikoso,722-2101,Hiroshima Prefecture,471 Innoshimaohamacho Onomichi,,$,http://www.tripadvisor.com/Hotel_Review-g651649-d1879908-Reviews-Minshuku_Kaikoso-Onomichi_Hiroshima_Prefecture_Chugoku.html
Tennen Onsen Onomichi Fureainosato,722-0353,Hiroshima Prefecture,1369 Mitsugichotakao Onomichi,71,,http://www.tripadvisor.com/Hotel_Review-g651649-d1879919-Reviews-Tennen_Onsen_Onomichi_Fureainosato-Onomichi_Hiroshima_Prefecture_Chugoku.html
Juicy Fruit,722-2405,Hiroshima Prefecture,10-1 Setodacho-Fukuda Onomichi,,,http://www.tripadvisor.com/Hotel_Review-g651649-d1994556-Reviews-Juicy_Fruit-Onomichi_Hiroshima_Prefecture_Chugoku.html
Yoro Onsen Honkan,722-0215,Hiroshima Prefecture,2502-1 Minogocho Minari Onomichi,,$,http://www.tripadvisor.com/Hotel_Review-g651649-d2069181-Reviews-Yoro_Onsen_Honkan-Onomichi_Hiroshima_Prefecture_Chugoku.html
Takemuraya Honkan,722-0045,Hiroshima Prefecture,Kaigan 3-14-1 Kubo Onomichi,,$$$$,http://www.tripadvisor.com/Hotel_Review-g651649-d2258754-Reviews-Takemuraya_Honkan-Onomichi_Hiroshima_Prefecture_Chugoku.html
Fuji Hostel,722-0034,Hiroshima Prefecture,3-30 Toyohimotomachi Onomichi,,$,http://www.tripadvisor.com/Hotel_Review-g651649-d2558901-Reviews-Fuji_Hostel-Onomichi_Hiroshima_Prefecture_Chugoku.html
Anagononedoko,722-0035 ,Hiroshima Prefecture,4-9 Tsuchido 2Chome Onomichi,4,$,http://www.tripadvisor.com/Hotel_Review-g651649-d3653488-Reviews-Anagononedoko-Onomichi_Hiroshima_Prefecture_Chugoku.html
HTS Guesthouse Onomichi,722-0035,Hiroshima Prefecture,1-6-3 Tsuchido Onomichi,3,$,http://www.tripadvisor.com/Hotel_Review-g651649-d4317652-Reviews-HTS_Guesthouse_Onomichi-Onomichi_Hiroshima_Prefecture_Chugoku.html
Kanponoyado Takehara,725-0002,Hiroshima Prefecture,442-2 Nishinocho Takehara,,$$,http://www.tripadvisor.com/Hotel_Review-g1022436-d1088751-Reviews-Kanponoyado_Takehara-Takehara_Hiroshima_Prefecture_Chugoku.html
Hotel Kamogawaso,725-0002,Hiroshima Prefecture,445 Nishinocyo Takehara,,$$,http://www.tripadvisor.com/Hotel_Review-g1022436-d1088759-Reviews-Hotel_Kamogawaso-Takehara_Hiroshima_Prefecture_Chugoku.html
Kyukamura Okunoshima,729-2311,Hiroshima Prefecture,Tadanoumicho Takehara,,$$,http://www.tripadvisor.com/Hotel_Review-g1022436-d1112459-Reviews-Kyukamura_Okunoshima-Takehara_Hiroshima_Prefecture_Chugoku.html
Daikoen,725-0002,Hiroshima Prefecture,3591 Takeharacho Takehara,,,http://www.tripadvisor.com/Hotel_Review-g1022436-d1112464-Reviews-Daikoen-Takehara_Hiroshima_Prefecture_Chugoku.html
Takehara City Hotel,725-0026,Hiroshima Prefecture,2-2-13 Chuo Takehara,,,http://www.tripadvisor.com/Hotel_Review-g1022436-d1841967-Reviews-Takehara_City_Hotel-Takehara_Hiroshima_Prefecture_Chugoku.html
Kawamoto Ryokan,731-3813,Hiroshima Prefecture,1727 Shiwagi Akiota-cho,,$,http://www.tripadvisor.com/Hotel_Review-g1121397-d1123952-Reviews-Kawamoto_Ryokan-Akiota_cho_Yamagata_gun_Hiroshima_Prefecture_Chugoku.html
Sandankyo Hotel,731-3813,Hiroshima Prefecture,1734 Akiotacho Shiwagi_ Akiota-cho,,$,http://www.tripadvisor.com/Hotel_Review-g1121397-d1123969-Reviews-Sandankyo_Hotel-Akiota_cho_Yamagata_gun_Hiroshima_Prefecture_Chugoku.html
Nukui Springs,731-3501,Hiroshima Prefecture,4692-7 Kake Akiota-cho,31,$$,http://www.tripadvisor.com/Hotel_Review-g1121397-d1566466-Reviews-Nukui_Springs-Akiota_cho_Yamagata_gun_Hiroshima_Prefecture_Chugoku.html
Osorakansanso,731-3801,Hiroshima Prefecture,Yokogo Akiota-cho,,,http://www.tripadvisor.com/Hotel_Review-g1121397-d1566467-Reviews-Osorakansanso-Akiota_cho_Yamagata_gun_Hiroshima_Prefecture_Chugoku.html
Greenspa Tsutsuga,731-3702,Hiroshima Prefecture,280 Sainotoge Nakatsutsuga Akiota-cho,,$,http://www.tripadvisor.com/Hotel_Review-g1121397-d1566468-Reviews-Greenspa_Tsutsuga-Akiota_cho_Yamagata_gun_Hiroshima_Prefecture_Chugoku.html
Minshuku Irie,731-3813,Hiroshima Prefecture,1587 Shiwagi Akiota-cho,,,http://www.tripadvisor.com/Hotel_Review-g1121397-d1566469-Reviews-Minshuku_Irie-Akiota_cho_Yamagata_gun_Hiroshima_Prefecture_Chugoku.html
Ikoinomura Hiroshima,731-3834,Hiroshima Prefecture,1-1 Matsubara Akiota-cho,,,http://www.tripadvisor.com/Hotel_Review-g1121397-d1879811-Reviews-Ikoinomura_Hiroshima-Akiota_cho_Yamagata_gun_Hiroshima_Prefecture_Chugoku.html
Nukui Onsen Ryuzu House,731-3702,Hiroshima Prefecture,842-4 Nakatsutsuga Akiota-cho,,$,http://www.tripadvisor.com/Hotel_Review-g1121397-d1879828-Reviews-Nukui_Onsen_Ryuzu_House-Akiota_cho_Yamagata_gun_Hiroshima_Prefecture_Chugoku.html
Pension Tateyama,731-3801,Hiroshima Prefecture,Yokogo Akiota-cho,,,http://www.tripadvisor.com/Hotel_Review-g1121397-d1879833-Reviews-Pension_Tateyama-Akiota_cho_Yamagata_gun_Hiroshima_Prefecture_Chugoku.html
Daigo,731-3835,Hiroshima Prefecture,1251-1 Koita Akiota-cho,,$$$$,http://www.tripadvisor.com/Hotel_Review-g1121397-d2697035-Reviews-Daigo-Akiota_cho_Yamagata_gun_Hiroshima_Prefecture_Chugoku.html
Minshuku Alpenya,731-2552,Hiroshima Prefecture,405-3 Nishiyawatahara Kitahiroshima-cho,,,http://www.tripadvisor.com/Hotel_Review-g1121398-d1566470-Reviews-Minshuku_Alpenya-Kitahiroshima_cho_Yamagata_gun_Hiroshima_Prefecture_Chugoku.html
Minshuku Ikoi,731-1221,Hiroshima Prefecture,2591 Imayoshida Kitahiroshima-cho,,$,http://www.tripadvisor.com/Hotel_Review-g1121398-d1566471-Reviews-Minshuku_Ikoi-Kitahiroshima_cho_Yamagata_gun_Hiroshima_Prefecture_Chugoku.html
Shizu,731-2203,Hiroshima Prefecture,542-2 Kobara Kitahiroshima-cho,,,http://www.tripadvisor.com/Hotel_Review-g1121398-d1566472-Reviews-Shizu-Kitahiroshima_cho_Yamagata_gun_Hiroshima_Prefecture_Chugoku.html
Country Inn Fusuke,731-2436,Hiroshima Prefecture,76-4 Mandokoro Kitahiroshima-cho,,$,http://www.tripadvisor.com/Hotel_Review-g1121398-d1566474-Reviews-Country_Inn_Fusuke-Kitahiroshima_cho_Yamagata_gun_Hiroshima_Prefecture_Chugoku.html
Oasa Narutaki Roten Onsen,731-2104,Hiroshima Prefecture,5111 Oasa Kitahiroshima-cho,,$$,http://www.tripadvisor.com/Hotel_Review-g1121398-d1864095-Reviews-Oasa_Narutaki_Roten_Onsen-Kitahiroshima_cho_Yamagata_gun_Hiroshima_Prefecture_Chugoku.html
Pension Soyokaze,731-2436,Hiroshima Prefecture,134-1 Mandokoro Kitahiroshima-cho,,$,http://www.tripadvisor.com/Hotel_Review-g1121398-d1879835-Reviews-Pension_Soyokaze-Kitahiroshima_cho_Yamagata_gun_Hiroshima_Prefecture_Chugoku.html
Azarea Chiyoda,731-1515,Hiroshima Prefecture,550 Mibu Kitahiroshima-cho,,,http://www.tripadvisor.com/Hotel_Review-g1121398-d1879843-Reviews-Azarea_Chiyoda-Kitahiroshima_cho_Yamagata_gun_Hiroshima_Prefecture_Chugoku.html
Minshuku Bunanosato,731-2551,Hiroshima Prefecture,886-5 Higashiyawatahara Kitahiroshima-cho,,,http://www.tripadvisor.com/Hotel_Review-g1121398-d1879846-Reviews-Minshuku_Bunanosato-Kitahiroshima_cho_Yamagata_gun_Hiroshima_Prefecture_Chugoku.html
Minshuku Okazue,731-2314,Hiroshima Prefecture,144 Sayoto Kitahiroshima-cho,,,http://www.tripadvisor.com/Hotel_Review-g1121398-d1879872-Reviews-Minshuku_Okazue-Kitahiroshima_cho_Yamagata_gun_Hiroshima_Prefecture_Chugoku.html
Geihoku Oak Garden,731-2322,Hiroshima Prefecture,145-104 Hosomi Kitahiroshima-cho,,$,http://www.tripadvisor.com/Hotel_Review-g1121398-d1879876-Reviews-Geihoku_Oak_Garden-Kitahiroshima_cho_Yamagata_gun_Hiroshima_Prefecture_Chugoku.html
Hiroshima Kita Hotel,731-1523,Hiroshima Prefecture,3659 Minamigata Kitahiroshima-cho,,$,http://www.tripadvisor.com/Hotel_Review-g1121398-d1910317-Reviews-Hiroshima_Kita_Hotel-Kitahiroshima_cho_Yamagata_gun_Hiroshima_Prefecture_Chugoku.html
Tawara Onsen 5000 Nen Furo,731-2105,Hiroshima Prefecture,665 Tawara Kitahiroshima-cho,,$$,http://www.tripadvisor.com/Hotel_Review-g1121398-d2696998-Reviews-Tawara_Onsen_5000_Nen_Furo-Kitahiroshima_cho_Yamagata_gun_Hiroshima_Prefecture_Chugok.html
Clayton Bay Hotel,737-0822,Hiroshima Prefecture,3-3 Tsukijicho Kure,59,$,http://www.tripadvisor.com/Hotel_Review-g1022430-d1050790-Reviews-Clayton_Bay_Hotel-Kure_Hiroshima_Prefecture_Chugoku.html
Sasakojima,737-1377,Hiroshima Prefecture,132-8 Kurahashicho Kure,,,http://www.tripadvisor.com/Hotel_Review-g1022430-d1050795-Reviews-Sasakojima-Kure_Hiroshima_Prefecture_Chugoku.html
Hiro Station Hotel Annex,737-0131,Hiroshima Prefecture,4-16 Hironakacho Kure,,,http://www.tripadvisor.com/Hotel_Review-g1022430-d1050798-Reviews-Hiro_Station_Hotel_Annex-Kure_Hiroshima_Prefecture_Chugoku.html
Kure Station Hotel,737-0051,Hiroshima Prefecture,1-3-8 Chuo Kure,,$,http://www.tripadvisor.com/Hotel_Review-g1022430-d1050802-Reviews-Kure_Station_Hotel-Kure_Hiroshima_Prefecture_Chugoku.html
Kure First Hotel,737-0046,Hiroshima Prefecture,1-5-8 Nakadori Kure,,$,http://www.tripadvisor.com/Hotel_Review-g1022430-d1050803-Reviews-Kure_First_Hotel-Kure_Hiroshima_Prefecture_Chugoku.html
Hiro Station Hotel Regent House,737-0131,Hiroshima Prefecture,4-29 Hironakacho Kure,,,http://www.tripadvisor.com/Hotel_Review-g1022430-d1050942-Reviews-Hiro_Station_Hotel_Regent_House-Kure_Hiroshima_Prefecture_Chugoku.html
Toraya Ryokan,737-1203,Hiroshima Prefecture,"1-4-9 Iwashihama, Ondo-cho Kure",,,http://www.tripadvisor.com/Hotel_Review-g1022430-d1050944-Reviews-Toraya_Ryokan-Kure_Hiroshima_Prefecture_Chugoku.html
Kure Hankyu Hotel,737-0051,Hiroshima Prefecture,1-1-1 Chuo Kure,70,$,http://www.tripadvisor.com/Hotel_Review-g1022430-d1050945-Reviews-Kure_Hankyu_Hotel-Kure_Hiroshima_Prefecture_Chugoku.html
Minshuku Kamagari,737-0403,Hiroshima Prefecture,765-2 Kamagarichotado Kure,,,http://www.tripadvisor.com/Hotel_Review-g1022430-d1050946-Reviews-Minshuku_Kamagari-Kure_Hiroshima_Prefecture_Chugoku.html
Tomorrow House,737-0302,Hiroshima Prefecture,839-2 Ikenoura Shimojima Shimokamagari-cho Kure,,,http://www.tripadvisor.com/Hotel_Review-g1022430-d1050951-Reviews-Tomorrow_House-Kure_Hiroshima_Prefecture_Chugoku.html
Urban Inn,737-0045,Hiroshima Prefecture,1-6-12 Hondori Kure,,$,http://www.tripadvisor.com/Hotel_Review-g1022430-d1051345-Reviews-Urban_Inn-Kure_Hiroshima_Prefecture_Chugoku.html
Nakata Ryokan,737-0823,Hiroshima Prefecture,1-7-6 Kaigan Kure,,,http://www.tripadvisor.com/Hotel_Review-g1022430-d1051347-Reviews-Nakata_Ryokan-Kure_Hiroshima_Prefecture_Chugoku.html
Business Hotel Mishima,737-0045,Hiroshima Prefecture,1-5-35 Hondori Kure,,$,http://www.tripadvisor.com/Hotel_Review-g1022430-d1051353-Reviews-Business_Hotel_Mishima-Kure_Hiroshima_Prefecture_Chugoku.html
Kure Morisawa Hotel,737-0032,Hiroshima Prefecture,15-22 Honmachi Kure,50,$,http://www.tripadvisor.com/Hotel_Review-g1022430-d1051357-Reviews-Kure_Morisawa_Hotel-Kure_Hiroshima_Prefecture_Chugoku.html
Yoshino Ryokan,737-0045,Hiroshima Prefecture,1-3-12 Hondori Kure,,$,http://www.tripadvisor.com/Hotel_Review-g1022430-d1051358-Reviews-Yoshino_Ryokan-Kure_Hiroshima_Prefecture_Chugoku.html
Hotel Crecio Kurehondori,737-0045,Hiroshima Prefecture,3-4-10 Hondori Kure,,$,http://www.tripadvisor.com/Hotel_Review-g1022430-d1051365-Reviews-Hotel_Crecio_Kurehondori-Kure_Hiroshima_Prefecture_Chugoku.html
Shimayado Ako,737-0311,Hiroshima Prefecture,3251-14 Kamagarichomukai Kure,,$$,http://www.tripadvisor.com/Hotel_Review-g1022430-d1051369-Reviews-Shimayado_Ako-Kure_Hiroshima_Prefecture_Chugoku.html
Business Hotel Indo-ya,737-0051,Hiroshima Prefecture,1-5-7 Chuo Kure,,$,http://www.tripadvisor.com/Hotel_Review-g1022430-d1075669-Reviews-Business_Hotel_Indo_ya-Kure_Hiroshima_Prefecture_Chugoku.html
BusinessHotel Nakamura,737-0032,Hiroshima Prefecture,8-14 Hon-machi Kure,,$,http://www.tripadvisor.com/Hotel_Review-g1022430-d1075670-Reviews-BusinessHotel_Nakamura-Kure_Hiroshima_Prefecture_Chugoku.html
Fields,737-0112,Hiroshima Prefecture,3-2-84 Hirokoshingai Kure,,$,http://www.tripadvisor.com/Hotel_Review-g1022430-d1088787-Reviews-Fields-Kure_Hiroshima_Prefecture_Chugoku.html
Business Hotel Dainiyamanaka,737-0821,Hiroshima Prefecture,3-2-21 Sanjo Kure,,$,http://www.tripadvisor.com/Hotel_Review-g1022430-d1088788-Reviews-Business_Hotel_Dainiyamanaka-Kure_Hiroshima_Prefecture_Chugoku.html
Business Hotel Kure,737-0051,Hiroshima Prefecture,1-6-10 Chuo Kure,,$,http://www.tripadvisor.com/Hotel_Review-g1022430-d1088790-Reviews-Business_Hotel_Kure-Kure_Hiroshima_Prefecture_Chugoku.html
Business Hotel Urashima,737-0853,Hiroshima Prefecture,1-3-20 Yoshiuranakamachi Kure,,$,http://www.tripadvisor.com/Hotel_Review-g1022430-d1088793-Reviews-Business_Hotel_Urashima-Kure_Hiroshima_Prefecture_Chugoku.html
Daiichi Park Hotel,737-0051,Hiroshima Prefecture,4-3-1 Chuo Kure,,$,http://www.tripadvisor.com/Hotel_Review-g1022430-d1096876-Reviews-Daiichi_Park_Hotel-Kure_Hiroshima_Prefecture_Chugoku.html
Kure Marine Hotel,737-0029,Hiroshima Prefecture,4-21 Takaramachi Kure,,,http://www.tripadvisor.com/Hotel_Review-g1022430-d1096883-Reviews-Kure_Marine_Hotel-Kure_Hiroshima_Prefecture_Chugoku.html
Business Hotel Goto at Net,737-0051,Hiroshima Prefecture,1-4-25 Chuo Kure,,$,http://www.tripadvisor.com/Hotel_Review-g1022430-d1111242-Reviews-Business_Hotel_Goto_at_Net-Kure_Hiroshima_Prefecture_Chugoku.html
Hotel Green Pier Setouchi,737-2502,Hiroshima Prefecture,"326-48 Mitsuguchi, Yasuuracho Kure",67,$,http://www.tripadvisor.com/Hotel_Review-g1022430-d1128865-Reviews-Hotel_Green_Pier_Setouchi-Kure_Hiroshima_Prefecture_Chugoku.html
Comfort Hotel Kure,737-0029 ,Hiroshima Prefecture,2-38 Takara-machi Kure,149,$,http://www.tripadvisor.com/Hotel_Review-g1022430-d1456927-Reviews-Comfort_Hotel_Kure-Kure_Hiroshima_Prefecture_Chugoku.html
Noro Kogen Lodge,737-2631 ,Hiroshima Prefecture,"5502-37 Itayasumi, Kawajiri-cho Kure",,$,http://www.tripadvisor.com/Hotel_Review-g1022430-d1594943-Reviews-Noro_Kogen_Lodge-Kure_Hiroshima_Prefecture_Chugoku.html
View Port Kure Hotel,737-0046,Hiroshima Prefecture,1-1-2 Nakadori Kure,,$,http://www.tripadvisor.com/Hotel_Review-g1022430-d1864122-Reviews-View_Port_Kure_Hotel-Kure_Hiroshima_Prefecture_Chugoku.html
Suomi,737-2608,Hiroshima Prefecture,2-16-1 Koyo Kawajiricho Kure,,$$$,http://www.tripadvisor.com/Hotel_Review-g1022430-d1864124-Reviews-Suomi-Kure_Hiroshima_Prefecture_Chugoku.html
Seaside Katsuragahamaso,737-1300,Hiroshima Prefecture,576-7 Kurahashichosainoki Kure,,$$,http://www.tripadvisor.com/Hotel_Review-g1022430-d1881045-Reviews-Seaside_Katsuragahamaso-Kure_Hiroshima_Prefecture_Chugoku.html
Umibenoyado Ekubo,737-1377,Hiroshima Prefecture,8044-38 Kurahashichonagatani Kure,,$$$,http://www.tripadvisor.com/Hotel_Review-g1022430-d1882913-Reviews-Umibenoyado_Ekubo-Kure_Hiroshima_Prefecture_Chugoku.html
Nagomitei,734-0302,Hiroshima Prefecture,315 Yutakamachi Mitarai Kure,,,http://www.tripadvisor.com/Hotel_Review-g1022430-d1916390-Reviews-Nagomitei-Kure_Hiroshima_Prefecture_Chugoku.html
Business Hotel Hiro,737-0125,Hiroshima Prefecture,1-2-20 Hiromotocho Kure,,,http://www.tripadvisor.com/Hotel_Review-g1022430-d1989180-Reviews-Business_Hotel_Hiro-Kure_Hiroshima_Prefecture_Chugoku.html
Weekly Crecio Goyontsudoro,737-0045,Hiroshima Prefecture,2-1-16 Hondori Kure,,,http://www.tripadvisor.com/Hotel_Review-g1022430-d2027865-Reviews-Weekly_Crecio_Goyontsudoro-Kure_Hiroshima_Prefecture_Chugoku.html
Nomura,737-0045,Hiroshima Prefecture,2-2-24 Hondori Kure,,,http://www.tripadvisor.com/Hotel_Review-g1022430-d2027868-Reviews-Nomura-Kure_Hiroshima_Prefecture_Chugoku.html
Yamato Onsen Monogatari,737-0029,Hiroshima Prefecture,2-50 Takaramachi Kure,,,http://www.tripadvisor.com/Hotel_Review-g1022430-d2513834-Reviews-Yamato_Onsen_Monogatari-Kure_Hiroshima_Prefecture_Chugoku.html
Kagayakinoyakata,737-0402,Hiroshima Prefecture,7646 Kamagarichooura Kure,,,http://www.tripadvisor.com/Hotel_Review-g1022430-d2614790-Reviews-Kagayakinoyakata-Kure_Hiroshima_Prefecture_Chugoku.html
Abinoyado,734-0101,Hiroshima Prefecture,3414-8 Toyohamachotoyoshima Kure,,$,http://www.tripadvisor.com/Hotel_Review-g1022430-d2695174-Reviews-Abinoyado-Kure_Hiroshima_Prefecture_Chugoku.html
Business Hotel Fuji,737-0032,Hiroshima Prefecture,20-7 Honmachi Kure,,,http://www.tripadvisor.com/Hotel_Review-g1022430-d2696958-Reviews-Business_Hotel_Fuji-Kure_Hiroshima_Prefecture_Chugoku.html
Business Hotel Kure Onsen,737-0051,Hiroshima Prefecture,6-3-20 Chuo Kure,,,http://www.tripadvisor.com/Hotel_Review-g1022430-d2696959-Reviews-Business_Hotel_Kure_Onsen-Kure_Hiroshima_Prefecture_Chugoku.html
Ryokan Miuraya,737-0845,Hiroshima Prefecture,1-4-26 Yoshiurashinmachi Kure,,,http://www.tripadvisor.com/Hotel_Review-g1022430-d2696995-Reviews-Ryokan_Miuraya-Kure_Hiroshima_Prefecture_Chugoku.html
Toyoko Inn Higashi-Hiroshima Ekimae,739-0026,Hiroshima Prefecture,2-2-31 Minaga Higashihiroshima,188,$,http://www.tripadvisor.com/Hotel_Review-g1022437-d795397-Reviews-Toyoko_Inn_Higashi_Hiroshima_Ekimae-Higashihiroshima_Hiroshima_Prefecture_Chugoku.html
Hotel Kamo,739-0024,Hiroshima Prefecture,6184 Misono Saijo-cho Higashihiroshima,,$,http://www.tripadvisor.com/Hotel_Review-g1022437-d1075663-Reviews-Hotel_Kamo-Higashihiroshima_Hiroshima_Prefecture_Chugoku.html
Kappo Hotel Ippuku,739-0012,Hiroshima Prefecture,11-31 Saijoasahi-machi Higashihiroshima,18,$,http://www.tripadvisor.com/Hotel_Review-g1022437-d1075665-Reviews-Kappo_Hotel_Ippuku-Higashihiroshima_Hiroshima_Prefecture_Chugoku.html
Green - Hotel Morris,739-0014,Hiroshima Prefecture,11-8 Saijoshowamachi Higashihiroshima,220,$,http://www.tripadvisor.com/Hotel_Review-g1022437-d1089753-Reviews-Green_Hotel_Morris-Higashihiroshima_Hiroshima_Prefecture_Chugoku.html
Hotel Van Cornell,739-0016,Hiroshima Prefecture,10-20 Saijookamachi Higashihiroshima,,,http://www.tripadvisor.com/Hotel_Review-g1022437-d1089761-Reviews-Hotel_Van_Cornell-Higashihiroshima_Hiroshima_Prefecture_Chugoku.html
Hiroshima Techno Plaza,739-0046,Hiroshima Prefecture,3-13-26 Kagamiyama Higashihiroshima,,$,http://www.tripadvisor.com/Hotel_Review-g1022437-d1089767-Reviews-Hiroshima_Techno_Plaza-Higashihiroshima_Hiroshima_Prefecture_Chugoku.html
Hotel Eagle,739-0005,Hiroshima Prefecture,2-13 Saijo Otsubocho Higashihiroshima,,$,http://www.tripadvisor.com/Hotel_Review-g1022437-d1089773-Reviews-Hotel_Eagle-Higashihiroshima_Hiroshima_Prefecture_Chugoku.html
Wing Park Hotel,739-2208,Hiroshima Prefecture,1296-72 Kochichonyuno Higashihiroshima,,$,http://www.tripadvisor.com/Hotel_Review-g1022437-d1089792-Reviews-Wing_Park_Hotel-Higashihiroshima_Hiroshima_Prefecture_Chugoku.html
Vessel hotel Higashihiroshima,739-0026,Hiroshima Prefecture,2-6-36 Minaga Higashihiroshima,126,$,http://www.tripadvisor.com/Hotel_Review-g1022437-d1096886-Reviews-Vessel_hotel_Higashihiroshima-Higashihiroshima_Hiroshima_Prefecture_Chugoku.html
Saijou Grand Hotel,739-0023,Hiroshima Prefecture,730 Saijochoshimominaga Higashihiroshima,,,http://www.tripadvisor.com/Hotel_Review-g1022437-d1096887-Reviews-Saijou_Grand_Hotel-Higashihiroshima_Hiroshima_Prefecture_Chugoku.html
Kosuien,739-0262,Hiroshima Prefecture,3432 Shiwacho Shiwahigashi Higashihiroshima,,$$$,http://www.tripadvisor.com/Hotel_Review-g1022437-d1112470-Reviews-Kosuien-Higashihiroshima_Hiroshima_Prefecture_Chugoku.html
Ishida Ryokan,739-0141,Hiroshima Prefecture,1504 Hachihonmatsuchoiida Higashihiroshima,,$,http://www.tripadvisor.com/Hotel_Review-g1022437-d1112478-Reviews-Ishida_Ryokan-Higashihiroshima_Hiroshima_Prefecture_Chugoku.html
Inter-City Hotel Eucalyptus,739-0016,Hiroshima Prefecture,1-16 Saijokamachi Higashihiroshima,,,http://www.tripadvisor.com/Hotel_Review-g1022437-d1112481-Reviews-Inter_City_Hotel_Eucalyptus-Higashihiroshima_Hiroshima_Prefecture_Chugoku.html
Toyoko Inn Higashihiroshima Saijo Ekimae,739-0011,Hiroshima Prefecture,12-2 Higashihiroshima,,$,http://www.tripadvisor.com/Hotel_Review-g1022437-d1497071-Reviews-Toyoko_Inn_Higashihiroshima_Saijo_Ekimae-Higashihiroshima_Hiroshima_Prefecture_Chugok.html
Hotel Sunrise 21,739-0014,Hiroshima Prefecture,5-10 Saijo Showamachi Higashihiroshima,,$,http://www.tripadvisor.com/Hotel_Review-g1022437-d1566464-Reviews-Hotel_Sunrise_21-Higashihiroshima_Hiroshima_Prefecture_Chugoku.html
Saijo Hakuwa Hotel,739-0047,Hiroshima Prefecture,6-5-45 Saijo Shitami Higashihiroshima,23,$,http://www.tripadvisor.com/Hotel_Review-g1022437-d1864121-Reviews-Saijo_Hakuwa_Hotel-Higashihiroshima_Hiroshima_Prefecture_Chugoku.html
Akinoyado Furaku,739-2402,Hiroshima Prefecture,4212-14 Akitsuchomitsu Higashihiroshima,,,http://www.tripadvisor.com/Hotel_Review-g1022437-d1881051-Reviews-Akinoyado_Furaku-Higashihiroshima_Hiroshima_Prefecture_Chugoku.html
Hotel Gran Casa,739-0011,Hiroshima Prefecture,17-13 Saijohonmachi Higashihiroshima,,$,http://www.tripadvisor.com/Hotel_Review-g1022437-d1917662-Reviews-Hotel_Gran_Casa-Higashihiroshima_Hiroshima_Prefecture_Chugoku.html
Kashiwagi Ryokan,739-2201 ,Hiroshima Prefecture,739-3 Kochicho Nakagochi Higashihiroshima,,,http://www.tripadvisor.com/Hotel_Review-g1022437-d2040083-Reviews-Kashiwagi_Ryokan-Higashihiroshima_Hiroshima_Prefecture_Chugoku.html
Rider House Tabinoyado375,739-2311,Hiroshima Prefecture,1170-2 Toyosakachonomi Higashihiroshima,,,http://www.tripadvisor.com/Hotel_Review-g1022437-d3627913-Reviews-Rider_House_Tabinoyado375-Higashihiroshima_Hiroshima_Prefecture_Chugoku.html
Hiroshima Saijo Youth Hostel,739-0016,Hiroshima Prefecture,3-3 Saijo Okamachi Higashihiroshima,,$,http://www.tripadvisor.com/Hotel_Review-g1022437-d5122449-Reviews-Hiroshima_Saijo_Youth_Hostel-Higashihiroshima_Hiroshima_Prefecture_Chugoku.html
Hotel Seifukan,725-0402,Hiroshima Prefecture,1900 Okiura Osakikamijima-cho,,$$$,http://www.tripadvisor.com/Hotel_Review-g1121399-d1566476-Reviews-Hotel_Seifukan-Osakikamijima_cho_Toyota_gun_Hiroshima_Prefecture_Chugoku.html
Izumi Ryokan,725-0231,Hiroshima Prefecture,"3113 Oda, Higashino Osakikamijima-cho",,,http://www.tripadvisor.com/Hotel_Review-g1121399-d2614805-Reviews-Izumi_Ryokan-Osakikamijima_cho_Toyota_gun_Hiroshima_Prefecture_Chugoku.html
Family Pension Uomi,725-0402,Hiroshima Prefecture,1496-1 Okiura Osakikamijima-cho,,,http://www.tripadvisor.com/Hotel_Review-g1121399-d4341830-Reviews-Family_Pension_Uomi-Osakikamijima_cho_Toyota_gun_Hiroshima_Prefecture_Chugoku.html
Hiroshima Airport Hotel,729-0416,Hiroshima Prefecture,"64-25 Zennyuji, Hongo-cho Mihara",171,$,http://www.tripadvisor.com/Hotel_Review-g1022431-d1075679-Reviews-Hiroshima_Airport_Hotel-Mihara_Hiroshima_Prefecture_Chugoku.html
Hotel Yassa,723-0014,Hiroshima Prefecture,1-9-2 Shiro-machi Mihara,40,$,http://www.tripadvisor.com/Hotel_Review-g1022431-d1075681-Reviews-Hotel_Yassa-Mihara_Hiroshima_Prefecture_Chugoku.html
Mihara City Hotel,723-0014,Hiroshima Prefecture,2-2-2 Shiro-machi Mihara,,$,http://www.tripadvisor.com/Hotel_Review-g1022431-d1075682-Reviews-Mihara_City_Hotel-Mihara_Hiroshima_Prefecture_Chugoku.html
Mihara Station Hotel,723-0014,Hiroshima Prefecture,1-10-15 Shiro-machi Mihara,,$,http://www.tripadvisor.com/Hotel_Review-g1022431-d1075683-Reviews-Mihara_Station_Hotel-Mihara_Hiroshima_Prefecture_Chugoku.html
Mihara Terminal Hotel,723-0004,Hiroshima Prefecture,1-3-5 Yakata-machi Mihara,,$,http://www.tripadvisor.com/Hotel_Review-g1022431-d1075686-Reviews-Mihara_Terminal_Hotel-Mihara_Hiroshima_Prefecture_Chugoku.html
Hotel Todai,723-0014,Hiroshima Prefecture,2-3-3 Shiromachi Mihara,,$,http://www.tripadvisor.com/Hotel_Review-g1022431-d1088762-Reviews-Hotel_Todai-Mihara_Hiroshima_Prefecture_Chugoku.html
Mihara Kokusai Hotel,723-0014,Hiroshima Prefecture,1-2-1 Shiromachi Mihara,,$,http://www.tripadvisor.com/Hotel_Review-g1022431-d1088765-Reviews-Mihara_Kokusai_Hotel-Mihara_Hiroshima_Prefecture_Chugoku.html
Center Hotel Mihara,723-0014,Hiroshima Prefecture,3-7-14 Shiromachi Mihara,,$,http://www.tripadvisor.com/Hotel_Review-g1022431-d1088768-Reviews-Center_Hotel_Mihara-Mihara_Hiroshima_Prefecture_Chugoku.html
Hotel Suehiro,723-0032,Hiroshima Prefecture,2352 Sunaminishimachi Mihara,,$,http://www.tripadvisor.com/Hotel_Review-g1022431-d1096885-Reviews-Hotel_Suehiro-Mihara_Hiroshima_Prefecture_Chugoku.html
Isomi,723-0014,Hiroshima Prefecture,1-14-5 Shiromachi Mihara,,,http://www.tripadvisor.com/Hotel_Review-g1022431-d1111253-Reviews-Isomi-Mihara_Hiroshima_Prefecture_Chugoku.html
Hoshino Ryokan,729-0412,Hiroshima Prefecture,1435-3 Hongocho Hongo Mihara,,$,http://www.tripadvisor.com/Hotel_Review-g1022431-d1111254-Reviews-Hoshino_Ryokan-Mihara_Hiroshima_Prefecture_Chugoku.html
Ukishiro Ryokan,723-0014,Hiroshima Prefecture,1-14-24 Shiromachi Mihara,,,http://www.tripadvisor.com/Hotel_Review-g1022431-d1111255-Reviews-Ukishiro_Ryokan-Mihara_Hiroshima_Prefecture_Chugoku.html
Forest Hills Garden,729-0415,Hiroshima Prefecture,1361 Hongochokamikitagata Mihara,,$$$,http://www.tripadvisor.com/Hotel_Review-g1022431-d1111260-Reviews-Forest_Hills_Garden-Mihara_Hiroshima_Prefecture_Chugoku.html
Michiru Sanso,723-0061,Hiroshima Prefecture,224 Yasakacho Mihara,,,http://www.tripadvisor.com/Hotel_Review-g1022431-d1111268-Reviews-Michiru_Sanso-Mihara_Hiroshima_Prefecture_Chugoku.html
Hongo Grand Hotel,729-0412,Hiroshima Prefecture,1426-1 Hongo-cho Hongo Mihara,,$,http://www.tripadvisor.com/Hotel_Review-g1022431-d1132697-Reviews-Hongo_Grand_Hotel-Mihara_Hiroshima_Prefecture_Chugoku.html
Tennen Radon Onsen Hotel Chojukaku,729-0413,Hiroshima Prefecture,8914-1 Hongochominamigata Mihara,,,http://www.tripadvisor.com/Hotel_Review-g1022431-d1879668-Reviews-Tennen_Radon_Onsen_Hotel_Chojukaku-Mihara_Hiroshima_Prefecture_Chugoku.html
Yume no Yado,723-0032,Hiroshima Prefecture,1-1-1 Sunami Heights Mihara,,$$,http://www.tripadvisor.com/Hotel_Review-g1022431-d1917657-Reviews-Yume_no_Yado-Mihara_Hiroshima_Prefecture_Chugoku.html
Keiko House,729-2252,Hiroshima Prefecture,536-1 Nochi Saizakicho Mihara,,,http://www.tripadvisor.com/Hotel_Review-g1022431-d2062364-Reviews-Keiko_House-Mihara_Hiroshima_Prefecture_Chugoku.html
Nice Inn Mihara,723-0014,Hiroshima Prefecture,1-5-8 Shiromachi Mihara,,$,http://www.tripadvisor.com/Hotel_Review-g1022431-d2258751-Reviews-Nice_Inn_Mihara-Mihara_Hiroshima_Prefecture_Chugoku.html
Yamane Ryokan,723-0014,Hiroshima Prefecture,1-14-21 Shiromachi Mihara,,$,http://www.tripadvisor.com/Hotel_Review-g1022431-d2696964-Reviews-Yamane_Ryokan-Mihara_Hiroshima_Prefecture_Chugoku.html
Guest House Kikugawa,739-0511,Hiroshima Prefecture,796 Miyajimacho Hatsukaichi,,$,http://www.tripadvisor.com/Hotel_Review-g1022438-d325032-Reviews-Guest_House_Kikugawa-Hatsukaichi_Hiroshima_Prefecture_Chugoku.html
Iwaso,739-0522,Hiroshima Prefecture,345-1 Miyajimacho Hatsukaichi,38,$$$,http://www.tripadvisor.com/Hotel_Review-g1022438-d325033-Reviews-Iwaso-Hatsukaichi_Hiroshima_Prefecture_Chugoku.html
Miyajima Morinoyado,739-0588,Hiroshima Prefecture,Miyajimacho Omoto Koennai Hatsukaichi,30,,http://www.tripadvisor.com/Hotel_Review-g1022438-d325034-Reviews-Miyajima_Morinoyado-Hatsukaichi_Hiroshima_Prefecture_Chugoku.html
Momiji-so,739-0500 ,Hiroshima Prefecture,Miyajima-cho Momijidani-Koennai Hatsukaichi,,$$,http://www.tripadvisor.com/Hotel_Review-g1022438-d325035-Reviews-Momiji_so-Hatsukaichi_Hiroshima_Prefecture_Chugoku.html
Higashiya Hotel,739-0559,Hiroshima Prefecture,"589-4, Miyajima-shi Hatsukaichi",,,http://www.tripadvisor.com/Hotel_Review-g1022438-d478175-Reviews-Higashiya_Hotel-Hatsukaichi_Hiroshima_Prefecture_Chugoku.html
Bentennoyado Itsukushima,739-0515,Hiroshima Prefecture,634 Miyajima-cho Hatsukaichi,,$$$$,http://www.tripadvisor.com/Hotel_Review-g1022438-d631282-Reviews-Bentennoyado_Itsukushima-Hatsukaichi_Hiroshima_Prefecture_Chugoku.html
Miyajima Grand Hotel Arimoto,739-0522,Hiroshima Prefecture,"364 Minami-machi, Miyajima-cho Hatsukaichi",55,$$$,http://www.tripadvisor.com/Hotel_Review-g1022438-d669869-Reviews-Miyajima_Grand_Hotel_Arimoto-Hatsukaichi_Hiroshima_Prefecture_Chugoku.html
Ryoso Kawaguchi,739-0500　,Hiroshima Prefecture,469 Miyajima-cho Hatsukaichi,,$$,http://www.tripadvisor.com/Hotel_Review-g1022438-d943482-Reviews-Ryoso_Kawaguchi-Hatsukaichi_Hiroshima_Prefecture_Chugoku.html
Jukeiso,739-0533,Hiroshima Prefecture,50 Miyajima-cho Hatsukaichi,13,$$$$,http://www.tripadvisor.com/Hotel_Review-g1022438-d949551-Reviews-Jukeiso-Hatsukaichi_Hiroshima_Prefecture_Chugoku.html
Aki Grand Hotel,739-0412,Hiroshima Prefecture,1-1-17 Miyajimaguchinishi Hatsukaichi,188,$$,http://www.tripadvisor.com/Hotel_Review-g1022438-d1075646-Reviews-Aki_Grand_Hotel-Hatsukaichi_Hiroshima_Prefecture_Chugoku.html
Kinsuikan,739-0558,Hiroshima Prefecture,1133 Miyajima-cho Hatsukaichi,39,$$$,http://www.tripadvisor.com/Hotel_Review-g1022438-d1075648-Reviews-Kinsuikan-Hatsukaichi_Hiroshima_Prefecture_Chugoku.html
Miyahama Grand Hotel,739-0454,Hiroshima Prefecture,2-5-4 Miyahama-onsen Hatsukaichi,29,$$$,http://www.tripadvisor.com/Hotel_Review-g1022438-d1075649-Reviews-Miyahama_Grand_Hotel-Hatsukaichi_Hiroshima_Prefecture_Chugoku.html
Miyajima Hotel Makoto,739-0518,Hiroshima Prefecture,755 Miyajima-cho Hatsukaichi,54,$$,http://www.tripadvisor.com/Hotel_Review-g1022438-d1075651-Reviews-Miyajima_Hotel_Makoto-Hatsukaichi_Hiroshima_Prefecture_Chugoku.html
Miyajima Coral Hotel,739-0411,Hiroshima Prefecture,1-9-8 Miyajimaguchi Hatsukaichi,92,$,http://www.tripadvisor.com/Hotel_Review-g1022438-d1075655-Reviews-Miyajima_Coral_Hotel-Hatsukaichi_Hiroshima_Prefecture_Chugoku.html
Miyajima Seaside Hotel,739-0501,Hiroshima Prefecture,967 Miyajima-cho Hatsukaichi,45,$$,http://www.tripadvisor.com/Hotel_Review-g1022438-d1075657-Reviews-Miyajima_Seaside_Hotel-Hatsukaichi_Hiroshima_Prefecture_Chugoku.html
Ushiobara Onsen Matsukawa,738-0301,Hiroshima Prefecture,391-3 Yoshiwa Hatsukaichi,,$$,http://www.tripadvisor.com/Hotel_Review-g1022438-d1075658-Reviews-Ushiobara_Onsen_Matsukawa-Hatsukaichi_Hiroshima_Prefecture_Chugoku.html
Gokurakuji Onsen Arcadia Village,738-0031,Hiroshima Prefecture,2210 Hara Hatsukaichi,,$,http://www.tripadvisor.com/Hotel_Review-g1022438-d1088796-Reviews-Gokurakuji_Onsen_Arcadia_Village-Hatsukaichi_Hiroshima_Prefecture_Chugoku.html
Megahira Onsen Kuvere Yoshiwa,738-0301,Hiroshima Prefecture,4291 Yoshiwa Hatsukaichi,,$,http://www.tripadvisor.com/Hotel_Review-g1022438-d1088804-Reviews-Megahira_Onsen_Kuvere_Yoshiwa-Hatsukaichi_Hiroshima_Prefecture_Chugoku.html
Mominokiso,738-0301,Hiroshima Prefecture,1593-75 Yoshiwa Hatsukaichi,,$$,http://www.tripadvisor.com/Hotel_Review-g1022438-d1088807-Reviews-Mominokiso-Hatsukaichi_Hiroshima_Prefecture_Chugoku.html
Tokyoso,739-0426,Hiroshima Prefecture,1-1-24 Monomihigashi Hatsukaichi,,$,http://www.tripadvisor.com/Hotel_Review-g1022438-d1112486-Reviews-Tokyoso-Hatsukaichi_Hiroshima_Prefecture_Chugoku.html
Miyarikyu,739-0550,Hiroshima Prefecture,849 Miyajima-cho Hatsukaichi,64,$$$,http://www.tripadvisor.com/Hotel_Review-g1022438-d1112509-Reviews-Miyarikyu-Hatsukaichi_Hiroshima_Prefecture_Chugoku.html
Business Hotel Iruka,739-0434,Hiroshima Prefecture,1-10-16 Ono Hatsukaichi,,$,http://www.tripadvisor.com/Hotel_Review-g1022438-d1112517-Reviews-Business_Hotel_Iruka-Hatsukaichi_Hiroshima_Prefecture_Chugoku.html
Kanzaki,739-0454,Hiroshima Prefecture,1-21-42 Miyahamaonsen Hatsukaichi,,$$,http://www.tripadvisor.com/Hotel_Review-g1022438-d1112520-Reviews-Kanzaki-Hatsukaichi_Hiroshima_Prefecture_Chugoku.html
Sakuraya,739-0550,Hiroshima Prefecture,853-1 Miyajimacho Hatsukaichi,24,,http://www.tripadvisor.com/Hotel_Review-g1022438-d1112530-Reviews-Sakuraya-Hatsukaichi_Hiroshima_Prefecture_Chugoku.html
Sekitei,739-0454,Hiroshima Prefecture,3-5-27 Miyahamaonsen Hatsukaichi,12,$$$$,http://www.tripadvisor.com/Hotel_Review-g1022438-d1112533-Reviews-Sekitei-Hatsukaichi_Hiroshima_Prefecture_Chugoku.html
Miwaku Village,738-0301,Hiroshima Prefecture,132 Yoshiwa Hatsukaichi,,,http://www.tripadvisor.com/Hotel_Review-g1022438-d1112536-Reviews-Miwaku_Village-Hatsukaichi_Hiroshima_Prefecture_Chugoku.html
Kinsui Villa,739-0505,Hiroshima Prefecture,1165 Miyajimacho Hatsukaichi,40,$$,http://www.tripadvisor.com/Hotel_Review-g1022438-d1112539-Reviews-Kinsui_Villa-Hatsukaichi_Hiroshima_Prefecture_Chugoku.html
Iwakura Onsen Ishinkan,738-0222,Hiroshima Prefecture,859-2 Tsuta Hatsukaichi,,,http://www.tripadvisor.com/Hotel_Review-g1022438-d1112545-Reviews-Iwakura_Onsen_Ishinkan-Hatsukaichi_Hiroshima_Prefecture_Chugoku.html
Tabisai no Oyado Mizuhaso,739-0534,Hiroshima Prefecture,Miyajimacho Nishionishicho Hatsukaichi,,$$$,http://www.tripadvisor.com/Hotel_Review-g1022438-d1236484-Reviews-Tabisai_no_Oyado_Mizuhaso-Hatsukaichi_Hiroshima_Prefecture_Chugoku.html
Backpackers Miyajima,739-0411,Hiroshima Prefecture,1-8-11 Miyajimaguchi Hatsukaichi,,$,http://www.tripadvisor.com/Hotel_Review-g1022438-d1473021-Reviews-Backpackers_Miyajima-Hatsukaichi_Hiroshima_Prefecture_Chugoku.html
Watanabe Inn,739-0524,Hiroshima Prefecture,Miyajima-cho Takimachi 215-1 Hatsukaichi,,,http://www.tripadvisor.com/Hotel_Review-g1022438-d1590902-Reviews-Watanabe_Inn-Hatsukaichi_Hiroshima_Prefecture_Chugoku.html
Iroha,739-0559,Hiroshima Prefecture,589-4 Miyajimacho Hatsukaichi,18,$$$$,http://www.tripadvisor.com/Hotel_Review-g1022438-d1864114-Reviews-Iroha-Hatsukaichi_Hiroshima_Prefecture_Chugoku.html
Sauna Shin-miyajima Ryokan,738-0042,Hiroshima Prefecture,_-4-19 Jigozen Hatsukaichi,,,http://www.tripadvisor.com/Hotel_Review-g1022438-d1864126-Reviews-Sauna_Shin_miyajima_Ryokan-Hatsukaichi_Hiroshima_Prefecture_Chugoku.html
Jurakusanso,739-0455,Hiroshima Prefecture,1680-3 Ono Hatsukaichi,,,http://www.tripadvisor.com/Hotel_Review-g1022438-d1879798-Reviews-Jurakusanso-Hatsukaichi_Hiroshima_Prefecture_Chugoku.html
Kitanocho Itsumoya,739-0588,Hiroshima Prefecture,580 Miyajimacho Hatsukaichi,,$$$,http://www.tripadvisor.com/Hotel_Review-g1022438-d1879802-Reviews-Kitanocho_Itsumoya-Hatsukaichi_Hiroshima_Prefecture_Chugoku.html
Simple Stay Miyajima,739-0411,Hiroshima Prefecture,1-4-14 Miyajimaguchi Hatsukaichi,,$,http://www.tripadvisor.com/Hotel_Review-g1022438-d2317989-Reviews-Simple_Stay_Miyajima-Hatsukaichi_Hiroshima_Prefecture_Chugoku.html
Nakaya B&B,739-0588,Hiroshima Prefecture,"511 Nakanochoomote, Miyajimacho Hatsukaichi",3,$$,http://www.tripadvisor.com/Hotel_Review-g1022438-d2413888-Reviews-Nakaya_B_B-Hatsukaichi_Hiroshima_Prefecture_Chugoku.html
Hotel Kikunoya,739-0523,Hiroshima Prefecture,335 Miyajimachochuemachi Hatsukaichi,24,$$,http://www.tripadvisor.com/Hotel_Review-g1022438-d2558912-Reviews-Hotel_Kikunoya-Hatsukaichi_Hiroshima_Prefecture_Chugoku.html
Family Lodge Hatagoya Miyajima SA,738-0026,Hiroshima Prefecture,297-46 Kamihera Hatsukaichi,,$,http://www.tripadvisor.com/Hotel_Review-g1022438-d2696963-Reviews-Family_Lodge_Hatagoya_Miyajima_SA-Hatsukaichi_Hiroshima_Prefecture_Chugoku.html
Miyajima Guesthouse Mikuniya,739-0523,Hiroshima Prefecture,"327 Chuemachi, Miyajimacho Hatsukaichi",,$,http://www.tripadvisor.com/Hotel_Review-g1022438-d5539221-Reviews-Miyajima_Guesthouse_Mikuniya-Hatsukaichi_Hiroshima_Prefecture_Chugoku.html
Miyahama Rifre Club,739-04,Hiroshima Prefecture,2-6-18 Miyahama Onsen Hatsukaichi,,,http://www.tripadvisor.com/Hotel_Review-g1022438-d6653327-Reviews-Miyahama_Rifre_Club-Hatsukaichi_Hiroshima_Prefecture_Chugoku.html
Suzuran Hotel Kihara,722-1121,Hiroshima Prefecture,427-6 Nishiuehara Sera-cho,,,http://www.tripadvisor.com/Hotel_Review-g1121400-d1566477-Reviews-Suzuran_Hotel_Kihara-Sera_cho_Sera_gun_Hiroshima_Prefecture_Chugoku.html
Ayameso,729-3423,Hiroshima Prefecture,600 Jogechoyano Fuchu,,,http://www.tripadvisor.com/Hotel_Review-g1022432-d1050628-Reviews-Ayameso-Fuchu_Hiroshima_Prefecture_Chugoku.html
Daikichi Ryokan,726-0005,Hiroshima Prefecture,146 Fuchucho Fuchu,,$,http://www.tripadvisor.com/Hotel_Review-g1022432-d1050629-Reviews-Daikichi_Ryokan-Fuchu_Hiroshima_Prefecture_Chugoku.html
Fuji Ryokan,726-0005,Hiroshima Prefecture,25-3 Fuchucho Fuchu,,$,http://www.tripadvisor.com/Hotel_Review-g1022432-d1050630-Reviews-Fuji_Ryokan-Fuchu_Hiroshima_Prefecture_Chugoku.html
Hotel Omura,729-3431,Hiroshima Prefecture,958 Jogechojoge Fuchu,,,http://www.tripadvisor.com/Hotel_Review-g1022432-d1050631-Reviews-Hotel_Omura-Fuchu_Hiroshima_Prefecture_Chugoku.html
Fuchu Daiichi Hotel,726-0003,Hiroshima Prefecture,468-3 Motomachi Fuchu,,$,http://www.tripadvisor.com/Hotel_Review-g1022432-d1050635-Reviews-Fuchu_Daiichi_Hotel-Fuchu_Hiroshima_Prefecture_Chugoku.html
Shizen no Mori M.G. Youth Hostel,729-3423,Hiroshima Prefecture,470-1 Jogechoyano Fuchu,,,http://www.tripadvisor.com/Hotel_Review-g1022432-d6023593-Reviews-Shizen_no_Mori_M_G_Youth_Hostel-Fuchu_Hiroshima_Prefecture_Chugoku.html
Irohaya Ryokan,731-0501,Hiroshima Prefecture,1331 Yoshidachoyoshida Akitakata,,,http://www.tripadvisor.com/Hotel_Review-g1022439-d1879816-Reviews-Irohaya_Ryokan-Akitakata_Hiroshima_Prefecture_Chugoku.html
Jinsekikogen Hotel,720-1603,Hiroshima Prefecture,5090 Tokiyasu Jinsekikogen-cho,67,$$,http://www.tripadvisor.com/Hotel_Review-g1121401-d1132714-Reviews-Jinsekikogen_Hotel-Jinsekikogen_cho_Jinseki_gun_Hiroshima_Prefecture_Chugoku.html
Yukkurasanwa,720-1411,Hiroshima Prefecture,58-1 Mitsunobu Jinsekikogen-cho,,,http://www.tripadvisor.com/Hotel_Review-g1121401-d1879882-Reviews-Yukkurasanwa-Jinsekikogen_cho_Jinseki_gun_Hiroshima_Prefecture_Chugoku.html
