Grand Prince Hotel Kyoto,606-8505,Kyoto Prefecture,"1092-2 Hataedacho, Iwakura, Sakyo-ku Kyoto",309,$,http://www.tripadvisor.com/Hotel_Review-g298564-d301219-Reviews-Grand_Prince_Hotel_Kyoto-Kyoto_Kyoto_Prefecture_Kinki.html
Kyoto Tokyu Hotel,600-8519,Kyoto Prefecture,"Gojo-sagaru, Horikawa-dori, Shimogyo-ku Kyoto",430,$,http://www.tripadvisor.com/Hotel_Review-g298564-d301925-Reviews-Kyoto_Tokyu_Hotel-Kyoto_Kyoto_Prefecture_Kinki.html
Hotel New Hankyu Kyoto,600-8216,Kyoto Prefecture,"579 Higashishiokoji-cho, Shiokojidori, Shinmachi Higahi iru, Shimogyo-ku Kyoto",323,$,http://www.tripadvisor.com/Hotel_Review-g298564-d302288-Reviews-Hotel_New_Hankyu_Kyoto-Kyoto_Kyoto_Prefecture_Kinki.html
ANA Crowne Plaza Kyoto,604-0055,Kyoto Prefecture,"Nijojo-mae, Horikawa-dori, Nakagyo-ku Kyoto",291,$,http://www.tripadvisor.com/Hotel_Review-g298564-d302530-Reviews-ANA_Crowne_Plaza_Kyoto-Kyoto_Kyoto_Prefecture_Kinki.html
Tour Club,600-8345,Kyoto Prefecture,"362 Momijicho, Shimogyo-ku Kyoto",,$,http://www.tripadvisor.com/Hotel_Review-g298564-d302761-Reviews-Tour_Club-Kyoto_Kyoto_Prefecture_Kinki.html
RyokanYuhara,600-8126 ,Kyoto Prefecture,"188 Kagiyacho, Shimogyo-ku Kyoto",8,$,http://www.tripadvisor.com/Hotel_Review-g298564-d302804-Reviews-RyokanYuhara-Kyoto_Kyoto_Prefecture_Kinki.html
Ryokan Heianbo,600-8216,Kyoto Prefecture,"725 Higashi Shiokoji-cho, Shimogyo-ku Kyoto",,,http://www.tripadvisor.com/Hotel_Review-g298564-d302806-Reviews-Ryokan_Heianbo-Kyoto_Kyoto_Prefecture_Kinki.html
Three Sisters Inn Annex,606-8322,Kyoto Prefecture,"89 Okazaki Iriecho, Sakyo-ku Kyoto",,,http://www.tripadvisor.com/Hotel_Review-g298564-d302809-Reviews-Three_Sisters_Inn_Annex-Kyoto_Kyoto_Prefecture_Kinki.html
Uno House,604-0906 ,Kyoto Prefecture,"108 Higahi Sawaragicho, Nakagyo-ku Kyoto",,$,http://www.tripadvisor.com/Hotel_Review-g298564-d302814-Reviews-Uno_House-Kyoto_Kyoto_Prefecture_Kinki.html
Hotel Alpha Kyoto,604-8031 ,Kyoto Prefecture,"Sanjo-agaru-nisigawa, Kawaramachidori, Nakagyo-ku Kyoto",119,$,http://www.tripadvisor.com/Hotel_Review-g298564-d302815-Reviews-Hotel_Alpha_Kyoto-Kyoto_Kyoto_Prefecture_Kinki.html
Kyoto Dai-Ni Tower Hotel,600-8216,Kyoto Prefecture,"570-1 Higashidoin-dori, Shiokojicho, Shimogyo-ku Kyoto",303,$,http://www.tripadvisor.com/Hotel_Review-g298564-d302818-Reviews-Kyoto_Dai_Ni_Tower_Hotel-Kyoto_Kyoto_Prefecture_Kinki.html
Hotel Chorakukan,605-0071,Kyoto Prefecture,"604 Maruyamacho, Higashiyama-ku Kyoto",6,$$$$,http://www.tripadvisor.com/Hotel_Review-g298564-d302821-Reviews-Hotel_Chorakukan-Kyoto_Kyoto_Prefecture_Kinki.html
New Miyako Hotel,601-8412,Kyoto Prefecture,"17 Nishi Kujoin-machi, Minami-ku Kyoto",714,$,http://www.tripadvisor.com/Hotel_Review-g298564-d302823-Reviews-New_Miyako_Hotel-Kyoto_Kyoto_Prefecture_Kinki.html
Utano Youth Hostel,616-8191,Kyoto Prefecture,"29 Uzumasanakayamacho, Ukyo-ku Kyoto",41,$,http://www.tripadvisor.com/Hotel_Review-g298564-d302826-Reviews-Utano_Youth_Hostel-Kyoto_Kyoto_Prefecture_Kinki.html
Hotel Unizo Kyoto,604-8032,Kyoto Prefecture,"Sanjosagaru, Kawaramachidori, Nakagyo-ku Kyoto",158,$,http://www.tripadvisor.com/Hotel_Review-g298564-d302830-Reviews-Hotel_Unizo_Kyoto-Kyoto_Kyoto_Prefecture_Kinki.html
Toji-an,601-0000,Kyoto Prefecture,621 Kujocho Minami-ku Kyoto,48,,http://www.tripadvisor.com/Hotel_Review-g298564-d302832-Reviews-Toji_an-Kyoto_Kyoto_Prefecture_Kinki.html
Kyoto Brighton Hotel,602-8071,Kyoto Prefecture,"330 Shiteicho, Nakadachiuri, Shinmachi-dori, Kamigyo-ku Kyoto",182,$$,http://www.tripadvisor.com/Hotel_Review-g298564-d307638-Reviews-Kyoto_Brighton_Hotel-Kyoto_Kyoto_Prefecture_Kinki.html
Kyoto Royal Hotel & Spa,604-8005,Kyoto Prefecture,"Sanjyo Agaru Kawaramachi, Nakagyo-ku Kyoto",398,$,http://www.tripadvisor.com/Hotel_Review-g298564-d307647-Reviews-Kyoto_Royal_Hotel_Spa-Kyoto_Kyoto_Prefecture_Kinki.html
Hotel Nikko Princess Kyoto,600-8096,Kyoto Prefecture,Karasuma Takatsuji Higashi-iru Shiimogyo-ku Kyoto,216,$$,http://www.tripadvisor.com/Hotel_Review-g298564-d307652-Reviews-Hotel_Nikko_Princess_Kyoto-Kyoto_Kyoto_Prefecture_Kinki.html
RIHGA Royal Hotel Kyoto,600-8237,Kyoto Prefecture,"1 Taimatsucho, Horikawa-Shiokoji, Shimogyo-ku Kyoto",484,$$,http://www.tripadvisor.com/Hotel_Review-g298564-d307683-Reviews-RIHGA_Royal_Hotel_Kyoto-Kyoto_Kyoto_Prefecture_Kinki.html
Hiiragiya,604-8094,Kyoto Prefecture,"277 Nakahakusancho, Huyacho Anekoji-agaru, Nakagyo-ku Kyoto",28,$$$$,http://www.tripadvisor.com/Hotel_Review-g298564-d310202-Reviews-Hiiragiya-Kyoto_Kyoto_Prefecture_Kinki.html
Ryokan Hiraiwa,600-8114,Kyoto Prefecture,"314 Hayao-cho, Shimogyo-ku Kyoto",,$,http://www.tripadvisor.com/Hotel_Review-g298564-d310203-Reviews-Ryokan_Hiraiwa-Kyoto_Kyoto_Prefecture_Kinki.html
Kyoto Kokusai Hotel,604-8502,Kyoto Prefecture,"Horikawadori Nijojomae, Nakagyo-ku Kyoto",274,$,http://www.tripadvisor.com/Hotel_Review-g298564-d310212-Reviews-Kyoto_Kokusai_Hotel-Kyoto_Kyoto_Prefecture_Kinki.html
Kyoto Traveler's Inn,606-8344,Kyoto Prefecture,"91 Okazaki Enshojicho, Sakyo-ku Kyoto",78,$,http://www.tripadvisor.com/Hotel_Review-g298564-d310284-Reviews-Kyoto_Traveler_s_Inn-Kyoto_Kyoto_Prefecture_Kinki.html
Pension Higashiyama,605-0061,Kyoto Prefecture,"Shirakawasuji Sanjo-sagaru, Higashiyama-ku Kyoto",,$,http://www.tripadvisor.com/Hotel_Review-g298564-d310294-Reviews-Pension_Higashiyama-Kyoto_Kyoto_Prefecture_Kinki.html
Seikoro Inn,605-0907,Kyoto Prefecture,"467 Nishi Tachibanacho, Higashiyama-ku Kyoto",22,$$$$,http://www.tripadvisor.com/Hotel_Review-g298564-d310300-Reviews-Seikoro_Inn-Kyoto_Kyoto_Prefecture_Kinki.html
Tawaraya Ryokan,604-8094,Kyoto Prefecture,"278 Nakahakusancho, Nakagyo-ku Kyoto",18,$$$$,http://www.tripadvisor.com/Hotel_Review-g298564-d310306-Reviews-Tawaraya_Ryokan-Kyoto_Kyoto_Prefecture_Kinki.html
Kyoto Garden Ryokan Yachiyo,606-8435,Kyoto Prefecture,"34 Fukuchi Machi, Sakyo-Ku Kyoto",16,$$,http://www.tripadvisor.com/Hotel_Review-g298564-d310311-Reviews-Kyoto_Garden_Ryokan_Yachiyo-Kyoto_Kyoto_Prefecture_Kinki.html
Green Peace in Kyoto,606-0913,Kyoto Prefecture,"14-1 Shibamoto-cho, Matsugasaki, Sakyo-ku Kyoto",,$,http://www.tripadvisor.com/Hotel_Review-g298564-d317478-Reviews-Green_Peace_in_Kyoto-Kyoto_Kyoto_Prefecture_Kinki.html
Ryokan Yamazaki,616-8261 ,Kyoto Prefecture,"13 Umegahatatakahanacho, Ukyo-ku Kyoto",13,$,http://www.tripadvisor.com/Hotel_Review-g298564-d317480-Reviews-Ryokan_Yamazaki-Kyoto_Kyoto_Prefecture_Kinki.html
APA Hotel Kyoto Eki Horikawadori,600-8234,Kyoto Prefecture,"1 Nishi Aburakoji-cho, Shiokoji Aburakojidori, Shimogyo-ku Kyoto",515,$,http://www.tripadvisor.com/Hotel_Review-g298564-d321354-Reviews-APA_Hotel_Kyoto_Eki_Horikawadori-Kyoto_Kyoto_Prefecture_Kinki.html
Hirota Guest House,604-0951,Kyoto Prefecture,"665 Seimei-cho, Tomikoji Nishi-iru,Nijodori, Nakagyo-ku Kyoto",,$,http://www.tripadvisor.com/Hotel_Review-g298564-d321357-Reviews-Hirota_Guest_House-Kyoto_Kyoto_Prefecture_Kinki.html
Hotel Gimmond Kyoto,604-8015,Kyoto Prefecture,"Takakura-Oike-dori, Nakagyo-ku Kyoto",140,$,http://www.tripadvisor.com/Hotel_Review-g298564-d321360-Reviews-Hotel_Gimmond_Kyoto-Kyoto_Kyoto_Prefecture_Kinki.html
Hotel Hokke Club Kyoto,600-8216,Kyoto Prefecture,"579-16 Higashi Shiokojicho, Shimogyo-ku Kyoto",187,$,http://www.tripadvisor.com/Hotel_Review-g298564-d321363-Reviews-Hotel_Hokke_Club_Kyoto-Kyoto_Kyoto_Prefecture_Kinki.html
Kinmata,604-8044 ,Kyoto Prefecture,"407 Dainichicho, Nakagyo-ku Kyoto",3,$$,http://www.tripadvisor.com/Hotel_Review-g298564-d321365-Reviews-Kinmata-Kyoto_Kyoto_Prefecture_Kinki.html
Kuwacho Ryokan,600-8149 ,Kyoto Prefecture,"231 Kogawacho, Shimogyo-ku Kyoto",,$,http://www.tripadvisor.com/Hotel_Review-g298564-d321367-Reviews-Kuwacho_Ryokan-Kyoto_Kyoto_Prefecture_Kinki.html
Kyoto Central Inn,600-8002,Kyoto Prefecture,"Shijokawaramachi Nishi-iru, Shimogyo-ku Kyoto",148,$,http://www.tripadvisor.com/Hotel_Review-g298564-d321369-Reviews-Kyoto_Central_Inn-Kyoto_Kyoto_Prefecture_Kinki.html
Apa Hotel (Kyoto Gion) EXCELLENT,605-0074,Kyoto Prefecture,"555 Gionmachi Minamigawa, Higashiyama-ku Kyoto",154,$,http://www.tripadvisor.com/Hotel_Review-g298564-d321378-Reviews-Apa_Hotel_Kyoto_Gion_EXCELLENT-Kyoto_Kyoto_Prefecture_Kinki.html
Kyoto Hotel Okura,604-8558 ,Kyoto Prefecture,"537-4 Ichinofunairicho, Nakagyo-ku Kyoto",322,$$,http://www.tripadvisor.com/Hotel_Review-g298564-d321379-Reviews-Kyoto_Hotel_Okura-Kyoto_Kyoto_Prefecture_Kinki.html
Matsubaya Inn,600-8150,Kyoto Prefecture,"Higashinotoin Nishi-iru, Kamijuzuyacho-dori, Shimogyo-ku Kyoto",11,$$,http://www.tripadvisor.com/Hotel_Review-g298564-d321383-Reviews-Matsubaya_Inn-Kyoto_Kyoto_Prefecture_Kinki.html
Nashinoki Inn,602-0838,Kyoto Prefecture,"184 Yanagifurocho, Kamigyo-ku Kyoto",,$,http://www.tripadvisor.com/Hotel_Review-g298564-d321387-Reviews-Nashinoki_Inn-Kyoto_Kyoto_Prefecture_Kinki.html
Rakucho Ryokan,606-0824,Kyoto Prefecture,"67 Higashihangicho, Shimogamo, Sakyo-ku Kyoto",,$,http://www.tripadvisor.com/Hotel_Review-g298564-d321388-Reviews-Rakucho_Ryokan-Kyoto_Kyoto_Prefecture_Kinki.html
Rokuharaya Inn,605-0845,Kyoto Prefecture,"147 Takemuracho, Higashiyama-ku Kyoto",,$,http://www.tripadvisor.com/Hotel_Review-g298564-d321390-Reviews-Rokuharaya_Inn-Kyoto_Kyoto_Prefecture_Kinki.html
Station Ryokan Seiki,601-8017　,Kyoto Prefecture,"24-5 Kitakarasumaru-cho, Higashi-kujo, Minami-ku Kyoto",17,$,http://www.tripadvisor.com/Hotel_Review-g298564-d321392-Reviews-Station_Ryokan_Seiki-Kyoto_Kyoto_Prefecture_Kinki.html
Sumiya Ryokan,604-8075,Kyoto Prefecture,"433 Shirakabecho, Nakagyo-ku Kyoto",,$$$$,http://www.tripadvisor.com/Hotel_Review-g298564-d321393-Reviews-Sumiya_Ryokan-Kyoto_Kyoto_Prefecture_Kinki.html
Kyoto White Hotel,600-8216,Kyoto Prefecture,"556-1 Higashishiokojicho, Shimogyo-ku Kyoto",36,$,http://www.tripadvisor.com/Hotel_Review-g298564-d324042-Reviews-Kyoto_White_Hotel-Kyoto_Kyoto_Prefecture_Kinki.html
Gion Yoshi-ima,605-0088 ,Kyoto Prefecture,"229-2 Nishinocho, Yamato-Oji Higashi-Iru, Shinmonzen, Higashiyama-ku Kyoto",20,$$$,http://www.tripadvisor.com/Hotel_Review-g298564-d324295-Reviews-Gion_Yoshi_ima-Kyoto_Kyoto_Prefecture_Kinki.html
Hotel-Iroha,605-0009,Kyoto Prefecture,"84 Ohashicho, Higashiyama-ku Kyoto",80,$$,http://www.tripadvisor.com/Hotel_Review-g298564-d324298-Reviews-Hotel_Iroha-Kyoto_Kyoto_Prefecture_Kinki.html
Motonago,605-0072,Kyoto Prefecture,"511 Washio-cho, Higashiyama-ku Kyoto",11,$$$,http://www.tripadvisor.com/Hotel_Review-g298564-d325117-Reviews-Motonago-Kyoto_Kyoto_Prefecture_Kinki.html
Watazen,604-8113 ,Kyoto Prefecture,"413 Izutsuyacho, Rokkaku Sagaru, Yanaginobaba, Nakagyo-ku Kyoto",24,$$,http://www.tripadvisor.com/Hotel_Review-g298564-d325765-Reviews-Watazen-Kyoto_Kyoto_Prefecture_Kinki.html
Kyoto Tower Hotel,600-8216,Kyoto Prefecture,"721-1 Higashishiokoji-cho, Shichijoo-sagaru, Higasinotoin-dori, Shimogyo-ku Kyoto",162,$,http://www.tripadvisor.com/Hotel_Review-g298564-d325767-Reviews-Kyoto_Tower_Hotel-Kyoto_Kyoto_Prefecture_Kinki.html
Hotel Sunroute Kyoto,600-8027,Kyoto Prefecture,"406 Nanbacho, Matsubara-sagaru, Kawaramachi-dori, Shimogyo-ku Kyoto",144,$,http://www.tripadvisor.com/Hotel_Review-g298564-d325769-Reviews-Hotel_Sunroute_Kyoto-Kyoto_Kyoto_Prefecture_Kinki.html
Gion Fukuzumi,605-0062,Kyoto Prefecture,"Shinbashi-Nishihairu Higashioji, Higashiyama-ku Kyoto",23,$$,http://www.tripadvisor.com/Hotel_Review-g298564-d325773-Reviews-Gion_Fukuzumi-Kyoto_Kyoto_Prefecture_Kinki.html
Kyoto Tower Hotel Annex,600-8216 ,Kyoto Prefecture,"595-1 Higashi-Shiokoji-cho, Shin-Machi-dori, Hichijo Sagaru, Shimogyo-ku Kyoto",122,$,http://www.tripadvisor.com/Hotel_Review-g298564-d325778-Reviews-Kyoto_Tower_Hotel_Annex-Kyoto_Kyoto_Prefecture_Kinki.html
Kyoto Rich Hotel,600-8029,Kyoto Prefecture,"Gojo-agaru, Kawaramachi-dori, Shimogyo-ku Kyoto",109,$,http://www.tripadvisor.com/Hotel_Review-g298564-d457032-Reviews-Kyoto_Rich_Hotel-Kyoto_Kyoto_Prefecture_Kinki.html
Court Hotel Shijo,600-8472,Kyoto Prefecture,"698 Myodenji-cho, Shimogyo-ku Kyoto",108,$,http://www.tripadvisor.com/Hotel_Review-g298564-d457033-Reviews-Court_Hotel_Shijo-Kyoto_Kyoto_Prefecture_Kinki.html
Palace Side Hotel,602-8011,Kyoto Prefecture,"380 Oukakuencho, Kamigyo-ku Kyoto",120,$,http://www.tripadvisor.com/Hotel_Review-g298564-d490176-Reviews-Palace_Side_Hotel-Kyoto_Kyoto_Prefecture_Kinki.html
I.S.E. Dorm,606-8321,Kyoto Prefecture,"10 Higashi Fukunokawa-cho, Okazaki, Sakyo-ku Kyoto",,,http://www.tripadvisor.com/Hotel_Review-g298564-d557847-Reviews-I_S_E_Dorm-Kyoto_Kyoto_Prefecture_Kinki.html
Hotel Marmol,604-8066 ,Kyoto Prefecture,"346 Iseiyacho, Gokomachi-dori Rokkaku-sagaru, Nakagyo-ku Kyoto",,,http://www.tripadvisor.com/Hotel_Review-g298564-d558109-Reviews-Hotel_Marmol-Kyoto_Kyoto_Prefecture_Kinki.html
Apical Inn,606-0967,Kyoto Prefecture,"3-3 Kotakeyabu-cho Matsugasaki, Sakyo-ku Kyoto",,$,http://www.tripadvisor.com/Hotel_Review-g298564-d558345-Reviews-Apical_Inn-Kyoto_Kyoto_Prefecture_Kinki.html
Ark Hotel Kyoto,604-8811,Kyoto Prefecture,"1 Mibu Gayogoshomachi, Nakagyo-ku Kyoto",160,$,http://www.tripadvisor.com/Hotel_Review-g298564-d558346-Reviews-Ark_Hotel_Kyoto-Kyoto_Kyoto_Prefecture_Kinki.html
Azumaya Ryokan,600-8581,Kyoto Prefecture,Shichijo agaru Horikawa dori Shimogyo-ku Kyoto,,$,http://www.tripadvisor.com/Hotel_Review-g298564-d558347-Reviews-Azumaya_Ryokan-Kyoto_Kyoto_Prefecture_Kinki.html
Coop Inn Kyoto,604-8113,Kyoto Prefecture,"411 Izutsuyacho, Nakagyo-ku Kyoto",108,$,http://www.tripadvisor.com/Hotel_Review-g298564-d558348-Reviews-Coop_Inn_Kyoto-Kyoto_Kyoto_Prefecture_Kinki.html
Hearton Hotel Kyoto,604-0836,Kyoto Prefecture,"405 Funayacho, Higashi no Toin Dori Oike Agaru, Nakagyo-ku Kyoto",294,$,http://www.tripadvisor.com/Hotel_Review-g298564-d558349-Reviews-Hearton_Hotel_Kyoto-Kyoto_Kyoto_Prefecture_Kinki.html
Kyoto Heian Hotel,602-0912,Kyoto Prefecture,"Karasuma Kamichojamachi agaru, Kamigyo-ku Kyoto",88,$$,http://www.tripadvisor.com/Hotel_Review-g298564-d558350-Reviews-Kyoto_Heian_Hotel-Kyoto_Kyoto_Prefecture_Kinki.html
Sakuraan Kyoto Hotel,605-0001,Kyoto Prefecture,"2-49-2, Sanjoohashi, Higashiyama-ku Kyoto",51,$,http://www.tripadvisor.com/Hotel_Review-g298564-d558351-Reviews-Sakuraan_Kyoto_Hotel-Kyoto_Kyoto_Prefecture_Kinki.html
Nishiyama Ryokan,604-0933,Kyoto Prefecture,"433 Gokomachi St, Nakagyo-ku, Kyoto",30,$$,http://www.tripadvisor.com/Hotel_Review-g298564-d558353-Reviews-Nishiyama_Ryokan-Kyoto_Kyoto_Prefecture_Kinki.html
Pension Shimogamo,606-0812,Kyoto Prefecture,"20 Kamigawara-cho Shimogamo, Sakyo-ku Kyoto",,,http://www.tripadvisor.com/Hotel_Review-g298564-d558355-Reviews-Pension_Shimogamo-Kyoto_Kyoto_Prefecture_Kinki.html
Ryokan Ohto,605-0994,Kyoto Prefecture,"7 Ichinohashi Miyanouchi-cho, Higashiyama-ku Kyoto",,$,http://www.tripadvisor.com/Hotel_Review-g298564-d558356-Reviews-Ryokan_Ohto-Kyoto_Kyoto_Prefecture_Kinki.html
Ryokan Riverside Takase,600-8116,Kyoto Prefecture,"172-1 Shoshinji-cho, Shimogyo-ku Kyoto",,$,http://www.tripadvisor.com/Hotel_Review-g298564-d558357-Reviews-Ryokan_Riverside_Takase-Kyoto_Kyoto_Prefecture_Kinki.html
Toyoko Inn Kyoto Shijo-Omiya,604-8804,Kyoto Prefecture,"6-2 Mibubojo-cho, Nakagyo-ku Kyoto",179,$,http://www.tripadvisor.com/Hotel_Review-g298564-d558359-Reviews-Toyoko_Inn_Kyoto_Shijo_Omiya-Kyoto_Kyoto_Prefecture_Kinki.html
Hotel Honnoji,604-8091,Kyoto Prefecture,"522 Shimohonnoji Teramaemachi, Oike-kudaru, Teramachidori, Nakagyo-ku Kyoto",70,$,http://www.tripadvisor.com/Hotel_Review-g298564-d558361-Reviews-Hotel_Honnoji-Kyoto_Kyoto_Prefecture_Kinki.html
Hotel Rantei,616-8385,Kyoto Prefecture,"12 Sagatenryuji Susukinobabacho, Ukyo-ku Kyoto",,,http://www.tripadvisor.com/Hotel_Review-g298564-d558362-Reviews-Hotel_Rantei-Kyoto_Kyoto_Prefecture_Kinki.html
Izumiya Ryokan,600-8399,Kyoto Prefecture,"122 Maruya-cho, Nishinakatsuji Shomen Sagaru, Shimogyo-ku Kyoto",23,$,http://www.tripadvisor.com/Hotel_Review-g298564-d558365-Reviews-Izumiya_Ryokan-Kyoto_Kyoto_Prefecture_Kinki.html
Hotel Liondor,604-0074,Kyoto Prefecture,"538 Hachichome, Nakagyo-ku Kyoto",,$,http://www.tripadvisor.com/Hotel_Review-g298564-d558366-Reviews-Hotel_Liondor-Kyoto_Kyoto_Prefecture_Kinki.html
Petit Hotel Kyoto,602-8435,Kyoto Prefecture,Imadegawa Horikawa nishi Kamigyo-ku Kyoto,,$,http://www.tripadvisor.com/Hotel_Review-g298564-d558367-Reviews-Petit_Hotel_Kyoto-Kyoto_Kyoto_Prefecture_Kinki.html
Hotel Sugicho,604-0953,Kyoto Prefecture,"172 Moriyamacho, Oike-agaru, Tominokoji, Nakagyo-ku Kyoto",43,$,http://www.tripadvisor.com/Hotel_Review-g298564-d558370-Reviews-Hotel_Sugicho-Kyoto_Kyoto_Prefecture_Kinki.html
Matsuka Ryokan,606-8387 ,Kyoto Prefecture,"36 Horinjimonzencho, Sakyo-ku Kyoto",,,http://www.tripadvisor.com/Hotel_Review-g298564-d558371-Reviews-Matsuka_Ryokan-Kyoto_Kyoto_Prefecture_Kinki.html
Karasuma Kyoto Hotel,600-8412,Kyoto Prefecture,"Karasuma Shijo, Shimogyo-ku Kyoto",255,$,http://www.tripadvisor.com/Hotel_Review-g298564-d558372-Reviews-Karasuma_Kyoto_Hotel-Kyoto_Kyoto_Prefecture_Kinki.html
Ryokan Kohro,604-8118,Kyoto Prefecture,"Rokkaku Hokuto Kado, Nakagyo-ku Kyoto",,$$,http://www.tripadvisor.com/Hotel_Review-g298564-d558373-Reviews-Ryokan_Kohro-Kyoto_Kyoto_Prefecture_Kinki.html
Nisshokan Shoshintei,605-0001,Kyoto Prefecture,"2-57 Sanjoohashi Higashi-iru, Higashiyama-ku Kyoto",76,$$,http://www.tripadvisor.com/Hotel_Review-g298564-d558374-Reviews-Nisshokan_Shoshintei-Kyoto_Kyoto_Prefecture_Kinki.html
L'Hotel de Hiei,606-0000,Kyoto Prefecture,Ipponsugi Hiei Kyoto,29,$$,http://www.tripadvisor.com/Hotel_Review-g298564-d558376-Reviews-L_Hotel_de_Hiei-Kyoto_Kyoto_Prefecture_Kinki.html
Ryokan Kyoka,600-8155,Kyoto Prefecture,285 Nishi Tamamizucho Shimogyo-ku Kyoto,,$,http://www.tripadvisor.com/Hotel_Review-g298564-d567697-Reviews-Ryokan_Kyoka-Kyoto_Kyoto_Prefecture_Kinki.html
Kyoto Century Hotel,600-8216,Kyoto Prefecture,"680 Higashi Shiokoji-cho, Shimogyo-ku Kyoto",220,$$,http://www.tripadvisor.com/Hotel_Review-g298564-d569086-Reviews-Kyoto_Century_Hotel-Kyoto_Kyoto_Prefecture_Kinki.html
Gojo Guest House,605-0846 ,Kyoto Prefecture,"3-396-2 Gojobashi Higashi, Higashiyama-ku Kyoto",24,$,http://www.tripadvisor.com/Hotel_Review-g298564-d571274-Reviews-Gojo_Guest_House-Kyoto_Kyoto_Prefecture_Kinki.html
The Westin Miyako Kyoto,605-0052,Kyoto Prefecture,"1 Awadaguchi Kachocho, Higashiyama-ku Kyoto",499,$$,http://www.tripadvisor.com/Hotel_Review-g298564-d578717-Reviews-The_Westin_Miyako_Kyoto-Kyoto_Kyoto_Prefecture_Kinki.html
Aranvert Hotel Kyoto,600-8107,Kyoto Prefecture,"179 Higasikazariya-cho Gojodori, Shimogyo-ku Kyoto",183,$,http://www.tripadvisor.com/Hotel_Review-g298564-d582007-Reviews-Aranvert_Hotel_Kyoto-Kyoto_Kyoto_Prefecture_Kinki.html
Kyoto City Hotel,602-0056,Kyoto Prefecture,"857 Kita-funabashicho, Kamigyo-ku Kyoto",74,$,http://www.tripadvisor.com/Hotel_Review-g298564-d584846-Reviews-Kyoto_City_Hotel-Kyoto_Kyoto_Prefecture_Kinki.html
Hotel Centnovum Kyoto,601-8004,Kyoto Prefecture,"19-1 Higashiyamaocho, Higashikujo, Minami-ku Kyoto",70,$,http://www.tripadvisor.com/Hotel_Review-g298564-d590446-Reviews-Hotel_Centnovum_Kyoto-Kyoto_Kyoto_Prefecture_Kinki.html
Ryokan Hinomoto,600-8034,Kyoto Prefecture,"375 Kotakecho, Shimogyo-ku Kyoto",,$,http://www.tripadvisor.com/Hotel_Review-g298564-d590450-Reviews-Ryokan_Hinomoto-Kyoto_Kyoto_Prefecture_Kinki.html
Hyatt Regency Kyoto,605-0941 ,Kyoto Prefecture,"644-2 Sanjusangendo-mawari, Higashiyama-ku Kyoto",189,$$$,http://www.tripadvisor.com/Hotel_Review-g298564-d601531-Reviews-Hyatt_Regency_Kyoto-Kyoto_Kyoto_Prefecture_Kinki.html
Ryokan Kogetsuso,606-8437,Kyoto Prefecture,60-2 Kusakawa-cho Nanzenji Sakyo-ku Kyoto,,,http://www.tripadvisor.com/Hotel_Review-g298564-d607708-Reviews-Ryokan_Kogetsuso-Kyoto_Kyoto_Prefecture_Kinki.html
Matsui Bekkan Hanakanzashi,604-8117,Kyoto Prefecture,"126 Horinouecho, Nakagyo-Ku Kyoto",30,$$,http://www.tripadvisor.com/Hotel_Review-g298564-d608080-Reviews-Matsui_Bekkan_Hanakanzashi-Kyoto_Kyoto_Prefecture_Kinki.html
Ryokan Shimizu,600-8317,Kyoto Prefecture,"646 Kagiya-cho, Shimogyo-ku Kyoto",,$,http://www.tripadvisor.com/Hotel_Review-g298564-d608088-Reviews-Ryokan_Shimizu-Kyoto_Kyoto_Prefecture_Kinki.html
Ryokan Uemura,605-0825 ,Kyoto Prefecture,"Ishibei-koji, Shimogawara, Gion, Higashiyama-ku Kyoto",,$$,http://www.tripadvisor.com/Hotel_Review-g298564-d608618-Reviews-Ryokan_Uemura-Kyoto_Kyoto_Prefecture_Kinki.html
Yoshikawa Inn Tempra,604-8093,Kyoto Prefecture,"135 Matsushitacho, Tomikojidori, Oike Sagaru, Nakagyo-ku Kyoto",8,,http://www.tripadvisor.com/Hotel_Review-g298564-d615028-Reviews-Yoshikawa_Inn_Tempra-Kyoto_Kyoto_Prefecture_Kinki.html
Aoi-So Inn,603-8156,Kyoto Prefecture,"16-8 Koyama Nakamizo-cho, Kita-ku Kyoto",,,http://www.tripadvisor.com/Hotel_Review-g298564-d615996-Reviews-Aoi_So_Inn-Kyoto_Kyoto_Prefecture_Kinki.html
Ikumatsu,604-0923,Kyoto Prefecture,"497 Kamikoriki-cho, Nakagyo-ku Kyoto",,$$$,http://www.tripadvisor.com/Hotel_Review-g298564-d616465-Reviews-Ikumatsu-Kyoto_Kyoto_Prefecture_Kinki.html
Tamahan,605-0825,Kyoto Prefecture,"477 Gion Shimokawara-cho, Higashiyama-ku Kyoto",,,http://www.tripadvisor.com/Hotel_Review-g298564-d627727-Reviews-Tamahan-Kyoto_Kyoto_Prefecture_Kinki.html
Hotel Heiannomori Kyoto,606-8332,Kyoto Prefecture,"51 Okazaki Higashi Tennoucho, Sakyo-ku Kyoto",161,$,http://www.tripadvisor.com/Hotel_Review-g298564-d634261-Reviews-Hotel_Heiannomori_Kyoto-Kyoto_Kyoto_Prefecture_Kinki.html
R Inn Ayabe,623-0051,Kyoto Prefecture,1-8 Inokurashinmachi Ayabe,74,$,http://www.tripadvisor.com/Hotel_Review-g1023392-d1089004-Reviews-R_Inn_Ayabe-Ayabe_Kyoto_Prefecture_Kinki.html
Niokan,623-1131,Kyoto Prefecture,10 Mutsuyoricho Zainomukai Ayabe,,$$,http://www.tripadvisor.com/Hotel_Review-g1023392-d1089010-Reviews-Niokan-Ayabe_Kyoto_Prefecture_Kinki.html
Business Hotel Cosmo,623-0066,Kyoto Prefecture,4-7 Ekimaedori Ayabe,,$,http://www.tripadvisor.com/Hotel_Review-g1023392-d1089019-Reviews-Business_Hotel_Cosmo-Ayabe_Kyoto_Prefecture_Kinki.html
Hotel Alpha Ayabe,623-0066,Kyoto Prefecture,34 Ekimaedori Ayabe,,$,http://www.tripadvisor.com/Hotel_Review-g1023392-d1089030-Reviews-Hotel_Alpha_Ayabe-Ayabe_Kyoto_Prefecture_Kinki.html
Miyako Ayabe Hotel,623-0031,Kyoto Prefecture,"13 Kuratani, Mikatacho Ayabe",,,http://www.tripadvisor.com/Hotel_Review-g1023392-d1111082-Reviews-Miyako_Ayabe_Hotel-Ayabe_Kyoto_Prefecture_Kinki.html
Hotel Koshien,623-0116,Kyoto Prefecture,"5 Nakamizo, Shimoyatacho Ayabe",,,http://www.tripadvisor.com/Hotel_Review-g1023392-d1111119-Reviews-Hotel_Koshien-Ayabe_Kyoto_Prefecture_Kinki.html
Ayabe Yoshimizu,623-1131,Kyoto Prefecture,10 Fuke Mutsuyoricho Ayabe,4,$,http://www.tripadvisor.com/Hotel_Review-g1023392-d6988194-Reviews-Ayabe_Yoshimizu-Ayabe_Kyoto_Prefecture_Kinki.html
Rurikei Onsen,622-0065,Kyoto Prefecture,1-14 Hirotani Okawachi Sonobecho Nantan,,,http://www.tripadvisor.com/Hotel_Review-g1023402-d1093706-Reviews-Rurikei_Onsen-Nantan_Kyoto_Prefecture_Kinki.html
Kobushiso Hana Akari,622-0065,Kyoto Prefecture,1-8 Hirotani Sonobecho Okawachi Nantan,,$$,http://www.tripadvisor.com/Hotel_Review-g1023402-d1093715-Reviews-Kobushiso_Hana_Akari-Nantan_Kyoto_Prefecture_Kinki.html
Kigusuriya,601-0762,Kyoto Prefecture,"8-1 Imayasu, Tsurugaoka, Miyamacho Nantan",2,$,http://www.tripadvisor.com/Hotel_Review-g1023402-d1114897-Reviews-Kigusuriya-Nantan_Kyoto_Prefecture_Kinki.html
Minshuku Harimaya,601-0705,Kyoto Prefecture,"1 Sasari, Miyamacho Nantan",,$,http://www.tripadvisor.com/Hotel_Review-g1023402-d1114898-Reviews-Minshuku_Harimaya-Nantan_Kyoto_Prefecture_Kinki.html
Miyama Suisenan,601-0777,Kyoto Prefecture,"81-1 Oharadani, Kashihara, Miyamacho Nantan",4,$$,http://www.tripadvisor.com/Hotel_Review-g1023402-d1114900-Reviews-Miyama_Suisenan-Nantan_Kyoto_Prefecture_Kinki.html
Ewa Land,601-0701,Kyoto Prefecture,"Ewa, Miyamacho Nantan",,,http://www.tripadvisor.com/Hotel_Review-g1023402-d1114907-Reviews-Ewa_Land-Nantan_Kyoto_Prefecture_Kinki.html
Minshuku Meibaku,622-0065,Kyoto Prefecture,"17-6 Futatsuishi, Okawachi, Sonobecho Nantan",,,http://www.tripadvisor.com/Hotel_Review-g1023402-d1114910-Reviews-Minshuku_Meibaku-Nantan_Kyoto_Prefecture_Kinki.html
Minshuku Miyama,601-0752,Kyoto Prefecture,"58-1 Nagatani, Miyamacho Nantan",,$,http://www.tripadvisor.com/Hotel_Review-g1023402-d1114913-Reviews-Minshuku_Miyama-Nantan_Kyoto_Prefecture_Kinki.html
Miyama Heimat Youth Hostel,601-0775,Kyoto Prefecture,"57 Nakasai, Obuchi, Miyamacho Nantan",,$,http://www.tripadvisor.com/Hotel_Review-g1023402-d1114916-Reviews-Miyama_Heimat_Youth_Hostel-Nantan_Kyoto_Prefecture_Kinki.html
Shunkian,601-0773,Kyoto Prefecture,"4-2 Higashida, Mitsuno, Miyamacho Nantan",,,http://www.tripadvisor.com/Hotel_Review-g1023402-d1114918-Reviews-Shunkian-Nantan_Kyoto_Prefecture_Kinki.html
Chinsenrou,601-0713,Kyoto Prefecture,26 Miyamacho Naka Kamimae Nantan,,$$$,http://www.tripadvisor.com/Hotel_Review-g1023402-d1379718-Reviews-Chinsenrou-Nantan_Kyoto_Prefecture_Kinki.html
Sonobe View Hotel,622-0041,Kyoto Prefecture,"2 Nishiyama, Sonobecho-Oyamahigashimachi Nantan",,,http://www.tripadvisor.com/Hotel_Review-g1023402-d1858539-Reviews-Sonobe_View_Hotel-Nantan_Kyoto_Prefecture_Kinki.html
Hiyoshiso,629-0341,Kyoto Prefecture,21-5 Higashikomaki Tonoda Hiyoshicho Nantan,,,http://www.tripadvisor.com/Hotel_Review-g1023402-d1870824-Reviews-Hiyoshiso-Nantan_Kyoto_Prefecture_Kinki.html
Isobe,601-0734,Kyoto Prefecture,2-1 Nozaki Miyamacho Nagao Nantan,,$$,http://www.tripadvisor.com/Hotel_Review-g1023402-d1924215-Reviews-Isobe-Nantan_Kyoto_Prefecture_Kinki.html
Kajikaso,601-0713,Kyoto Prefecture,56 Shimomukai Miyamacho Naka Nantan,13,$,http://www.tripadvisor.com/Hotel_Review-g1023402-d1924218-Reviews-Kajikaso-Nantan_Kyoto_Prefecture_Kinki.html
Yuasaro,601-0754,Kyoto Prefecture,46 Ebisu Miyamacho Izumi Nantan,,,http://www.tripadvisor.com/Hotel_Review-g1023402-d1924222-Reviews-Yuasaro-Nantan_Kyoto_Prefecture_Kinki.html
Minshuku Hisaya,601-0701,Kyoto Prefecture,"5 nakamaki, Miyamachokita Nantan",,,http://www.tripadvisor.com/Hotel_Review-g1023402-d2230296-Reviews-Minshuku_Hisaya-Nantan_Kyoto_Prefecture_Kinki.html
Kappaya Ryokan,622-0013,Kyoto Prefecture,77 Sonobechohonmachi Nantan,,,http://www.tripadvisor.com/Hotel_Review-g1023402-d2305994-Reviews-Kappaya_Ryokan-Nantan_Kyoto_Prefecture_Kinki.html
Auberge Nakazawa,601-0742,Kyoto Prefecture,"16-1 Funanomukai, Miyamachoitahashi Nantan",,,http://www.tripadvisor.com/Hotel_Review-g1023402-d2530088-Reviews-Auberge_Nakazawa-Nantan_Kyoto_Prefecture_Kinki.html
Iori Sanso,601-0778,Kyoto Prefecture,3 Miyamacho Otomi Nantan,,,http://www.tripadvisor.com/Hotel_Review-g1023402-d3139287-Reviews-Iori_Sanso-Nantan_Kyoto_Prefecture_Kinki.html
Setsukeian,629-0321,Kyoto Prefecture,"21-1 Asukatani, Sasae Hiyoshicho Nantan",3,$,http://www.tripadvisor.com/Hotel_Review-g1023402-d4310755-Reviews-Setsukeian-Nantan_Kyoto_Prefecture_Kinki.html
Miyama Futon&Breakfast thatched cottages,601-0751,Kyoto Prefecture,29 Miyamacho Shima Hanabusa Nantan,1,$$$$,http://www.tripadvisor.com/Hotel_Review-g1023402-d4493773-Reviews-Miyama_Futon_Breakfast_thatched_cottages-Nantan_Kyoto_Prefecture_Kinki.html
Stihl no Mori,629-0334,Kyoto Prefecture,Hiyoshicho Amawaka Nantan,,,http://www.tripadvisor.com/Hotel_Review-g1023402-d7029501-Reviews-Stihl_no_Mori-Nantan_Kyoto_Prefecture_Kinki.html
Syoenso Hozugawatei,621-0034,Kyoto Prefecture,1-4 Hiedanocho Ashinoyama Kameoka,55,$$$,http://www.tripadvisor.com/Hotel_Review-g325585-d310304-Reviews-Syoenso_Hozugawatei-Kameoka_Kyoto_Prefecture_Kinki.html
Hosen-ji Zen Center,621-0825,Kyoto Prefecture,"52 Nakajo, Yamamoto, Shino-cho Kameoka",,,http://www.tripadvisor.com/Hotel_Review-g325585-d325847-Reviews-Hosen_ji_Zen_Center-Kameoka_Kyoto_Prefecture_Kinki.html
Kyoto Keburikawa,621-0251,Kyoto Prefecture,1-1 Hiramatsu Hommecho Kameoka,41,$$,http://www.tripadvisor.com/Hotel_Review-g325585-d1075139-Reviews-Kyoto_Keburikawa-Kameoka_Kyoto_Prefecture_Kinki.html
Rakurakuso,621-0861,Kyoto Prefecture,44 Kitamachi Kameoka,,$$$,http://www.tripadvisor.com/Hotel_Review-g325585-d1089744-Reviews-Rakurakuso-Kameoka_Kyoto_Prefecture_Kinki.html
Keizankaku,621-0033,Kyoto Prefecture,20-6 Hiedanocho Saeki Shimotoge Kameoka,,$$,http://www.tripadvisor.com/Hotel_Review-g325585-d1089828-Reviews-Keizankaku-Kameoka_Kyoto_Prefecture_Kinki.html
Sumiya Kihoan,621-0036,Kyoto Prefecture,25 Hiedanocho Kakihana Miyanooku Kameoka,27,$$$$,http://www.tripadvisor.com/Hotel_Review-g325585-d1089833-Reviews-Sumiya_Kihoan-Kameoka_Kyoto_Prefecture_Kinki.html
Business Hotel Pony,621-0804,Kyoto Prefecture,"2-4 Banbadori, Oiwakecho Kameoka",,,http://www.tripadvisor.com/Hotel_Review-g325585-d1116782-Reviews-Business_Hotel_Pony-Kameoka_Kyoto_Prefecture_Kinki.html
Honmeno Sato,621-0252,Kyoto Prefecture,"3 Shimizuguchi, Honmechonakano Kameoka",,$$,http://www.tripadvisor.com/Hotel_Review-g325585-d1116785-Reviews-Honmeno_Sato-Kameoka_Kyoto_Prefecture_Kinki.html
Yunohana Onsen Yurakuso,621-0033,Kyoto Prefecture,"38-7 Simotoge, Saeki, Hiedano-cho Kameoka",,$$,http://www.tripadvisor.com/Hotel_Review-g325585-d1862217-Reviews-Yunohana_Onsen_Yurakuso-Kameoka_Kyoto_Prefecture_Kinki.html
Suisen,621-0034,Kyoto Prefecture,6-3 Inoshiri Hiedanocho Ashinoyama Kameoka,12,$$$$,http://www.tripadvisor.com/Hotel_Review-g325585-d1870829-Reviews-Suisen-Kameoka_Kyoto_Prefecture_Kinki.html
Hotel Kameoka,621-0101,Kyoto Prefecture,6-1 Sakurazuka Higashibetsuincho Koizumi Kameoka,,$,http://www.tripadvisor.com/Hotel_Review-g325585-d1912497-Reviews-Hotel_Kameoka-Kameoka_Kyoto_Prefecture_Kinki.html
Business Hotel Sun Royal,621-0854,Kyoto Prefecture,2-35-8 Shimoyadacho Kameoka,62,$,http://www.tripadvisor.com/Hotel_Review-g325585-d2530208-Reviews-Business_Hotel_Sun_Royal-Kameoka_Kyoto_Prefecture_Kinki.html
Business Ryokan Yurakuso,621-0036,Kyoto Prefecture,"32 Yoshioka, Hiedanochokakihana Kameoka",,,http://www.tripadvisor.com/Hotel_Review-g325585-d2530219-Reviews-Business_Ryokan_Yurakuso-Kameoka_Kyoto_Prefecture_Kinki.html
Miyazu Royal Hotel,626-8510,Kyoto Prefecture,"58 Koaza Iwamoto, Tai Miyazu",311,$,http://www.tripadvisor.com/Hotel_Review-g1023393-d505056-Reviews-Miyazu_Royal_Hotel-Miyazu_Kyoto_Prefecture_Kinki.html
Toriki,626-0001,Kyoto Prefecture,463-5 Monju Miyazu,,$$$,http://www.tripadvisor.com/Hotel_Review-g1023393-d1074792-Reviews-Toriki-Miyazu_Kyoto_Prefecture_Kinki.html
Amano Hashidate Hotel,626-0001,Kyoto Prefecture,310 Amanohashidate-Kaigan Miyazu,,$$,http://www.tripadvisor.com/Hotel_Review-g1023393-d1074793-Reviews-Amano_Hashidate_Hotel-Miyazu_Kyoto_Prefecture_Kinki.html
Seikiro,626-0015,Kyoto Prefecture,937 Uoya Miyazu,16,$$,http://www.tripadvisor.com/Hotel_Review-g1023393-d1074797-Reviews-Seikiro-Miyazu_Kyoto_Prefecture_Kinki.html
Ryokan Tsurunoya,626-0065,Kyoto Prefecture,198-1 Shishizaki Miyazu,,$,http://www.tripadvisor.com/Hotel_Review-g1023393-d1074799-Reviews-Ryokan_Tsurunoya-Miyazu_Kyoto_Prefecture_Kinki.html
Hotel Kitanoya,626-0001,Kyoto Prefecture,100 Monju Miyazu,30,$$,http://www.tripadvisor.com/Hotel_Review-g1023393-d1074883-Reviews-Hotel_Kitanoya-Miyazu_Kyoto_Prefecture_Kinki.html
Monjuso,626-0001,Kyoto Prefecture,510 Monjyu Miyazu,,$$$,http://www.tripadvisor.com/Hotel_Review-g1023393-d1074955-Reviews-Monjuso-Miyazu_Kyoto_Prefecture_Kinki.html
Charoku Honkan,626-0015,Kyoto Prefecture,866 Aza-Uoya Miyazu,,$$,http://www.tripadvisor.com/Hotel_Review-g1023393-d1074970-Reviews-Charoku_Honkan-Miyazu_Kyoto_Prefecture_Kinki.html
Genmyoan,626-0001,Kyoto Prefecture,32-1 Monju Miyazu,17,$$$$,http://www.tripadvisor.com/Hotel_Review-g1023393-d1074975-Reviews-Genmyoan-Miyazu_Kyoto_Prefecture_Kinki.html
Auberge Amanohashidate,626-0001,Kyoto Prefecture,310 Monjyu Miyazu,,$,http://www.tripadvisor.com/Hotel_Review-g1023393-d1074987-Reviews-Auberge_Amanohashidate-Miyazu_Kyoto_Prefecture_Kinki.html
Charoku Annex,626-0017,Kyoto Prefecture,2039-4 Shimasaki Miyazu,12,$$$$,http://www.tripadvisor.com/Hotel_Review-g1023393-d1093279-Reviews-Charoku_Annex-Miyazu_Kyoto_Prefecture_Kinki.html
Monjuso Shorotei,626-0001,Kyoto Prefecture,466 Monju Miyazu,11,$$$$,http://www.tripadvisor.com/Hotel_Review-g1023393-d1093280-Reviews-Monjuso_Shorotei-Miyazu_Kyoto_Prefecture_Kinki.html
Taikyoro,626-0001,Kyoto Prefecture,471 Monju Miyazu,10,$$$,http://www.tripadvisor.com/Hotel_Review-g1023393-d1093281-Reviews-Taikyoro-Miyazu_Kyoto_Prefecture_Kinki.html
Amanohashidateso,626-0001,Kyoto Prefecture,584 Akaiwa Monju Miyazu,,$,http://www.tripadvisor.com/Hotel_Review-g1023393-d1093619-Reviews-Amanohashidateso-Miyazu_Kyoto_Prefecture_Kinki.html
Maruyasu,626-0001,Kyoto Prefecture,640-3 Monju Miyazu,,$$,http://www.tripadvisor.com/Hotel_Review-g1023393-d1093630-Reviews-Maruyasu-Miyazu_Kyoto_Prefecture_Kinki.html
Yamadaso,626-0071　,Kyoto Prefecture,3755 Yura Miyazu,,$,http://www.tripadvisor.com/Hotel_Review-g1023393-d1093651-Reviews-Yamadaso-Miyazu_Kyoto_Prefecture_Kinki.html
Pension Jikyujisoku,626-0221,Kyoto Prefecture,434 Kigo Miyazu,,$,http://www.tripadvisor.com/Hotel_Review-g1023393-d1093656-Reviews-Pension_Jikyujisoku-Miyazu_Kyoto_Prefecture_Kinki.html
Baikei,626-0001,Kyoto Prefecture,644 Monju Miyazu,,,http://www.tripadvisor.com/Hotel_Review-g1023393-d1093659-Reviews-Baikei-Miyazu_Kyoto_Prefecture_Kinki.html
Shogetsu,626-0001,Kyoto Prefecture,460 Monju Miyazu,,$,http://www.tripadvisor.com/Hotel_Review-g1023393-d1093663-Reviews-Shogetsu-Miyazu_Kyoto_Prefecture_Kinki.html
Shiokumien,626-0071,Kyoto Prefecture,234 Yura Miyazu,,$$,http://www.tripadvisor.com/Hotel_Review-g1023393-d1093666-Reviews-Shiokumien-Miyazu_Kyoto_Prefecture_Kinki.html
Takashimaya,626-0015,Kyoto Prefecture,1001-1 Uoya Miyazu,,$,http://www.tripadvisor.com/Hotel_Review-g1023393-d1093670-Reviews-Takashimaya-Miyazu_Kyoto_Prefecture_Kinki.html
Urashimaso,626-0017,Kyoto Prefecture,2039-8 Shimazaki Miyazu,,,http://www.tripadvisor.com/Hotel_Review-g1023393-d1093676-Reviews-Urashimaso-Miyazu_Kyoto_Prefecture_Kinki.html
Chitose,626-0001,Kyoto Prefecture,472 Monju Miyazu,,$$$,http://www.tripadvisor.com/Hotel_Review-g1023393-d1093685-Reviews-Chitose-Miyazu_Kyoto_Prefecture_Kinki.html
Yamamoriso,626-0001,Kyoto Prefecture,338 Monju Miyazu,,,http://www.tripadvisor.com/Hotel_Review-g1023393-d1093690-Reviews-Yamamoriso-Miyazu_Kyoto_Prefecture_Kinki.html
Yumemiya,626-0071,Kyoto Prefecture,3108-1 Koaza Hamato Yura Miyazu,,,http://www.tripadvisor.com/Hotel_Review-g1023393-d1093695-Reviews-Yumemiya-Miyazu_Kyoto_Prefecture_Kinki.html
Shofuso,629-2242,Kyoto Prefecture,24 Ogaki Miyazu,,$$,http://www.tripadvisor.com/Hotel_Review-g1023393-d1111132-Reviews-Shofuso-Miyazu_Kyoto_Prefecture_Kinki.html
Tamasa Suisan Fukujutei,629-2244,Kyoto Prefecture,402-1 Ejiri Miyazu,,$$,http://www.tripadvisor.com/Hotel_Review-g1023393-d1111196-Reviews-Tamasa_Suisan_Fukujutei-Miyazu_Kyoto_Prefecture_Kinki.html
Kawajiri,629-2244,Kyoto Prefecture,115 Ejiri Miyazu,15,$,http://www.tripadvisor.com/Hotel_Review-g1023393-d1111200-Reviews-Kawajiri-Miyazu_Kyoto_Prefecture_Kinki.html
Suzuya,626-0225,Kyoto Prefecture,899 Hioki Miyazu,,$,http://www.tripadvisor.com/Hotel_Review-g1023393-d1111203-Reviews-Suzuya-Miyazu_Kyoto_Prefecture_Kinki.html
Yunagiso,626-0065,Kyoto Prefecture,322-2 Shishizaki Miyazu,,,http://www.tripadvisor.com/Hotel_Review-g1023393-d1111206-Reviews-Yunagiso-Miyazu_Kyoto_Prefecture_Kinki.html
Ryokan Matsukaze,626-0071,Kyoto Prefecture,3171 Yura Miyazu,,$,http://www.tripadvisor.com/Hotel_Review-g1023393-d1111213-Reviews-Ryokan_Matsukaze-Miyazu_Kyoto_Prefecture_Kinki.html
Minshuku Yoshida,626-0001,Kyoto Prefecture,640-1 Monju Miyazu,,,http://www.tripadvisor.com/Hotel_Review-g1023393-d1111214-Reviews-Minshuku_Yoshida-Miyazu_Kyoto_Prefecture_Kinki.html
Souka,626-0066,Kyoto Prefecture,2-1 Chishi Miyazu,,,http://www.tripadvisor.com/Hotel_Review-g1023393-d1111219-Reviews-Souka-Miyazu_Kyoto_Prefecture_Kinki.html
Yamatoya,626-0022,Kyoto Prefecture,586 Yorozumachi Miyazu,,,http://www.tripadvisor.com/Hotel_Review-g1023393-d1111227-Reviews-Yamatoya-Miyazu_Kyoto_Prefecture_Kinki.html
Shinpuro,629-2242,Kyoto Prefecture,73-6 Ejiri Miyazu,,$$$,http://www.tripadvisor.com/Hotel_Review-g1023393-d1111230-Reviews-Shinpuro-Miyazu_Kyoto_Prefecture_Kinki.html
Shikibu,626-0071,Kyoto Prefecture,3714-1 Yura Miyazu,,,http://www.tripadvisor.com/Hotel_Review-g1023393-d1111245-Reviews-Shikibu-Miyazu_Kyoto_Prefecture_Kinki.html
Otafuku Ryokan,629-2251,Kyoto Prefecture,702 Suzu Miyazu,,,http://www.tripadvisor.com/Hotel_Review-g1023393-d1111247-Reviews-Otafuku_Ryokan-Miyazu_Kyoto_Prefecture_Kinki.html
Isshikiso,629-2244,Kyoto Prefecture,923-1 Ejiri Miyazu,,$$$,http://www.tripadvisor.com/Hotel_Review-g1023393-d1111248-Reviews-Isshikiso-Miyazu_Kyoto_Prefecture_Kinki.html
Sakamotoya,629-2244,Kyoto Prefecture,70-3 Ejiri Miyazu,,$,http://www.tripadvisor.com/Hotel_Review-g1023393-d1111250-Reviews-Sakamotoya-Miyazu_Kyoto_Prefecture_Kinki.html
Kigo Farm Pension,626-0221,Kyoto Prefecture,29 Kigo Miyazu,,$$$,http://www.tripadvisor.com/Hotel_Review-g1023393-d1112540-Reviews-Kigo_Farm_Pension-Miyazu_Kyoto_Prefecture_Kinki.html
Amanohashidate Youth Hostel,629-2232,Kyoto Prefecture,905 Nakano Miyazu,,$,http://www.tripadvisor.com/Hotel_Review-g1023393-d1112542-Reviews-Amanohashidate_Youth_Hostel-Miyazu_Kyoto_Prefecture_Kinki.html
Ryokan Ichinoya,629-2242,Kyoto Prefecture,115 Ogaki Miyazu,,$$$,http://www.tripadvisor.com/Hotel_Review-g1023393-d1112544-Reviews-Ryokan_Ichinoya-Miyazu_Kyoto_Prefecture_Kinki.html
"Hotel Tango, Bekkan Nakamuraso",626-0016,Kyoto Prefecture,1980-1 Shinhama Miyazu,,$$,http://www.tripadvisor.com/Hotel_Review-g1023393-d1141959-Reviews-Hotel_Tango_Bekkan_Nakamuraso-Miyazu_Kyoto_Prefecture_Kinki.html
Minshuku Kataoka,629-2244,Kyoto Prefecture,146 Ejiri Miyazu,,$,http://www.tripadvisor.com/Hotel_Review-g1023393-d1597148-Reviews-Minshuku_Kataoka-Miyazu_Kyoto_Prefecture_Kinki.html
Kairakuso,626-0074,Kyoto Prefecture,1245-3 Joshi Miyazu,,$,http://www.tripadvisor.com/Hotel_Review-g1023393-d1870798-Reviews-Kairakuso-Miyazu_Kyoto_Prefecture_Kinki.html
Jinpuso,626-0001,Kyoto Prefecture,185-18 Monju Miyazu,,$,http://www.tripadvisor.com/Hotel_Review-g1023393-d1870801-Reviews-Jinpuso-Miyazu_Kyoto_Prefecture_Kinki.html
Minshuku Miyuki,629-2244,Kyoto Prefecture,244-1 Ejiri Miyazu,,$,http://www.tripadvisor.com/Hotel_Review-g1023393-d1870803-Reviews-Minshuku_Miyuki-Miyazu_Kyoto_Prefecture_Kinki.html
Tanakaso,626-0071,Kyoto Prefecture,1152-2 Yura Miyazu,,$$,http://www.tripadvisor.com/Hotel_Review-g1023393-d1924170-Reviews-Tanakaso-Miyazu_Kyoto_Prefecture_Kinki.html
Hanashobu,629-2244,Kyoto Prefecture,924 Ejiri Miyazu,,$$,http://www.tripadvisor.com/Hotel_Review-g1023393-d1924172-Reviews-Hanashobu-Miyazu_Kyoto_Prefecture_Kinki.html
Yosanoso,626-0002,Kyoto Prefecture,1516-2 Suginosue Miyazu,,$,http://www.tripadvisor.com/Hotel_Review-g1023393-d1924176-Reviews-Yosanoso-Miyazu_Kyoto_Prefecture_Kinki.html
Cottage Jikyujisoku,626-0221,Kyoto Prefecture,435 Kigo Miyazu,,$,http://www.tripadvisor.com/Hotel_Review-g1023393-d1924181-Reviews-Cottage_Jikyujisoku-Miyazu_Kyoto_Prefecture_Kinki.html
Amanohashidate Minshuku Yamazaki Uchiko,626-0001,Kyoto Prefecture,"330 Monju, Amanohashidate Miyazu",,,http://www.tripadvisor.com/Hotel_Review-g1023393-d2530662-Reviews-Amanohashidate_Minshuku_Yamazaki_Uchiko-Miyazu_Kyoto_Prefecture_Kinki.html
Shotanbune,626-0225,Kyoto Prefecture,3039-1 Hioki Miyazu,,,http://www.tripadvisor.com/Hotel_Review-g1023393-d2535605-Reviews-Shotanbune-Miyazu_Kyoto_Prefecture_Kinki.html
Minshuku Furukawaso,629-2244,Kyoto Prefecture,167 Ejiri Miyazu,,,http://www.tripadvisor.com/Hotel_Review-g1023393-d2535624-Reviews-Minshuku_Furukawaso-Miyazu_Kyoto_Prefecture_Kinki.html
Minshuku Yoshidaya,626-0001,Kyoto Prefecture,328 Monju Miyazu,,,http://www.tripadvisor.com/Hotel_Review-g1023393-d2535625-Reviews-Minshuku_Yoshidaya-Miyazu_Kyoto_Prefecture_Kinki.html
Minshuku Kurata,626-0001,Kyoto Prefecture,484-1 Monju Miyazu,,,http://www.tripadvisor.com/Hotel_Review-g1023393-d2535626-Reviews-Minshuku_Kurata-Miyazu_Kyoto_Prefecture_Kinki.html
Namijiso,626-0061,Kyoto Prefecture,2399-2 Haji Miyazu,,$,http://www.tripadvisor.com/Hotel_Review-g1023393-d2535628-Reviews-Namijiso-Miyazu_Kyoto_Prefecture_Kinki.html
Kurosakiso,629-2244,Kyoto Prefecture,883-6 Ejiri Miyazu,,,http://www.tripadvisor.com/Hotel_Review-g1023393-d2535629-Reviews-Kurosakiso-Miyazu_Kyoto_Prefecture_Kinki.html
Hougetsu,626-0071,Kyoto Prefecture,225 Yura Miyazu,9,$,http://www.tripadvisor.com/Hotel_Review-g1023393-d2535652-Reviews-Hougetsu-Miyazu_Kyoto_Prefecture_Kinki.html
Nagahamasou,626-0065,Kyoto Prefecture,376-1 Shishizaki Miyazu,,$$,http://www.tripadvisor.com/Hotel_Review-g1023393-d2535668-Reviews-Nagahamasou-Miyazu_Kyoto_Prefecture_Kinki.html
stella,626-0065,Kyoto Prefecture,"851 Ichhotsubo, Shishizaki Miyazu",,$,http://www.tripadvisor.com/Hotel_Review-g1023393-d2535680-Reviews-Stella-Miyazu_Kyoto_Prefecture_Kinki.html
Pension Marine House,626-0071,Kyoto Prefecture,3172-1 Yura Miyazu,,,http://www.tripadvisor.com/Hotel_Review-g1023393-d2535702-Reviews-Pension_Marine_House-Miyazu_Kyoto_Prefecture_Kinki.html
Wasurenagusa,626-0071,Kyoto Prefecture,3400-8 Yura Miyazu,,$$,http://www.tripadvisor.com/Hotel_Review-g1023393-d2535705-Reviews-Wasurenagusa-Miyazu_Kyoto_Prefecture_Kinki.html
Kaien,626-0077,Kyoto Prefecture,13 Waki Miyazu,,,http://www.tripadvisor.com/Hotel_Review-g1023393-d2535707-Reviews-Kaien-Miyazu_Kyoto_Prefecture_Kinki.html
Amano-hashidate Yusai,629-2251,Kyoto Prefecture,2653 Suzu Miyazu,,$$$$,http://www.tripadvisor.com/Hotel_Review-g1023393-d3492978-Reviews-Amano_hashidate_Yusai-Miyazu_Kyoto_Prefecture_Kinki.html
Minshuku Hamanoya,626-0071 ,Kyoto Prefecture,830 Yura Miyazu,,$,http://www.tripadvisor.com/Hotel_Review-g1023393-d3655594-Reviews-Minshuku_Hamanoya-Miyazu_Kyoto_Prefecture_Kinki.html
Ryori Ryokan Yoshiya,619-1303,Kyoto Prefecture,Kasagi Kasagi-cho,,$$,http://www.tripadvisor.com/Hotel_Review-g1121281-d1486184-Reviews-Ryori_Ryokan_Yoshiya-Kasagi_cho_Soraku_gun_Kyoto_Prefecture_Kinki.html
Ryori Ryokan Matsumototei,619-1303,Kyoto Prefecture,20 Kasagi Kasagi-cho,,$$,http://www.tripadvisor.com/Hotel_Review-g1121281-d1486187-Reviews-Ryori_Ryokan_Matsumototei-Kasagi_cho_Soraku_gun_Kyoto_Prefecture_Kinki.html
Keihanna Plaza Hotel,619-0237,Kyoto Prefecture,1-7 Hikaridai Seika-cho,,$,http://www.tripadvisor.com/Hotel_Review-g1121283-d1125175-Reviews-Keihanna_Plaza_Hotel-Seika_cho_Soraku_gun_Kyoto_Prefecture_Kinki.html
Lake Forest Resort,619-1412,Kyoto Prefecture,Minamiokawara Shinrin Minamiyamashiro-mura,,$,http://www.tripadvisor.com/Hotel_Review-g1121284-d1125185-Reviews-Lake_Forest_Resort-Minamiyamashiro_mura_Soraku_gun_Kyoto_Prefecture_Kinki.html
Minshuku Dosenbo Sanso,619-1401,Kyoto Prefecture,"26-1 Dosen, Dosenbo Minamiyamashiro-mura",,$$$,http://www.tripadvisor.com/Hotel_Review-g1121284-d2025115-Reviews-Minshuku_Dosenbo_Sanso-Minamiyamashiro_mura_Soraku_gun_Kyoto_Prefecture_Kinki.html
Hanayashiki Ukifuneen,611-0021,Kyoto Prefecture,20 Uji Togawa Uji,28,$$,http://www.tripadvisor.com/Hotel_Review-g946495-d758433-Reviews-Hanayashiki_Ukifuneen-Uji_Kyoto_Prefecture_Kinki.html
Aiso,611-0021,Kyoto Prefecture,3-4 Togawa Uji Uji,,$,http://www.tripadvisor.com/Hotel_Review-g946495-d1093722-Reviews-Aiso-Uji_Kyoto_Prefecture_Kinki.html
Fukuya,611-0021,Kyoto Prefecture,4-9 Togawa Uji Uji,,,http://www.tripadvisor.com/Hotel_Review-g946495-d1093731-Reviews-Fukuya-Uji_Kyoto_Prefecture_Kinki.html
Kimiya,611-0021,Kyoto Prefecture,1-140 Uji Uji,,$$,http://www.tripadvisor.com/Hotel_Review-g946495-d1093739-Reviews-Kimiya-Uji_Kyoto_Prefecture_Kinki.html
Seizanso,611-0021,Kyoto Prefecture,27-2 Ujitogawa Uji,,$$$,http://www.tripadvisor.com/Hotel_Review-g946495-d1093748-Reviews-Seizanso-Uji_Kyoto_Prefecture_Kinki.html
Ujigawa Ryokan,611-0021,Kyoto Prefecture,2-2 Renge Uji Uji,,,http://www.tripadvisor.com/Hotel_Review-g946495-d1093751-Reviews-Ujigawa_Ryokan-Uji_Kyoto_Prefecture_Kinki.html
Tomijaya,611-0021,Kyoto Prefecture,11 Togawa Uji Uji,,$$,http://www.tripadvisor.com/Hotel_Review-g946495-d1093761-Reviews-Tomijaya-Uji_Kyoto_Prefecture_Kinki.html
Pension Uji,611-0042,Kyoto Prefecture,"5-59 Nakahata, Oguracho Uji",,,http://www.tripadvisor.com/Hotel_Review-g946495-d1116789-Reviews-Pension_Uji-Uji_Kyoto_Prefecture_Kinki.html
Kameishiro,611-0021,Kyoto Prefecture,"29 Ujikousai, Uji Uji",,,http://www.tripadvisor.com/Hotel_Review-g946495-d1116794-Reviews-Kameishiro-Uji_Kyoto_Prefecture_Kinki.html
Business Hotel Uji,611-0042,Kyoto Prefecture,16-4 Oguracho Nishiyama Uji,,,http://www.tripadvisor.com/Hotel_Review-g946495-d1486263-Reviews-Business_Hotel_Uji-Uji_Kyoto_Prefecture_Kinki.html
Uji Daiichi Hotel,611-0021,Kyoto Prefecture,178-13 Ujimyoraku Uji,,$,http://www.tripadvisor.com/Hotel_Review-g946495-d1583624-Reviews-Uji_Daiichi_Hotel-Uji_Kyoto_Prefecture_Kinki.html
Iris Inn Joyo,610-0121,Kyoto Prefecture,"26-8 Okawara, Terada Joyo",,,http://www.tripadvisor.com/Hotel_Review-g1023394-d1112550-Reviews-Iris_Inn_Joyo-Joyo_Kyoto_Prefecture_Kinki.html
Business Hotel Daiyasu,610-0116,Kyoto Prefecture,"17-1 Shimonoaze, Nashima Joyo",,,http://www.tripadvisor.com/Hotel_Review-g1023394-d1112556-Reviews-Business_Hotel_Daiyasu-Joyo_Kyoto_Prefecture_Kinki.html
Plum Inn Joyo,610-0121,Kyoto Prefecture,24-4 Okawara Terada Joyo,,,http://www.tripadvisor.com/Hotel_Review-g1023394-d1847884-Reviews-Plum_Inn_Joyo-Joyo_Kyoto_Prefecture_Kinki.html
Wachi Yamanoie,629-1108,Kyoto Prefecture,19 Kamiawano Higashihata Kyotanba-cho,,$$,http://www.tripadvisor.com/Hotel_Review-g1121285-d1486195-Reviews-Wachi_Yamanoie-Kyotanba_cho_Funai_gun_Kyoto_Prefecture_Kinki.html
Minshuku Hosono,622-0304,Kyoto Prefecture,80 Inohana Nakamura Kyotanba-cho,,$$,http://www.tripadvisor.com/Hotel_Review-g1121285-d2535627-Reviews-Minshuku_Hosono-Kyotanba_cho_Funai_gun_Kyoto_Prefecture_Kinki.html
Hanaoka Center,622-0214,Kyoto Prefecture,50-1 Komonoguchi Kyotanba-cho,,$,http://www.tripadvisor.com/Hotel_Review-g1121285-d2535659-Reviews-Hanaoka_Center-Kyotanba_cho_Funai_gun_Kyoto_Prefecture_Kinki.html
R Inn Fukuchiyama,620-0942,Kyoto Prefecture,3-20-1 Ekinancho Fukuchiyama,,$,http://www.tripadvisor.com/Hotel_Review-g1023378-d1089048-Reviews-R_Inn_Fukuchiyama-Fukuchiyama_Kyoto_Prefecture_Kinki.html
Fukuchiyama Ark Hotel,620-0054,Kyoto Prefecture,1-24 Suehirocho Fukuchiyama,107,$,http://www.tripadvisor.com/Hotel_Review-g1023378-d1089052-Reviews-Fukuchiyama_Ark_Hotel-Fukuchiyama_Kyoto_Prefecture_Kinki.html
Fukuchiyama Sun Hotel,620-0882,Kyoto Prefecture,2080-1 Hori Fukuchiyama,50,$,http://www.tripadvisor.com/Hotel_Review-g1023378-d1089055-Reviews-Fukuchiyama_Sun_Hotel-Fukuchiyama_Kyoto_Prefecture_Kinki.html
Hotel Royal Hill Fukuchiyama,620-0857,Kyoto Prefecture,176 Aza Haze Koazasawaiyama Fukuchiyama,,$,http://www.tripadvisor.com/Hotel_Review-g1023378-d1089280-Reviews-Hotel_Royal_Hill_Fukuchiyama-Fukuchiyama_Kyoto_Prefecture_Kinki.html
Miwaso,620-1443,Kyoto Prefecture,4 Miwachoterao Fukuchiyama,,$,http://www.tripadvisor.com/Hotel_Review-g1023378-d1089288-Reviews-Miwaso-Fukuchiyama_Kyoto_Prefecture_Kinki.html
Seiwa Hotel,620-0054,Kyoto Prefecture,2-108-6 Suehirocho Fukuchiyama,,$,http://www.tripadvisor.com/Hotel_Review-g1023378-d1089742-Reviews-Seiwa_Hotel-Fukuchiyama_Kyoto_Prefecture_Kinki.html
Fukuchiyama Station Hotel,620-0942,Kyoto Prefecture,2-265 Ekinancho Fukuchiyama,,,http://www.tripadvisor.com/Hotel_Review-g1023378-d1095315-Reviews-Fukuchiyama_Station_Hotel-Fukuchiyama_Kyoto_Prefecture_Kinki.html
Hotel Shinto,620-0055,Kyoto Prefecture,3-8 Saso Shimmachi Fukuchiyama,,$,http://www.tripadvisor.com/Hotel_Review-g1023378-d1095317-Reviews-Hotel_Shinto-Fukuchiyama_Kyoto_Prefecture_Kinki.html
Fukuchiyama Weekly & Monthly,620-0856,Kyoto Prefecture,1-93 Hazemiyamachi Fukuchiyama,,,http://www.tripadvisor.com/Hotel_Review-g1023378-d1111001-Reviews-Fukuchiyama_Weekly_Monthly-Fukuchiyama_Kyoto_Prefecture_Kinki.html
Hotel Tsukasa Fukuchiyama,620-0932,Kyoto Prefecture,979-10 Sasoo Fukuchiyama,,$,http://www.tripadvisor.com/Hotel_Review-g1023378-d1111008-Reviews-Hotel_Tsukasa_Fukuchiyama-Fukuchiyama_Kyoto_Prefecture_Kinki.html
Business Hotel Matsushiroya,620-0045,Kyoto Prefecture,253-8 Ekimaecho Fukuchiyama,,$,http://www.tripadvisor.com/Hotel_Review-g1023378-d1111011-Reviews-Business_Hotel_Matsushiroya-Fukuchiyama_Kyoto_Prefecture_Kinki.html
Yakunoso,629-1322,Kyoto Prefecture,"2174 Hirano, Yakunocho Fukuchiyama",,$,http://www.tripadvisor.com/Hotel_Review-g1023378-d1111013-Reviews-Yakunoso-Fukuchiyama_Kyoto_Prefecture_Kinki.html
Ryokan Oeyama,620-0301,Kyoto Prefecture,"171 Komori, Oecho Fukuchiyama",,,http://www.tripadvisor.com/Hotel_Review-g1023378-d1111023-Reviews-Ryokan_Oeyama-Fukuchiyama_Kyoto_Prefecture_Kinki.html
Santo Ryori Ryokan,620-0038,Kyoto Prefecture,"213 Santo, Nishinakanomachi Fukuchiyama",,,http://www.tripadvisor.com/Hotel_Review-g1023378-d1111034-Reviews-Santo_Ryori_Ryokan-Fukuchiyama_Kyoto_Prefecture_Kinki.html
NIko Niko Capsule Hotel,620-0945,Kyoto Prefecture,22 Hirominecho Fukuchiyama,36,$,http://www.tripadvisor.com/Hotel_Review-g1023378-d1602621-Reviews-NIko_Niko_Capsule_Hotel-Fukuchiyama_Kyoto_Prefecture_Kinki.html
Sunroute Fukuchiyama Hotel,620-0054　,Kyoto Prefecture,"1 Gai-ku, Suehiro-cho Fukuchiyama",33,$,http://www.tripadvisor.com/Hotel_Review-g1023378-d2061307-Reviews-Sunroute_Fukuchiyama_Hotel-Fukuchiyama_Kyoto_Prefecture_Kinki.html
Okumojyukusha,620-0341,Kyoto Prefecture,1936 Oecho kitaariji Fukuchiyama,,,http://www.tripadvisor.com/Hotel_Review-g1023378-d2526894-Reviews-Okumojyukusha-Fukuchiyama_Kyoto_Prefecture_Kinki.html
Asahi Ryokan,620-0926,Kyoto Prefecture,790-1 Shinjo Fukuchiyama,,$,http://www.tripadvisor.com/Hotel_Review-g1023378-d2535612-Reviews-Asahi_Ryokan-Fukuchiyama_Kyoto_Prefecture_Kinki.html
Furumaya,620-1311,Kyoto Prefecture,156 Miwacho Kamigawai Fukuchiyama,2,$$,http://www.tripadvisor.com/Hotel_Review-g1023378-d4543539-Reviews-Furumaya-Fukuchiyama_Kyoto_Prefecture_Kinki.html
Nagaokakyo City Hotel,617-0823,Kyoto Prefecture,1-1-10 Nagaoka Nagaokakyo,,,http://www.tripadvisor.com/Hotel_Review-g1023397-d1858533-Reviews-Nagaokakyo_City_Hotel-Nagaokakyo_Kyoto_Prefecture_Kinki.html
Minshuku Minatoya,626-0403,Kyoto Prefecture,932 Honjohama Ine-cho,,,http://www.tripadvisor.com/Hotel_Review-g1121286-d1170927-Reviews-Minshuku_Minatoya-Ine_cho_Yosa_gun_Kyoto_Prefecture_Kinki.html
Aburaya,626-0412,Kyoto Prefecture,570 Tsumo Ine-cho,,$$$$,http://www.tripadvisor.com/Hotel_Review-g1121286-d1440273-Reviews-Aburaya-Ine_cho_Yosa_gun_Kyoto_Prefecture_Kinki.html
Shibataso,626-0413,Kyoto Prefecture,105 Tomari Ine-cho,,,http://www.tripadvisor.com/Hotel_Review-g1121286-d1486199-Reviews-Shibataso-Ine_cho_Yosa_gun_Kyoto_Prefecture_Kinki.html
Aburaya Annex Nagomitei,626-0412,Kyoto Prefecture,570 Tsumo Ine-cho,11,$$$$,http://www.tripadvisor.com/Hotel_Review-g1121286-d1486204-Reviews-Aburaya_Annex_Nagomitei-Ine_cho_Yosa_gun_Kyoto_Prefecture_Kinki.html
Ine Onsen Log Cottage,626-0414,Kyoto Prefecture,465-8 Rokumambu Ine-cho,,,http://www.tripadvisor.com/Hotel_Review-g1121286-d2025117-Reviews-Ine_Onsen_Log_Cottage-Ine_cho_Yosa_gun_Kyoto_Prefecture_Kinki.html
Osenkaku,626-0414,Kyoto Prefecture,465-1 Rokumambu Ine-cho,,,http://www.tripadvisor.com/Hotel_Review-g1121286-d2035954-Reviews-Osenkaku-Ine_cho_Yosa_gun_Kyoto_Prefecture_Kinki.html
Ohiraso,626-0423,Kyoto Prefecture,118 Hirata Ine-cho,,,http://www.tripadvisor.com/Hotel_Review-g1121286-d5230810-Reviews-Ohiraso-Ine_cho_Yosa_gun_Kyoto_Prefecture_Kinki.html
Ameya,626-0424,Kyoto Prefecture,305 Kameshima Ine-cho,,,http://www.tripadvisor.com/Hotel_Review-g1121286-d6591165-Reviews-Ameya-Ine_cho_Yosa_gun_Kyoto_Prefecture_Kinki.html
Funaya no Yado Taisei, 626-0424 ,Kyoto Prefecture,1017 Kameshima Ine-cho,,,http://www.tripadvisor.com/Hotel_Review-g1121286-d6620592-Reviews-Funaya_no_Yado_Taisei-Ine_cho_Yosa_gun_Kyoto_Prefecture_Kinki.html
Hashidate Bay Hotel,629-2262,Kyoto Prefecture,68 Iwataki Yosano-cho,61,$$,http://www.tripadvisor.com/Hotel_Review-g1121287-d1165618-Reviews-Hashidate_Bay_Hotel-Yosano_cho_Yosa_gun_Kyoto_Prefecture_Kinki.html
Nodagawa Youth Center,629-2313,Kyoto Prefecture,48-1 Migochi Yosano-cho,,$,http://www.tripadvisor.com/Hotel_Review-g1121287-d1486209-Reviews-Nodagawa_Youth_Center-Yosano_cho_Yosa_gun_Kyoto_Prefecture_Kinki.html
Kaya yamanoie,629-2413,Kyoto Prefecture,1401 Atsue Yosano-cho,,$,http://www.tripadvisor.com/Hotel_Review-g1121287-d1925285-Reviews-Kaya_yamanoie-Yosano_cho_Yosa_gun_Kyoto_Prefecture_Kinki.html
Hotel Kirakuya,629-2261,Kyoto Prefecture,81 Otokoyama Yosano-cho,,$$,http://www.tripadvisor.com/Hotel_Review-g1121287-d1925287-Reviews-Hotel_Kirakuya-Yosano_cho_Yosa_gun_Kyoto_Prefecture_Kinki.html
Ryori ryokan izutuya,629-2403,Kyoto Prefecture,1050 Kaya Yosano-cho,,$$,http://www.tripadvisor.com/Hotel_Review-g1121287-d1925289-Reviews-Ryori_ryokan_izutuya-Yosano_cho_Yosa_gun_Kyoto_Prefecture_Kinki.html
Refre Kayanosato,629-2421,Kyoto Prefecture,1730 Kanaya Yosano-cho,,$,http://www.tripadvisor.com/Hotel_Review-g1121287-d2530301-Reviews-Refre_Kayanosato-Yosano_cho_Yosa_gun_Kyoto_Prefecture_Kinki.html
Hotel Mare Takata,625-0036,Kyoto Prefecture,2002-3 Hama Maizuru,,$,http://www.tripadvisor.com/Hotel_Review-g1023391-d1074989-Reviews-Hotel_Mare_Takata-Maizuru_Kyoto_Prefecture_Kinki.html
Plaza Hotel Maizuru,624-0841,Kyoto Prefecture,39-1 Hikitsuchi Orihara Maizuru,,$,http://www.tripadvisor.com/Hotel_Review-g1023391-d1074993-Reviews-Plaza_Hotel_Maizuru-Maizuru_Kyoto_Prefecture_Kinki.html
Ryokan Ginsuikaku,624-0841,Kyoto Prefecture,199 Hikitsuchi Maizuru,,$$,http://www.tripadvisor.com/Hotel_Review-g1023391-d1074994-Reviews-Ryokan_Ginsuikaku-Maizuru_Kyoto_Prefecture_Kinki.html
Port Shine Hotel,625-0035,Kyoto Prefecture,144-1 Mizoshiri Maizuru,,$,http://www.tripadvisor.com/Hotel_Review-g1023391-d1093510-Reviews-Port_Shine_Hotel-Maizuru_Kyoto_Prefecture_Kinki.html
Business Inn Aube Hama,625-0036,Kyoto Prefecture,1258-2 Hama Maizuru,,$,http://www.tripadvisor.com/Hotel_Review-g1023391-d1093512-Reviews-Business_Inn_Aube_Hama-Maizuru_Kyoto_Prefecture_Kinki.html
Hotel Arstainn,625-0057,Kyoto Prefecture,10-3 Minami Hamacho Maizuru,,$,http://www.tripadvisor.com/Hotel_Review-g1023391-d1093514-Reviews-Hotel_Arstainn-Maizuru_Kyoto_Prefecture_Kinki.html
Hotel Yoshida,625-0036 ,Kyoto Prefecture,139 Hama Maizuru,30,$$,http://www.tripadvisor.com/Hotel_Review-g1023391-d1093516-Reviews-Hotel_Yoshida-Maizuru_Kyoto_Prefecture_Kinki.html
Maizuru Urban Hotel,625-0036 ,Kyoto Prefecture,2001-5 Hama Maizuru,,$,http://www.tripadvisor.com/Hotel_Review-g1023391-d1093518-Reviews-Maizuru_Urban_Hotel-Maizuru_Kyoto_Prefecture_Kinki.html
Seaside Hotel Parco,625-0036,Kyoto Prefecture,34-3 Hama Maizuru,,$,http://www.tripadvisor.com/Hotel_Review-g1023391-d1093529-Reviews-Seaside_Hotel_Parco-Maizuru_Kyoto_Prefecture_Kinki.html
Shiraito,625-0036,Kyoto Prefecture,245 Hama Maizuru,,,http://www.tripadvisor.com/Hotel_Review-g1023391-d1093531-Reviews-Shiraito-Maizuru_Kyoto_Prefecture_Kinki.html
Kagetsu Ryokan,624-0935,Kyoto Prefecture,42 Kyoguchi Maizuru,,$$$,http://www.tripadvisor.com/Hotel_Review-g1023391-d1111040-Reviews-Kagetsu_Ryokan-Maizuru_Kyoto_Prefecture_Kinki.html
Maizuru Grand Hotel,624-0854,Kyoto Prefecture,"124 Yokohaccho, Enmanji Maizuru",,$,http://www.tripadvisor.com/Hotel_Review-g1023391-d1111050-Reviews-Maizuru_Grand_Hotel-Maizuru_Kyoto_Prefecture_Kinki.html
Business Hotel Amabile,625-0036,Kyoto Prefecture,18 Hama Maizuru,45,$,http://www.tripadvisor.com/Hotel_Review-g1023391-d1111053-Reviews-Business_Hotel_Amabile-Maizuru_Kyoto_Prefecture_Kinki.html
Hotel Tsukasa Maizuru,624-0951,Kyoto Prefecture,1576 Kamifukui Maizuru,,$,http://www.tripadvisor.com/Hotel_Review-g1023391-d1111055-Reviews-Hotel_Tsukasa_Maizuru-Maizuru_Kyoto_Prefecture_Kinki.html
Maizuru Green Hotel,624-0937,Kyoto Prefecture,1 Nishi Maizuru,,,http://www.tripadvisor.com/Hotel_Review-g1023391-d1111058-Reviews-Maizuru_Green_Hotel-Maizuru_Kyoto_Prefecture_Kinki.html
Maizuru Fujitsu Onsen,624-0951,Kyoto Prefecture,"1611 Miyagaya, Kamifukui Maizuru",,$,http://www.tripadvisor.com/Hotel_Review-g1023391-d1111061-Reviews-Maizuru_Fujitsu_Onsen-Maizuru_Kyoto_Prefecture_Kinki.html
Maizuru Grand Hotel Villa,624-0854,Kyoto Prefecture,"129-6 Haccho, Enmanji Maizuru",,,http://www.tripadvisor.com/Hotel_Review-g1023391-d1111065-Reviews-Maizuru_Grand_Hotel_Villa-Maizuru_Kyoto_Prefecture_Kinki.html
Maizuru Grand Chateau,624-0854,Kyoto Prefecture,"25-4 Orihara, Hikitsuchi Maizuru",,,http://www.tripadvisor.com/Hotel_Review-g1023391-d1111072-Reviews-Maizuru_Grand_Chateau-Maizuru_Kyoto_Prefecture_Kinki.html
Seaside Hotel Oba,625-0007,Kyoto Prefecture,202_31 Takigaura Obashimo Maizuru,,$,http://www.tripadvisor.com/Hotel_Review-g1023391-d1870795-Reviews-Seaside_Hotel_Oba-Maizuru_Kyoto_Prefecture_Kinki.html
Hotel The Lodge,625-0147,Kyoto Prefecture,924-1 Tochio Maizuru,,$,http://www.tripadvisor.com/Hotel_Review-g1023391-d1924167-Reviews-Hotel_The_Lodge-Maizuru_Kyoto_Prefecture_Kinki.html
Hotel Yoshida Bekkan,625-0036,Kyoto Prefecture,134 Hama Maizuru,,$,http://www.tripadvisor.com/Hotel_Review-g1023391-d3349627-Reviews-Hotel_Yoshida_Bekkan-Maizuru_Kyoto_Prefecture_Kinki.html
Business Hotel Wave Maizuru,625-0037,Kyoto Prefecture,4-1 Hamamachi Maizuru,,$,http://www.tripadvisor.com/Hotel_Review-g1023391-d5549041-Reviews-Business_Hotel_Wave_Maizuru-Maizuru_Kyoto_Prefecture_Kinki.html
Kashoen,629-3241,Kyoto Prefecture,"247 Kitsu, Aminocho Kyotango",40,$$,http://www.tripadvisor.com/Hotel_Review-g1023401-d1074997-Reviews-Kashoen-Kyotango_Kyoto_Prefecture_Kinki.html
Minshuku Hamanasu,629-3245,Kyoto Prefecture,46-64 Hamazume Aminocho Kyotango,,,http://www.tripadvisor.com/Hotel_Review-g1023401-d1074998-Reviews-Minshuku_Hamanasu-Kyotango_Kyoto_Prefecture_Kinki.html
Oyado Sumihei,627-0201,Kyoto Prefecture,3718 TaizaTangocho Kyotango,,$$$,http://www.tripadvisor.com/Hotel_Review-g1023401-d1075000-Reviews-Oyado_Sumihei-Kyotango_Kyoto_Prefecture_Kinki.html
Hisami,627-0201,Kyoto Prefecture,220 Taira Tangocho Kyotango,,$$$,http://www.tripadvisor.com/Hotel_Review-g1023401-d1079621-Reviews-Hisami-Kyotango_Kyoto_Prefecture_Kinki.html
Jukaitei,627-0201,Kyoto Prefecture,3773 Tangochotaiza Kyotango,8,$$,http://www.tripadvisor.com/Hotel_Review-g1023401-d1089846-Reviews-Jukaitei-Kyotango_Kyoto_Prefecture_Kinki.html
Kaiunkan,627-0201,Kyoto Prefecture,1945 Tangochotaiza Kyotango,,$$,http://www.tripadvisor.com/Hotel_Review-g1023401-d1089849-Reviews-Kaiunkan-Kyotango_Kyoto_Prefecture_Kinki.html
Yoshitsuru,627-0201,Kyoto Prefecture,4701 Tangochotaiza Kyotango,,$$$,http://www.tripadvisor.com/Hotel_Review-g1023401-d1089851-Reviews-Yoshitsuru-Kyotango_Kyoto_Prefecture_Kinki.html
Yamanoie,927-0101,Kyoto Prefecture,2562 Yasakachononaka Kyotango,,$$,http://www.tripadvisor.com/Hotel_Review-g1023401-d1089865-Reviews-Yamanoie-Kyotango_Kyoto_Prefecture_Kinki.html
City Hotel Mineyama,627-0005,Kyoto Prefecture,1654 Mineyamashinmachi Kyotango,,$,http://www.tripadvisor.com/Hotel_Review-g1023401-d1090249-Reviews-City_Hotel_Mineyama-Kyotango_Kyoto_Prefecture_Kinki.html
Shorenkan Yoshinoya,627-0201,Kyoto Prefecture,1297-3 Tangochotaiza Kyotango,13,$$,http://www.tripadvisor.com/Hotel_Review-g1023401-d1090252-Reviews-Shorenkan_Yoshinoya-Kyotango_Kyoto_Prefecture_Kinki.html
Isaribitei,627-0201,Kyoto Prefecture,1789-1 Tangochotaiza Kyotango,,,http://www.tripadvisor.com/Hotel_Review-g1023401-d1090261-Reviews-Isaribitei-Kyotango_Kyoto_Prefecture_Kinki.html
Yadori Sanyoso,627-0201,Kyoto Prefecture,2708 Tangocho Taiza Kyotango,,$$,http://www.tripadvisor.com/Hotel_Review-g1023401-d1090264-Reviews-Yadori_Sanyoso-Kyotango_Kyoto_Prefecture_Kinki.html
Yurapia Hotel,627-0133,Kyoto Prefecture,"123 Tottori, Yasakacho Kyotango",,$,http://www.tripadvisor.com/Hotel_Review-g1023401-d1090270-Reviews-Yurapia_Hotel-Kyotango_Kyoto_Prefecture_Kinki.html
Hashiudoso,627-0201,Kyoto Prefecture,632-1 Tangochotaiza Kyotango,11,$,http://www.tripadvisor.com/Hotel_Review-g1023401-d1090272-Reviews-Hashiudoso-Kyotango_Kyoto_Prefecture_Kinki.html
Totoya,627-0201,Kyoto Prefecture,566 Tangochotaiza Kyotango,10,$,http://www.tripadvisor.com/Hotel_Review-g1023401-d1090274-Reviews-Totoya-Kyotango_Kyoto_Prefecture_Kinki.html
Yunagi,629-0202,Kyoto Prefecture,4260 Tangochotaiza Kyotango,,$$,http://www.tripadvisor.com/Hotel_Review-g1023401-d1090278-Reviews-Yunagi-Kyotango_Kyoto_Prefecture_Kinki.html
Umedaso,627-0221,Kyoto Prefecture,"990-1 Takeno, Tangocho Kyotango",,$,http://www.tripadvisor.com/Hotel_Review-g1023401-d1090287-Reviews-Umedaso-Kyotango_Kyoto_Prefecture_Kinki.html
Shotenkyo,629-3422,Kyoto Prefecture,"1612-16 Minatomiya, Kumihama-cho Kyotango",,$$,http://www.tripadvisor.com/Hotel_Review-g1023401-d1093282-Reviews-Shotenkyo-Kyotango_Kyoto_Prefecture_Kinki.html
Hamagyoen,629-3245,Kyoto Prefecture,"266-34 Hamazume, Aminocho Kyotango",,$,http://www.tripadvisor.com/Hotel_Review-g1023401-d1112558-Reviews-Hamagyoen-Kyotango_Kyoto_Prefecture_Kinki.html
Lakeside Kotobiki,629-3113,Kyoto Prefecture,"912 Kobama, Aminocho Kyotango",,$$$,http://www.tripadvisor.com/Hotel_Review-g1023401-d1112560-Reviews-Lakeside_Kotobiki-Kyotango_Kyoto_Prefecture_Kinki.html
Oyamaso,629-3245,Kyoto Prefecture,"46-47 Hamazume, Aminocho Kyotango",,,http://www.tripadvisor.com/Hotel_Review-g1023401-d1112561-Reviews-Oyamaso-Kyotango_Kyoto_Prefecture_Kinki.html
Mansukero,629-3104,Kyoto Prefecture,319 Aminocho Asamogawa Kyotango,,$$$,http://www.tripadvisor.com/Hotel_Review-g1023401-d1112563-Reviews-Mansukero-Kyotango_Kyoto_Prefecture_Kinki.html
Minshuku Wada,629-3422,Kyoto Prefecture,"1843 Minatomiya, Kumihamacho Kyotango",,$$,http://www.tripadvisor.com/Hotel_Review-g1023401-d1112564-Reviews-Minshuku_Wada-Kyotango_Kyoto_Prefecture_Kinki.html
Rinkoan,629-3422,Kyoto Prefecture,1795 Kumihamacho Minatomiya Kyotango,,$$$,http://www.tripadvisor.com/Hotel_Review-g1023401-d1112566-Reviews-Rinkoan-Kyotango_Kyoto_Prefecture_Kinki.html
Minshuku Shoza,629-3422,Kyoto Prefecture,"1884 Minaomiya, Kumihamacho Kyotango",,$$,http://www.tripadvisor.com/Hotel_Review-g1023401-d1112567-Reviews-Minshuku_Shoza-Kyotango_Kyoto_Prefecture_Kinki.html
Ryokan Fuji,629-3101,Kyoto Prefecture,"886-2 Amino, Aminocho Kyotango",,,http://www.tripadvisor.com/Hotel_Review-g1023401-d1113451-Reviews-Ryokan_Fuji-Kyotango_Kyoto_Prefecture_Kinki.html
Minshuku Asahi,629-3422,Kyoto Prefecture,"1686-2 Minatomiya, Kumihamacho Kyotango",,$,http://www.tripadvisor.com/Hotel_Review-g1023401-d1113455-Reviews-Minshuku_Asahi-Kyotango_Kyoto_Prefecture_Kinki.html
Hekisui Gyoen,629-3422,Kyoto Prefecture,1452 Kumihamacho Minatomiya Kyotango,14,$$,http://www.tripadvisor.com/Hotel_Review-g1023401-d1113458-Reviews-Hekisui_Gyoen-Kyotango_Kyoto_Prefecture_Kinki.html
Minshuku Kazuko,629-3422,Kyoto Prefecture,"2098-16 Minatomiya, Kumihama Kyotango",,$,http://www.tripadvisor.com/Hotel_Review-g1023401-d1113461-Reviews-Minshuku_Kazuko-Kyotango_Kyoto_Prefecture_Kinki.html
Morigen Ryokan,629-3101,Kyoto Prefecture,"656 Aminio, Aminocho Kyotango",,$,http://www.tripadvisor.com/Hotel_Review-g1023401-d1113504-Reviews-Morigen_Ryokan-Kyotango_Kyoto_Prefecture_Kinki.html
Taiza Kotobuki,627-0201,Kyoto Prefecture,"2399-1 Taiza, Tangocho Kyotango",,$,http://www.tripadvisor.com/Hotel_Review-g1023401-d1113518-Reviews-Taiza_Kotobuki-Kyotango_Kyoto_Prefecture_Kinki.html
Unejima,629-3112　,Kyoto Prefecture,853 Aminochokakezu Kyotango,,,http://www.tripadvisor.com/Hotel_Review-g1023401-d1113525-Reviews-Unejima-Kyotango_Kyoto_Prefecture_Kinki.html
Ryokan Ishi,629-3245,Kyoto Prefecture,46-56 Aminocho Hamazume Kyotango,,$,http://www.tripadvisor.com/Hotel_Review-g1023401-d1113527-Reviews-Ryokan_Ishi-Kyotango_Kyoto_Prefecture_Kinki.html
Minshuku Sunanoyakata,629-3112,Kyoto Prefecture,"61 Kakezu, Aminocho Kyotango",,$$,http://www.tripadvisor.com/Hotel_Review-g1023401-d1113530-Reviews-Minshuku_Sunanoyakata-Kyotango_Kyoto_Prefecture_Kinki.html
Amayadorino Yado Ujo Soan,629-3241,Kyoto Prefecture,247 Aminochokitsu Kyotango,6,$$,http://www.tripadvisor.com/Hotel_Review-g1023401-d1113533-Reviews-Amayadorino_Yado_Ujo_Soan-Kyotango_Kyoto_Prefecture_Kinki.html
Bekkan Matsuya,629-3245,Kyoto Prefecture,"266-35 Hamazume, Aminocho Kyotango",,,http://www.tripadvisor.com/Hotel_Review-g1023401-d1113536-Reviews-Bekkan_Matsuya-Kyotango_Kyoto_Prefecture_Kinki.html
Ichibokan,629-3245,Kyoto Prefecture,"266 Hamazume, Aminocho Kyotango",33,$$,http://www.tripadvisor.com/Hotel_Review-g1023401-d1113537-Reviews-Ichibokan-Kyotango_Kyoto_Prefecture_Kinki.html
Minshuku Toyofuji,629-3422,Kyoto Prefecture,"1867 Minatomiya, Kumihamacho Kyotango",,,http://www.tripadvisor.com/Hotel_Review-g1023401-d1113539-Reviews-Minshuku_Toyofuji-Kyotango_Kyoto_Prefecture_Kinki.html
Ryokan Suzuran,629-3421,Kyoto Prefecture,369 Kumihamacho Kazurano Kyotango,,$$,http://www.tripadvisor.com/Hotel_Review-g1023401-d1113540-Reviews-Ryokan_Suzuran-Kyotango_Kyoto_Prefecture_Kinki.html
Hotel Tsukasa Mineyama,627-0005,Kyoto Prefecture,"1798 Shinmachi, Mineyamacho Kyotango",,$$,http://www.tripadvisor.com/Hotel_Review-g1023401-d1113541-Reviews-Hotel_Tsukasa_Mineyama-Kyotango_Kyoto_Prefecture_Kinki.html
Honke Senmatsu,629-3245,Kyoto Prefecture,"766 Hamazume, Aminocho Kyotango",,,http://www.tripadvisor.com/Hotel_Review-g1023401-d1113542-Reviews-Honke_Senmatsu-Kyotango_Kyoto_Prefecture_Kinki.html
Yumotokan Nihonkai,629-3112,Kyoto Prefecture,"249 Kakezu, Aminocho Kyotango",,,http://www.tripadvisor.com/Hotel_Review-g1023401-d1113545-Reviews-Yumotokan_Nihonkai-Kyotango_Kyoto_Prefecture_Kinki.html
Cottage Isonoue,629-3245,Kyoto Prefecture,"373 Hamazume, Aminocho Kyotango",,,http://www.tripadvisor.com/Hotel_Review-g1023401-d1113546-Reviews-Cottage_Isonoue-Kyotango_Kyoto_Prefecture_Kinki.html
Minatoso,629-3422,Kyoto Prefecture,1832 Kumihamacho Minatomiya Kyotango,,$$,http://www.tripadvisor.com/Hotel_Review-g1023401-d1113551-Reviews-Minatoso-Kyotango_Kyoto_Prefecture_Kinki.html
Minshuku Yasaku,629-3112,Kyoto Prefecture,"Kotobikihama, Kakezu, Aminocho Kyotango",,,http://www.tripadvisor.com/Hotel_Review-g1023401-d1113554-Reviews-Minshuku_Yasaku-Kyotango_Kyoto_Prefecture_Kinki.html
Hagoromoso,629-3112,Kyoto Prefecture,"2 Kakezu, Aminocho Kyotango",,$$,http://www.tripadvisor.com/Hotel_Review-g1023401-d1113558-Reviews-Hagoromoso-Kyotango_Kyoto_Prefecture_Kinki.html
Minshuku Kishimoto,629-3423,Kyoto Prefecture,"411 Omukai, Kumihamacho Kyotango",,,http://www.tripadvisor.com/Hotel_Review-g1023401-d1113560-Reviews-Minshuku_Kishimoto-Kyotango_Kyoto_Prefecture_Kinki.html
Kanino Yado,629-3113,Kyoto Prefecture,"660 Kobama, Aminocho Kyotango",,,http://www.tripadvisor.com/Hotel_Review-g1023401-d1113563-Reviews-Kanino_Yado-Kyotango_Kyoto_Prefecture_Kinki.html
Minshuku Ikoi,629-3422,Kyoto Prefecture,"715 Minatomiya, Kumihamacho Kyotango",,$$,http://www.tripadvisor.com/Hotel_Review-g1023401-d1113566-Reviews-Minshuku_Ikoi-Kyotango_Kyoto_Prefecture_Kinki.html
Sakamotoya,629-3423,Kyoto Prefecture,"409 Omukai, Kumihamacho Kyotango",,$$$,http://www.tripadvisor.com/Hotel_Review-g1023401-d1113569-Reviews-Sakamotoya-Kyotango_Kyoto_Prefecture_Kinki.html
Okunosho,629-3245,Kyoto Prefecture,370-1 Aminocho Hamazume Kyotango,,$$$,http://www.tripadvisor.com/Hotel_Review-g1023401-d1113578-Reviews-Okunosho-Kyotango_Kyoto_Prefecture_Kinki.html
Minori Ryokan,629-3245,Kyoto Prefecture,46-13 Aminocho Hamazume Kyotango,,$$,http://www.tripadvisor.com/Hotel_Review-g1023401-d1113611-Reviews-Minori_Ryokan-Kyotango_Kyoto_Prefecture_Kinki.html
Hotel Nihonkai,629-3416,Kyoto Prefecture,"638 Kandani, Kumihamacho Kyotango",,,http://www.tripadvisor.com/Hotel_Review-g1023401-d1113616-Reviews-Hotel_Nihonkai-Kyotango_Kyoto_Prefecture_Kinki.html
Aoki Kippuen,629-3245,Kyoto Prefecture,"43 Hamazume, Aminocho Kyotango",,$$,http://www.tripadvisor.com/Hotel_Review-g1023401-d1113624-Reviews-Aoki_Kippuen-Kyotango_Kyoto_Prefecture_Kinki.html
Minshuku Echizenya,629-3422,Kyoto Prefecture,"1637-3 Minatomiya, Kumihamacho Kyotango",,$$,http://www.tripadvisor.com/Hotel_Review-g1023401-d1113625-Reviews-Minshuku_Echizenya-Kyotango_Kyoto_Prefecture_Kinki.html
Minshuku Oe,629-3112,Kyoto Prefecture,"27 Kakezu, Aminocho Kyotango",,$,http://www.tripadvisor.com/Hotel_Review-g1023401-d1113628-Reviews-Minshuku_Oe-Kyotango_Kyoto_Prefecture_Kinki.html
Centrale Hotel Kyotango,629-2523,Kyoto Prefecture,"105-15 Ariake, Misaka, Omiyacho Kyotango",,,http://www.tripadvisor.com/Hotel_Review-g1023401-d1113631-Reviews-Centrale_Hotel_Kyotango-Kyotango_Kyoto_Prefecture_Kinki.html
Minshuku Shimadaso,629-3112,Kyoto Prefecture,"Kotobikihama, Kakezu, Aminocho Kyotango",,,http://www.tripadvisor.com/Hotel_Review-g1023401-d1113632-Reviews-Minshuku_Shimadaso-Kyotango_Kyoto_Prefecture_Kinki.html
Furutaniya Ryokan,629-3409,Kyoto Prefecture,3338 Kumihamacho Kyotango,,$,http://www.tripadvisor.com/Hotel_Review-g1023401-d1113633-Reviews-Furutaniya_Ryokan-Kyotango_Kyoto_Prefecture_Kinki.html
Minshuku Yoshinoya,629-3442,Kyoto Prefecture,2088 Kumihamacho Minatomiya Kyotango,,$$,http://www.tripadvisor.com/Hotel_Review-g1023401-d1113635-Reviews-Minshuku_Yoshinoya-Kyotango_Kyoto_Prefecture_Kinki.html
Ryokan Suehiro,629-3245,Kyoto Prefecture,"266-22 Hamazume, Aminocho Kyotango",,,http://www.tripadvisor.com/Hotel_Review-g1023401-d1113637-Reviews-Ryokan_Suehiro-Kyotango_Kyoto_Prefecture_Kinki.html
Yumotokan Yoshizuru,627-0202,Kyoto Prefecture,"4701 Taiza, Tangocho Kyotango",,$$$,http://www.tripadvisor.com/Hotel_Review-g1023401-d1114396-Reviews-Yumotokan_Yoshizuru-Kyotango_Kyoto_Prefecture_Kinki.html
New Marutaso,629-3112,Kyoto Prefecture,"13 Kakezu, Aminocho Kyotango",,$,http://www.tripadvisor.com/Hotel_Review-g1023401-d1114404-Reviews-New_Marutaso-Kyotango_Kyoto_Prefecture_Kinki.html
Ryokan Yuhigaura,629-3245,Kyoto Prefecture,351 Aminocho Hamazume Kyotango,,$$,http://www.tripadvisor.com/Hotel_Review-g1023401-d1114413-Reviews-Ryokan_Yuhigaura-Kyotango_Kyoto_Prefecture_Kinki.html
Bekkan Hamato,629-3422,Kyoto Prefecture,"1621 Minatomiya, Kumihamacho Kyotango",,$,http://www.tripadvisor.com/Hotel_Review-g1023401-d1114418-Reviews-Bekkan_Hamato-Kyotango_Kyoto_Prefecture_Kinki.html
Honke Matsuya,629-3245,Kyoto Prefecture,739 Aminocho Hamazume Kyotango,,,http://www.tripadvisor.com/Hotel_Review-g1023401-d1114421-Reviews-Honke_Matsuya-Kyotango_Kyoto_Prefecture_Kinki.html
Minshuku Marukoso,627-0242,Kyoto Prefecture,"752 Kyuso, Tangocho Kyotango",,,http://www.tripadvisor.com/Hotel_Review-g1023401-d1114427-Reviews-Minshuku_Marukoso-Kyotango_Kyoto_Prefecture_Kinki.html
Kaikatei Shihokaku,629-3241,Kyoto Prefecture,198 Aminochokitsu Kyotango,,$$$,http://www.tripadvisor.com/Hotel_Review-g1023401-d1114441-Reviews-Kaikatei_Shihokaku-Kyotango_Kyoto_Prefecture_Kinki.html
Kaishu,629-3245,Kyoto Prefecture,46-4 Aminocho Hamazume Kyotango,,$$,http://www.tripadvisor.com/Hotel_Review-g1023401-d1114444-Reviews-Kaishu-Kyotango_Kyoto_Prefecture_Kinki.html
Kaikatei Hanagozen,629-3241,Kyoto Prefecture,193 Aminochokitsu Kyotango,,$$$,http://www.tripadvisor.com/Hotel_Review-g1023401-d1114447-Reviews-Kaikatei_Hanagozen-Kyotango_Kyoto_Prefecture_Kinki.html
Ryokan Kaizan,629-3245,Kyoto Prefecture,252-2 Aminocho Hamazume Kyotango,,,http://www.tripadvisor.com/Hotel_Review-g1023401-d1114450-Reviews-Ryokan_Kaizan-Kyotango_Kyoto_Prefecture_Kinki.html
Hamashogetsu,629-3113,Kyoto Prefecture,"476 Kobama, Aminocho Kyotango",,,http://www.tripadvisor.com/Hotel_Review-g1023401-d1114520-Reviews-Hamashogetsu-Kyotango_Kyoto_Prefecture_Kinki.html
Sugimotoya,629-3561,Kyoto Prefecture,"281 Nonaka, Kumihamacho Kyotango",,,http://www.tripadvisor.com/Hotel_Review-g1023401-d1114521-Reviews-Sugimotoya-Kyotango_Kyoto_Prefecture_Kinki.html
Terikichi,629-3104,Kyoto Prefecture,"1861-13 Asamogawa, Aminocho Kyotango",,$$$,http://www.tripadvisor.com/Hotel_Review-g1023401-d1114524-Reviews-Terikichi-Kyotango_Kyoto_Prefecture_Kinki.html
Minato Yuyu,629-3422,Kyoto Prefecture,"2102-1 Minatomiya, Kumihamacho Kyotango",,$$,http://www.tripadvisor.com/Hotel_Review-g1023401-d1114525-Reviews-Minato_Yuyu-Kyotango_Kyoto_Prefecture_Kinki.html
Plaza Hotel Kissuien,627-0012,Kyoto Prefecture,"943 Sugitani, Mineyamacho Kyotango",,$,http://www.tripadvisor.com/Hotel_Review-g1023401-d1114528-Reviews-Plaza_Hotel_Kissuien-Kyotango_Kyoto_Prefecture_Kinki.html
Hekisuien,629-3422,Kyoto Prefecture,1432 Kumihamacho Minatomiya Kyotango,,$$,http://www.tripadvisor.com/Hotel_Review-g1023401-d1114532-Reviews-Hekisuien-Kyotango_Kyoto_Prefecture_Kinki.html
Hinaya,629-3245,Kyoto Prefecture,"46-2 Hamazume, Aminocho Kyotango",,$$,http://www.tripadvisor.com/Hotel_Review-g1023401-d1114534-Reviews-Hinaya-Kyotango_Kyoto_Prefecture_Kinki.html
Katagiya,629-3561,Kyoto Prefecture,"206 Nonaka, Kumihamacho Kyotango",,,http://www.tripadvisor.com/Hotel_Review-g1023401-d1114537-Reviews-Katagiya-Kyotango_Kyoto_Prefecture_Kinki.html
Tsuruya,629-3422,Kyoto Prefecture,2103-1 Kumihamacho Minatomiya Kyotango,,,http://www.tripadvisor.com/Hotel_Review-g1023401-d1114541-Reviews-Tsuruya-Kyotango_Kyoto_Prefecture_Kinki.html
Tangono Futsuno Ie,629-3113,Kyoto Prefecture,"913-9 Kobama, Aminocho Kyotango",,,http://www.tripadvisor.com/Hotel_Review-g1023401-d1114547-Reviews-Tangono_Futsuno_Ie-Kyotango_Kyoto_Prefecture_Kinki.html
Sadahei,629-3422,Kyoto Prefecture,"2097-2 Minatomiya, Kumihama-cho Kyotango",,$$,http://www.tripadvisor.com/Hotel_Review-g1023401-d1118437-Reviews-Sadahei-Kyotango_Kyoto_Prefecture_Kinki.html
Kinuya,629-3422 ,Kyoto Prefecture,1723 Kumihamacho Minatoya Kyotango,,$,http://www.tripadvisor.com/Hotel_Review-g1023401-d1118761-Reviews-Kinuya-Kyotango_Kyoto_Prefecture_Kinki.html
Kumihama Onsen Yumotokan,629-3432 ,Kyoto Prefecture,1106-4 Kumihamacho Hirata Kyotango,,$,http://www.tripadvisor.com/Hotel_Review-g1023401-d1118770-Reviews-Kumihama_Onsen_Yumotokan-Kyotango_Kyoto_Prefecture_Kinki.html
Kinpeiro,629-3241 ,Kyoto Prefecture,971-1 Aminochokitsu Kyotango,,$,http://www.tripadvisor.com/Hotel_Review-g1023401-d1118784-Reviews-Kinpeiro-Kyotango_Kyoto_Prefecture_Kinki.html
Rukeirou,629-3422,Kyoto Prefecture,1911 Kumihamacho Minatomiya Kyotango,,$$,http://www.tripadvisor.com/Hotel_Review-g1023401-d1118791-Reviews-Rukeirou-Kyotango_Kyoto_Prefecture_Kinki.html
Ebisuya,629-3241,Kyoto Prefecture,196-2 Aminocho Kitsu Kyotango,,$$,http://www.tripadvisor.com/Hotel_Review-g1023401-d1118833-Reviews-Ebisuya-Kyotango_Kyoto_Prefecture_Kinki.html
Tsukitei,629-3241,Kyoto Prefecture,25 Aminochokitsu Kyotango,,,http://www.tripadvisor.com/Hotel_Review-g1023401-d1118837-Reviews-Tsukitei-Kyotango_Kyoto_Prefecture_Kinki.html
Kotonoya,629-3111,Kyoto Prefecture,292 Aminochomitsu Kyotango,,$,http://www.tripadvisor.com/Hotel_Review-g1023401-d1118859-Reviews-Kotonoya-Kyotango_Kyoto_Prefecture_Kinki.html
Kaze no Gakko Kyoto,627-0001　,Kyoto Prefecture,2562 Yasakachononaka Kyotango,,$$,http://www.tripadvisor.com/Hotel_Review-g1023401-d1118888-Reviews-Kaze_no_Gakko_Kyoto-Kyotango_Kyoto_Prefecture_Kinki.html
Matsu-tsuru,629-3112　,Kyoto Prefecture,74-1 Aminochokakezu Kyotango,,$$,http://www.tripadvisor.com/Hotel_Review-g1023401-d1118900-Reviews-Matsu_tsuru-Kyotango_Kyoto_Prefecture_Kinki.html
Hamachidori,629-3422,Kyoto Prefecture,2102-1 Kumihamacho Minatomiya Kyotango,,$,http://www.tripadvisor.com/Hotel_Review-g1023401-d1118916-Reviews-Hamachidori-Kyotango_Kyoto_Prefecture_Kinki.html
Minshuku Dairiki,629-3422,Kyoto Prefecture,1894 Kumihamacho Minatomiya Kyotango,,,http://www.tripadvisor.com/Hotel_Review-g1023401-d1118924-Reviews-Minshuku_Dairiki-Kyotango_Kyoto_Prefecture_Kinki.html
Yuhikan,629-3245　,Kyoto Prefecture,390 Aminochohamazume Kyotango,,$$,http://www.tripadvisor.com/Hotel_Review-g1023401-d1118939-Reviews-Yuhikan-Kyotango_Kyoto_Prefecture_Kinki.html
Seaside Satake,629-3104 ,Kyoto Prefecture,1980 Aminocho Asamogawa Kyotango,,$$$,http://www.tripadvisor.com/Hotel_Review-g1023401-d1118944-Reviews-Seaside_Satake-Kyotango_Kyoto_Prefecture_Kinki.html
Shioriso,629-3422,Kyoto Prefecture,2101 Kumihamacho Minatomiya Kyotango,,$$,http://www.tripadvisor.com/Hotel_Review-g1023401-d1118952-Reviews-Shioriso-Kyotango_Kyoto_Prefecture_Kinki.html
Kikusui,629-3422 ,Kyoto Prefecture,2097-6 Kumihamacho Minatomiya Kyotango,,$$,http://www.tripadvisor.com/Hotel_Review-g1023401-d1118958-Reviews-Kikusui-Kyotango_Kyoto_Prefecture_Kinki.html
Murakita,629-3422,Kyoto Prefecture,2100 Kumihamacho Minatomiya Kyotango,,$$,http://www.tripadvisor.com/Hotel_Review-g1023401-d1118985-Reviews-Murakita-Kyotango_Kyoto_Prefecture_Kinki.html
Hamanoya,629-3245　,Kyoto Prefecture,765 Aminochohamazume Kyotango,,$$$,http://www.tripadvisor.com/Hotel_Review-g1023401-d1118993-Reviews-Hamanoya-Kyotango_Kyoto_Prefecture_Kinki.html
Hourai,629-3422,Kyoto Prefecture,2102-1 Kumihamacho Minatomiya Kyotango,,$$,http://www.tripadvisor.com/Hotel_Review-g1023401-d1118998-Reviews-Hourai-Kyotango_Kyoto_Prefecture_Kinki.html
