Hotel Nikko Kansai Airport,549-0001,Osaka Prefecture,1 Senshu-kuko kita Izumisano,576,$$,http://www.tripadvisor.com/Hotel_Review-g298200-d302305-Reviews-Hotel_Nikko_Kansai_Airport-Izumisano_Osaka_Prefecture_Kinki.html
Star Gate Hotel Kansai Airport,598-8511,Osaka Prefecture,1 Rinku Orai Kita Izumisano,358,$$,http://www.tripadvisor.com/Hotel_Review-g298200-d307415-Reviews-Star_Gate_Hotel_Kansai_Airport-Izumisano_Osaka_Prefecture_Kinki.html
Bellevue Garden Hotel Kansai International Airport,598-0006,Osaka Prefecture,3-3-34 Ichibanishi Izumisano,186,$,http://www.tripadvisor.com/Hotel_Review-g298200-d307676-Reviews-Bellevue_Garden_Hotel_Kansai_International_Airport-Izumisano_Osaka_Prefecture_Kinki.html
Hotel New Yutaka,598-0002,Osaka Prefecture,915-1 Nakajo Izumisano,61,$,http://www.tripadvisor.com/Hotel_Review-g298200-d642687-Reviews-Hotel_New_Yutaka-Izumisano_Osaka_Prefecture_Kinki.html
Best Western Hotel Kansai Airport,598-0021,Osaka Prefecture,4066 Hineno Izumisano,270,$,http://www.tripadvisor.com/Hotel_Review-g298200-d649466-Reviews-Best_Western_Hotel_Kansai_Airport-Izumisano_Osaka_Prefecture_Kinki.html
Kanku Onsen Hotel Garden Palace,598-0013,Osaka Prefecture,1-3-51 Nakamachi Izumisano,80,$,http://www.tripadvisor.com/Hotel_Review-g298200-d1015375-Reviews-Kanku_Onsen_Hotel_Garden_Palace-Izumisano_Osaka_Prefecture_Kinki.html
Inunaki Grand Hotel Kisenkaku,598-0023,Osaka Prefecture,2240 Ogi Izumisano,27,$$,http://www.tripadvisor.com/Hotel_Review-g298200-d1075744-Reviews-Inunaki_Grand_Hotel_Kisenkaku-Izumisano_Osaka_Prefecture_Kinki.html
First Hotel,598-0007,Osaka Prefecture,3-4-18 Uemachi Izumisano,50,$,http://www.tripadvisor.com/Hotel_Review-g298200-d1075749-Reviews-First_Hotel-Izumisano_Osaka_Prefecture_Kinki.html
Hotel Seagull,598-0062,Osaka Prefecture,2-4-78 Shimokawaraya Izumisano,65,$,http://www.tripadvisor.com/Hotel_Review-g298200-d1075751-Reviews-Hotel_Seagull-Izumisano_Osaka_Prefecture_Kinki.html
Izumisano City Hotel Air Port Prince,598-0055,Osaka Prefecture,6-3 Wakamiyacho Izumisano,78,$,http://www.tripadvisor.com/Hotel_Review-g298200-d1075758-Reviews-Izumisano_City_Hotel_Air_Port_Prince-Izumisano_Osaka_Prefecture_Kinki.html
Lodge Tyojirou,598-0001,Osaka Prefecture,840 Kamikawaraya Izumisano,18,$,http://www.tripadvisor.com/Hotel_Review-g298200-d1075764-Reviews-Lodge_Tyojirou-Izumisano_Osaka_Prefecture_Kinki.html
City Hotel Yutaka,598-0005,Osaka Prefecture,2 1010-3 Ichibahigashi Izumisano,,$,http://www.tripadvisor.com/Hotel_Review-g298200-d1075798-Reviews-City_Hotel_Yutaka-Izumisano_Osaka_Prefecture_Kinki.html
Kansai Airport Washington Hotel,598-8522,Osaka Prefecture,1-7 Rinkuorai Kita Izumisano,504,$,http://www.tripadvisor.com/Hotel_Review-g298200-d1093096-Reviews-Kansai_Airport_Washington_Hotel-Izumisano_Osaka_Prefecture_Kinki.html
Sun Plus Yutaka,598-0063,Osaka Prefecture,3-3-4 Minato Izumisano,83,$,http://www.tripadvisor.com/Hotel_Review-g298200-d1094532-Reviews-Sun_Plus_Yutaka-Izumisano_Osaka_Prefecture_Kinki.html
Inunakisan Ikoinoie,598-0023 ,Osaka Prefecture,7 Ogi Izumisano,,$,http://www.tripadvisor.com/Hotel_Review-g298200-d1109558-Reviews-Inunakisan_Ikoinoie-Izumisano_Osaka_Prefecture_Kinki.html
Mimatsuso,598-0011,Osaka Prefecture,1-4-30 Takamatsukita Izumisano,,$,http://www.tripadvisor.com/Hotel_Review-g298200-d1132530-Reviews-Mimatsuso-Izumisano_Osaka_Prefecture_Kinki.html
Tsuwaya,598-0044,Osaka Prefecture,2-7-34 Kasamatsu Izumisano,,$,http://www.tripadvisor.com/Hotel_Review-g298200-d1132531-Reviews-Tsuwaya-Izumisano_Osaka_Prefecture_Kinki.html
Fudoguchikan,598-0023,Osaka Prefecture,7 Ogi Izumisano,,$$$,http://www.tripadvisor.com/Hotel_Review-g298200-d1872349-Reviews-Fudoguchikan-Izumisano_Osaka_Prefecture_Kinki.html
Minamitei,598-0023,Osaka Prefecture,2236 Ogi Izumisano,,$$$,http://www.tripadvisor.com/Hotel_Review-g298200-d2537098-Reviews-Minamitei-Izumisano_Osaka_Prefecture_Kinki.html
Hirakata Sun Plaza Hotel,573-0032,Osaka Prefecture,11-11 Okahigashicho Hirakata,74,$,http://www.tripadvisor.com/Hotel_Review-g1023515-d1094523-Reviews-Hirakata_Sun_Plaza_Hotel-Hirakata_Osaka_Prefecture_Kinki.html
Grand Blue,573-0031,Osaka Prefecture,2-10 Okahonmachi Hirakata,,$,http://www.tripadvisor.com/Hotel_Review-g1023515-d1866180-Reviews-Grand_Blue-Hirakata_Osaka_Prefecture_Kinki.html
City Hotel Stage Takaishi,592-0011,Osaka Prefecture,1-19-20 Kamo Takaishi,,$,http://www.tripadvisor.com/Hotel_Review-g1023534-d1094531-Reviews-City_Hotel_Stage_Takaishi-Takaishi_Osaka_Prefecture_Kinki.html
Osaka International Youth Hostel,592-0002,Osaka Prefecture,1-5 Hagoromo Koencho Takaishi,,$,http://www.tripadvisor.com/Hotel_Review-g1023534-d1118356-Reviews-Osaka_International_Youth_Hostel-Takaishi_Osaka_Prefecture_Kinki.html
Comfort Hotel Osaka Shinsaibashi,542-0083,Osaka Prefecture,1-15-15 Higashi-Shinsaibashi Chuo-ku Osaka,198,$,http://www.tripadvisor.com/Hotel_Review-g298566-d299468-Reviews-Comfort_Hotel_Osaka_Shinsaibashi-Osaka_Osaka_Prefecture_Kinki.html
New Otani Hotel Osaka,540-8578,Osaka Prefecture,1-4-1 Chuo-ku Shiromi Osaka,525,$$,http://www.tripadvisor.com/Hotel_Review-g298566-d301282-Reviews-New_Otani_Hotel_Osaka-Osaka_Osaka_Prefecture_Kinki.html
Swissotel Nankai Osaka,542-0076,Osaka Prefecture,"1-60 Namba 5-chome, Chuo-ku Osaka",548,$$,http://www.tripadvisor.com/Hotel_Review-g298566-d301569-Reviews-Swissotel_Nankai_Osaka-Osaka_Osaka_Prefecture_Kinki.html
The Westin Osaka,531-0076,Osaka Prefecture,"1-1-20 Oyodonaka, Kita-ku Osaka",304,$$,http://www.tripadvisor.com/Hotel_Review-g298566-d301788-Reviews-The_Westin_Osaka-Osaka_Osaka_Prefecture_Kinki.html
The Ritz-Carlton Osaka,530-0001,Osaka Prefecture,"2-5-25 Umeda, Kita-ku Osaka",292,$$$,http://www.tripadvisor.com/Hotel_Review-g298566-d302242-Reviews-The_Ritz_Carlton_Osaka-Osaka_Osaka_Prefecture_Kinki.html
Hotel New Hankyu Osaka,530-8310,Osaka Prefecture,"1-1-35 Shibata, Kita-ku Osaka",922,$,http://www.tripadvisor.com/Hotel_Review-g298566-d302282-Reviews-Hotel_New_Hankyu_Osaka-Osaka_Osaka_Prefecture_Kinki.html
Hotel Nikko Osaka,542-0086,Osaka Prefecture,"1-3-3 Nishi-Shinsaibashi, Chuo-ku Osaka",635,$$,http://www.tripadvisor.com/Hotel_Review-g298566-d302313-Reviews-Hotel_Nikko_Osaka-Osaka_Osaka_Prefecture_Kinki.html
RIHGA Nakanoshima Inn,550-0002,Osaka Prefecture,1-13-10 Edobori Nishi-ku Osaka,340,$,http://www.tripadvisor.com/Hotel_Review-g298566-d302406-Reviews-RIHGA_Nakanoshima_Inn-Osaka_Osaka_Prefecture_Kinki.html
RIHGA Royal Hotel Osaka, 530-0005,Osaka Prefecture,"5-3-68 Nakanoshima, Kita-ku Osaka",974,$,http://www.tripadvisor.com/Hotel_Review-g298566-d302408-Reviews-RIHGA_Royal_Hotel_Osaka-Osaka_Osaka_Prefecture_Kinki.html
Imperial Hotel Osaka,530-0042,Osaka Prefecture,"8-50 Temmabashi 1-chome, Kita-ku Osaka",381,$$,http://www.tripadvisor.com/Hotel_Review-g298566-d302431-Reviews-Imperial_Hotel_Osaka-Osaka_Osaka_Prefecture_Kinki.html
Chisun Hotel Shin-Osaka,532-0011,Osaka Prefecture,"6-2-19 Nishi Nakajima, Yodogawa-ku Osaka",399,$,http://www.tripadvisor.com/Hotel_Review-g298566-d302756-Reviews-Chisun_Hotel_Shin_Osaka-Osaka_Osaka_Prefecture_Kinki.html
Daiwa Roynet Hotel Yotsubashi,550-0013,Osaka Prefecture,"1-10-12 Shin-machi, Nishi-ku Osaka",151,$,http://www.tripadvisor.com/Hotel_Review-g298566-d302760-Reviews-Daiwa_Roynet_Hotel_Yotsubashi-Osaka_Osaka_Prefecture_Kinki.html
ANA Crowne Plaza Osaka,530-0004,Osaka Prefecture,"1-3-1 Dojimahama , Kita-ku Osaka",478,$$,http://www.tripadvisor.com/Hotel_Review-g298566-d307417-Reviews-ANA_Crowne_Plaza_Osaka-Osaka_Osaka_Prefecture_Kinki.html
Hotel Granvia Osaka,530-0001,Osaka Prefecture,3-1-1 Umeda Kita-ku Osaka,716,$$,http://www.tripadvisor.com/Hotel_Review-g298566-d307421-Reviews-Hotel_Granvia_Osaka-Osaka_Osaka_Prefecture_Kinki.html
Hilton Osaka,530-0001,Osaka Prefecture,"1-8-8 Umeda, Kita-ku Osaka",525,$$$,http://www.tripadvisor.com/Hotel_Review-g298566-d307425-Reviews-Hilton_Osaka-Osaka_Osaka_Prefecture_Kinki.html
Hotel Hankyu International,530-0013,Osaka Prefecture,"19-19 Chayamachi, Kita-ku Osaka",168,$$,http://www.tripadvisor.com/Hotel_Review-g298566-d307436-Reviews-Hotel_Hankyu_International-Osaka_Osaka_Prefecture_Kinki.html
Hyatt Regency Osaka,559-0034,Osaka Prefecture,"1-13-11 Nanko-Kita, Suminoe-ku Osaka",480,$$,http://www.tripadvisor.com/Hotel_Review-g298566-d307633-Reviews-Hyatt_Regency_Osaka-Osaka_Osaka_Prefecture_Kinki.html
Sheraton Miyako Hotel Osaka,543-0001 ,Osaka Prefecture,"6-1-55 Uehonmachi, Tennoji-ku Osaka",575,$$,http://www.tripadvisor.com/Hotel_Review-g298566-d308009-Reviews-Sheraton_Miyako_Hotel_Osaka-Osaka_Osaka_Prefecture_Kinki.html
Ebisuso,556-0004,Osaka Prefecture,"1-7-33 Naniwa-ku Nipponbashi-nishi, Osaka",,,http://www.tripadvisor.com/Hotel_Review-g298566-d310198-Reviews-Ebisuso-Osaka_Osaka_Prefecture_Kinki.html
Namba Oriental Hotel,542-0074 ,Osaka Prefecture,"2-8-17 Sennichi-mae, Chuo-ku Osaka",257,$$,http://www.tripadvisor.com/Hotel_Review-g298566-d310279-Reviews-Namba_Oriental_Hotel-Osaka_Osaka_Prefecture_Kinki.html
Osaka Daiichi Hotel,530-0001,Osaka Prefecture,"1-9-20 Umeda, Kita-ku Osaka",447,$$,http://www.tripadvisor.com/Hotel_Review-g298566-d310288-Reviews-Osaka_Daiichi_Hotel-Osaka_Osaka_Prefecture_Kinki.html
Hotel Il Monte,530-0027 ,Osaka Prefecture,"7-13 Doyama-cho, Kita-ku Osaka",122,$,http://www.tripadvisor.com/Hotel_Review-g298566-d320997-Reviews-Hotel_Il_Monte-Osaka_Osaka_Prefecture_Kinki.html
Osaka Castle Hotel,540-0032,Osaka Prefecture,"1-1 Kyo-Machi, Tenmabashi, Chuo-ku Osaka",120,$,http://www.tripadvisor.com/Hotel_Review-g298566-d320998-Reviews-Osaka_Castle_Hotel-Osaka_Osaka_Prefecture_Kinki.html
Hotel Naniwa,542-0082,Osaka Prefecture,2-10-12 Shimanouchi Osaka,30,$,http://www.tripadvisor.com/Hotel_Review-g298566-d320999-Reviews-Hotel_Naniwa-Osaka_Osaka_Prefecture_Kinki.html
Osaka Tokyu Inn,530-0027,Osaka Prefecture,"2-1 Doyama-cho, Kita-ku Osaka",402,$,http://www.tripadvisor.com/Hotel_Review-g298566-d321000-Reviews-Osaka_Tokyu_Inn-Osaka_Osaka_Prefecture_Kinki.html
Shin Osaka Washington Hotel Plaza,532-0011,Osaka Prefecture,"5-5-15 Nishinakajima, Yodogawa-ku Osaka",490,$,http://www.tripadvisor.com/Hotel_Review-g298566-d321002-Reviews-Shin_Osaka_Washington_Hotel_Plaza-Osaka_Osaka_Prefecture_Kinki.html
Capsule Inn Osaka,530-0027,Osaka Prefecture,9-5 Doyamamachi Kita-ku Osaka,,$,http://www.tripadvisor.com/Hotel_Review-g298566-d325157-Reviews-Capsule_Inn_Osaka-Osaka_Osaka_Prefecture_Kinki.html
Hotel Plaza Osaka,532-0025 ,Osaka Prefecture,"1-9-15 Shin-Kitano, Yodogawa-ku Osaka",653,$,http://www.tripadvisor.com/Hotel_Review-g298566-d325781-Reviews-Hotel_Plaza_Osaka-Osaka_Osaka_Prefecture_Kinki.html
New Osaka Hotel,532-0011,Osaka Prefecture,"5-14-10 Nishi-nakajima, Yodogawa-ku Osaka",301,$,http://www.tripadvisor.com/Hotel_Review-g298566-d479807-Reviews-New_Osaka_Hotel-Osaka_Osaka_Prefecture_Kinki.html
Mitsui Garden Hotel Osaka Yodoyabashi,541-0043,Osaka Prefecture,2-5-7 Koraibashi Chuo-ku Osaka,306,$,http://www.tripadvisor.com/Hotel_Review-g298566-d479810-Reviews-Mitsui_Garden_Hotel_Osaka_Yodoyabashi-Osaka_Osaka_Prefecture_Kinki.html
Nest Hotel Shinsaibashi,542-0081,Osaka Prefecture,"2-4-10 Minami-Semba , Chuo-ku Osaka",302,$,http://www.tripadvisor.com/Hotel_Review-g298566-d481476-Reviews-Nest_Hotel_Shinsaibashi-Osaka_Osaka_Prefecture_Kinki.html
Sunroute Umeda Hotel,531-0072,Osaka Prefecture,"3-9-1 Toyosaki, Kita-ku Osaka",217,$,http://www.tripadvisor.com/Hotel_Review-g298566-d489139-Reviews-Sunroute_Umeda_Hotel-Osaka_Osaka_Prefecture_Kinki.html
Best Western Joytel Osaka,559-0024,Osaka Prefecture,1-2-1 Sinkitajima Suminoe-ku Osaka,229,$,http://www.tripadvisor.com/Hotel_Review-g298566-d498964-Reviews-Best_Western_Joytel_Osaka-Osaka_Osaka_Prefecture_Kinki.html
Hotel Monterey Osaka,530-0001,Osaka Prefecture,"3-3-45 Umeda, Kita-ku Osaka",194,$,http://www.tripadvisor.com/Hotel_Review-g298566-d504992-Reviews-Hotel_Monterey_Osaka-Osaka_Osaka_Prefecture_Kinki.html
Hotel Wing International Shin-Osaka,532-0002,Osaka Prefecture,"2-32-9 Higashimikuni, Yodogawa-ku Osaka",110,$,http://www.tripadvisor.com/Hotel_Review-g298566-d505039-Reviews-Hotel_Wing_International_Shin_Osaka-Osaka_Osaka_Prefecture_Kinki.html
Metro The 21,542-0084,Osaka Prefecture,"2-13 Souemon-cho, Chuo-ku Osaka",339,$,http://www.tripadvisor.com/Hotel_Review-g298566-d505047-Reviews-Metro_The_21-Osaka_Osaka_Prefecture_Kinki.html
Kintetsu Universal City,554-0024,Osaka Prefecture,6-2-68 Shimaya Konohana-Ku Osaka,456,$$,http://www.tripadvisor.com/Hotel_Review-g298566-d505049-Reviews-Kintetsu_Universal_City-Osaka_Osaka_Prefecture_Kinki.html
Hotel Vista Premio Dojima,530-0002,Osaka Prefecture,2-4-1 Sonezaki Shinchi Kitaku Osaka,141,$,http://www.tripadvisor.com/Hotel_Review-g298566-d505058-Reviews-Hotel_Vista_Premio_Dojima-Osaka_Osaka_Prefecture_Kinki.html
APA Hotel Osaka-Temma,530-0035,Osaka Prefecture,"2-16-15 Doshin, Kita-ku Osaka",331,$,http://www.tripadvisor.com/Hotel_Review-g298566-d505848-Reviews-APA_Hotel_Osaka_Temma-Osaka_Osaka_Prefecture_Kinki.html
Hotel Landmark Umeda,530-0012,Osaka Prefecture,2-3-22 Shibata Osaka,,$,http://www.tripadvisor.com/Hotel_Review-g298566-d557780-Reviews-Hotel_Landmark_Umeda-Osaka_Osaka_Prefecture_Kinki.html
Tennoji Miyako Hotel,545-0053,Osaka Prefecture,"1-2-8 Matsuzakicho, Abeno-ku Osaka",200,$,http://www.tripadvisor.com/Hotel_Review-g298566-d557782-Reviews-Tennoji_Miyako_Hotel-Osaka_Osaka_Prefecture_Kinki.html
Second Inn Umeda,530-0001,Osaka Prefecture,2-5-16 Umeda Osaka,,$,http://www.tripadvisor.com/Hotel_Review-g298566-d557787-Reviews-Second_Inn_Umeda-Osaka_Osaka_Prefecture_Kinki.html
Osaka Namba Washington Hotel Plaza,542-0073,Osaka Prefecture,"1-1-13 Nihonbashi, Chuo-ku Osaka",698,$,http://www.tripadvisor.com/Hotel_Review-g298566-d557789-Reviews-Osaka_Namba_Washington_Hotel_Plaza-Osaka_Osaka_Prefecture_Kinki.html
Hearton Hotel Minamisenba,542-0081,Osaka Prefecture,"2-12-22 Minami-senba, Chuo-ku Osaka",203,$,http://www.tripadvisor.com/Hotel_Review-g298566-d557790-Reviews-Hearton_Hotel_Minamisenba-Osaka_Osaka_Prefecture_Kinki.html
Hotel Nankai Nanba,556-0011,Osaka Prefecture,1-17-11 Nanba Naka Naniwaku Osaka,,,http://www.tripadvisor.com/Hotel_Review-g298566-d557791-Reviews-Hotel_Nankai_Nanba-Osaka_Osaka_Prefecture_Kinki.html
Hotel NCB,530-6691,Osaka Prefecture,6-2-27 Nakanoshima Kita-ku Osaka,142,$,http://www.tripadvisor.com/Hotel_Review-g298566-d557792-Reviews-Hotel_NCB-Osaka_Osaka_Prefecture_Kinki.html
Osaka Garden Palace,532-0004,Osaka Prefecture,1-3-35 Nishi-Miyahara Osaka,290,$,http://www.tripadvisor.com/Hotel_Review-g298566-d557793-Reviews-Osaka_Garden_Palace-Osaka_Osaka_Prefecture_Kinki.html
Dotonbori Hotel,542-0071,Osaka Prefecture,"2-3-25 Dotombori, Chuo-ku Osaka",116,$,http://www.tripadvisor.com/Hotel_Review-g298566-d557794-Reviews-Dotonbori_Hotel-Osaka_Osaka_Prefecture_Kinki.html
Hotel Kitahachi,530-0027,Osaka Prefecture,7-16 Doyama-cho Kita-ku Osaka,,$,http://www.tripadvisor.com/Hotel_Review-g298566-d557797-Reviews-Hotel_Kitahachi-Osaka_Osaka_Prefecture_Kinki.html
Hotel Osaka Baytower,552-0007,Osaka Prefecture,"1-2-1 Bentencho, Minato-ku Osaka",383,$,http://www.tripadvisor.com/Hotel_Review-g298566-d557798-Reviews-Hotel_Osaka_Baytower-Osaka_Osaka_Prefecture_Kinki.html
The Hotel North Osaka,530-0057,Osaka Prefecture,1-5-23 Sonezaki Osaka,201,$,http://www.tripadvisor.com/Hotel_Review-g298566-d557800-Reviews-The_Hotel_North_Osaka-Osaka_Osaka_Prefecture_Kinki.html
Lodge Maishima,554-0042,Osaka Prefecture,"2-3-75 Hokkoryokuchi, Konohana-ku Osaka",,$,http://www.tripadvisor.com/Hotel_Review-g298566-d557801-Reviews-Lodge_Maishima-Osaka_Osaka_Prefecture_Kinki.html
Hotel IL Grande Umeda,530-0047,Osaka Prefecture,"3-5-23 Nishi Tenma, Kita-ku Osaka",280,$,http://www.tripadvisor.com/Hotel_Review-g298566-d557806-Reviews-Hotel_IL_Grande_Umeda-Osaka_Osaka_Prefecture_Kinki.html
Hotel Hanshin,553-0003,Osaka Prefecture,5-6-16 Fukushima Osaka,289,$,http://www.tripadvisor.com/Hotel_Review-g298566-d557810-Reviews-Hotel_Hanshin-Osaka_Osaka_Prefecture_Kinki.html
City Route Hotel,550-0004,Osaka Prefecture,"2-3-6 Utsubohonmachi, Nishi-ku Osaka",124,$,http://www.tripadvisor.com/Hotel_Review-g298566-d557885-Reviews-City_Route_Hotel-Osaka_Osaka_Prefecture_Kinki.html
Hotel Il Cuore Namba,556-0011,Osaka Prefecture,"1-15-15 Nambanaka, Naniwa-ku Osaka",231,$,http://www.tripadvisor.com/Hotel_Review-g298566-d583214-Reviews-Hotel_Il_Cuore_Namba-Osaka_Osaka_Prefecture_Kinki.html
Flexstay Inn Shinsaibashi,542-0086,Osaka Prefecture,"1-9-30 Nishi-shinsaibashi, Chuo-ku Osaka",54,$,http://www.tripadvisor.com/Hotel_Review-g298566-d583219-Reviews-Flexstay_Inn_Shinsaibashi-Osaka_Osaka_Prefecture_Kinki.html
Chisun Inn Umeda,550-0002,Osaka Prefecture,"1-3-25 Edobori, Nishi-ku Osaka",83,$,http://www.tripadvisor.com/Hotel_Review-g298566-d583222-Reviews-Chisun_Inn_Umeda-Osaka_Osaka_Prefecture_Kinki.html
Hotel Kuramoto,542-0082,Osaka Prefecture,"2-11-7 Shimanouchi, Chuo-ku Osaka",24,$,http://www.tripadvisor.com/Hotel_Review-g298566-d584632-Reviews-Hotel_Kuramoto-Osaka_Osaka_Prefecture_Kinki.html
Hotel Monterey Lasoeur Osaka,540-0001,Osaka Prefecture,2-2-22 Shiromi Chuo-Ku Osaka,240,$,http://www.tripadvisor.com/Hotel_Review-g298566-d598268-Reviews-Hotel_Monterey_Lasoeur_Osaka-Osaka_Osaka_Prefecture_Kinki.html
Dojima Hotel,530-0004,Osaka Prefecture,2-1-31 Dojimahama Kitaku Osaka,76,$$,http://www.tripadvisor.com/Hotel_Review-g298566-d598404-Reviews-Dojima_Hotel-Osaka_Osaka_Prefecture_Kinki.html
Osakako Reimeien Hotel,552-0021,Osaka Prefecture,"4-2-10 Chikko, Minato-ku Osaka",,$,http://www.tripadvisor.com/Hotel_Review-g298566-d604271-Reviews-Osakako_Reimeien_Hotel-Osaka_Osaka_Prefecture_Kinki.html
Ark Hotel Osaka Shinsaibashi,542-0082,Osaka Prefecture,"1-19-18 Shimanouchi, Chuo-ku Osaka",384,$,http://www.tripadvisor.com/Hotel_Review-g298566-d607431-Reviews-Ark_Hotel_Osaka_Shinsaibashi-Osaka_Osaka_Prefecture_Kinki.html
Kaneyoshi Ryokan,542-0084,Osaka Prefecture,3-12 Soemoncho Chuoku Osaka,15,$,http://www.tripadvisor.com/Hotel_Review-g298566-d618584-Reviews-Kaneyoshi_Ryokan-Osaka_Osaka_Prefecture_Kinki.html
Hotel Shin Osaka,533-0033,Osaka Prefecture,1-20-33 Higashi Nakajima Higashi Yodogawa-ku Osaka,,$,http://www.tripadvisor.com/Hotel_Review-g298566-d619195-Reviews-Hotel_Shin_Osaka-Osaka_Osaka_Prefecture_Kinki.html
Hotel Raizan South,557-0002　,Osaka Prefecture,1-3-3 Taishi Nishinariku Osaka,112,$,http://www.tripadvisor.com/Hotel_Review-g298566-d626222-Reviews-Hotel_Raizan_South-Osaka_Osaka_Prefecture_Kinki.html
Business Hotel Chuo,557-0002,Osaka Prefecture,"1-1-12 Taishi, Nishinari-ku Osaka",115,$,http://www.tripadvisor.com/Hotel_Review-g298566-d626223-Reviews-Business_Hotel_Chuo-Osaka_Osaka_Prefecture_Kinki.html
Sumo Backpackers,531-0071,Osaka Prefecture,"1-11-28, Nakatsu, Kita-ku Osaka",,,http://www.tripadvisor.com/Hotel_Review-g298566-d626284-Reviews-Sumo_Backpackers-Osaka_Osaka_Prefecture_Kinki.html
Hotel Chuo Selene,557-1112,Osaka Prefecture,1-1-11 Taishi Nishinari-ku Osaka,93,$,http://www.tripadvisor.com/Hotel_Review-g298566-d626287-Reviews-Hotel_Chuo_Selene-Osaka_Osaka_Prefecture_Kinki.html
Hotel Taiyo,557-0002,Osaka Prefecture,"1-2-23 Taishi, Nishinari-ku Osaka",50,$,http://www.tripadvisor.com/Hotel_Review-g298566-d626293-Reviews-Hotel_Taiyo-Osaka_Osaka_Prefecture_Kinki.html
APA Hotel Osaka Tanimachi,540-0026,Osaka Prefecture,"1-3-12 Uchi-honmachi, Chuo-ku Osaka",151,$,http://www.tripadvisor.com/Hotel_Review-g298566-d628260-Reviews-APA_Hotel_Osaka_Tanimachi-Osaka_Osaka_Prefecture_Kinki.html
Sunplaza Rinkai,531-0072,Osaka Prefecture,4-4-16 Kita-ku Toyosaki Osaka,,$,http://www.tripadvisor.com/Hotel_Review-g298566-d628763-Reviews-Sunplaza_Rinkai-Osaka_Osaka_Prefecture_Kinki.html
Hotel Mystays Otemae,540-0025,Osaka Prefecture,"1-3-2 Tokui-Cho, Chuo-ku Osaka",109,$,http://www.tripadvisor.com/Hotel_Review-g298566-d631898-Reviews-Hotel_Mystays_Otemae-Osaka_Osaka_Prefecture_Kinki.html
Hotel Universal Port,554-0031,Osaka Prefecture,"1-1-111 Sakurajima, Konohana-ku Osaka",600,$$,http://www.tripadvisor.com/Hotel_Review-g298566-d634620-Reviews-Hotel_Universal_Port-Osaka_Osaka_Prefecture_Kinki.html
APA Villa Osaka Tanimachi 4 Chome,540-0011,Osaka Prefecture,"1-1-27 Nonimbashi, Chuo-ku Osaka",339,$,http://www.tripadvisor.com/Hotel_Review-g298566-d634621-Reviews-APA_Villa_Osaka_Tanimachi_4_Chome-Osaka_Osaka_Prefecture_Kinki.html
Business Hotel Nissei,542-0075,Osaka Prefecture,"4-31 Sennichimae Nanba, Chuo-ku Osaka",131,$,http://www.tripadvisor.com/Hotel_Review-g298566-d636566-Reviews-Business_Hotel_Nissei-Osaka_Osaka_Prefecture_Kinki.html
Shin-Osaka Youth hostel,533-0033,Osaka Prefecture,"1-13-13 Higashi Nakajima, Higashi Yodogawa-ku Osaka",24,$,http://www.tripadvisor.com/Hotel_Review-g298566-d651395-Reviews-Shin_Osaka_Youth_hostel-Osaka_Osaka_Prefecture_Kinki.html
Hotel Toyo,557-0002 ,Osaka Prefecture,"1-3-5 Taishi, Nishinari-ku Osaka",140,$,http://www.tripadvisor.com/Hotel_Review-g298566-d656803-Reviews-Hotel_Toyo-Osaka_Osaka_Prefecture_Kinki.html
Hotel the Lutheran,540-0012,Osaka Prefecture,"3-1-6 Tanimachi, Chuo-ku Osaka",180,$,http://www.tripadvisor.com/Hotel_Review-g298566-d662909-Reviews-Hotel_the_Lutheran-Osaka_Osaka_Prefecture_Kinki.html
Cross Hotel Osaka,542-0085,Osaka Prefecture,"2-5-15 Shinsaibashisuji, Chuo-ku Osaka",229,$$,http://www.tripadvisor.com/Hotel_Review-g298566-d678584-Reviews-Cross_Hotel_Osaka-Osaka_Osaka_Prefecture_Kinki.html
Osaka Fujiya Hotel,542-0083,Osaka Prefecture,"2-2-2 Higashi Shinsaibashi, Chuo-ku Osaka",175,$,http://www.tripadvisor.com/Hotel_Review-g298566-d734913-Reviews-Osaka_Fujiya_Hotel-Osaka_Osaka_Prefecture_Kinki.html
Hotel Oaks Shin-Osaka,532-0011 ,Osaka Prefecture,"1-11-34 Nishi-Nakajima, Yodogawa-ku Osaka",263,$,http://www.tripadvisor.com/Hotel_Review-g298566-d775817-Reviews-Hotel_Oaks_Shin_Osaka-Osaka_Osaka_Prefecture_Kinki.html
Toyoko Inn Osaka Nanba,556-0016,Osaka Prefecture,2-8-7 Naniwa-ku Moto-machi Osaka,142,$,http://www.tripadvisor.com/Hotel_Review-g298566-d792922-Reviews-Toyoko_Inn_Osaka_Nanba-Osaka_Osaka_Prefecture_Kinki.html
Hearton Hotel Nishi Umeda,530-0001,Osaka Prefecture,"3-3-55 Umeda, Kita-ku Osaka",471,$,http://www.tripadvisor.com/Hotel_Review-g298566-d1006425-Reviews-Hearton_Hotel_Nishi_Umeda-Osaka_Osaka_Prefecture_Kinki.html
Hotel Claiton Shinosaka,532-0011,Osaka Prefecture,"2-13-32 Nishinakajima, Yodogawa-ku Osaka",153,$,http://www.tripadvisor.com/Hotel_Review-g298566-d1023883-Reviews-Hotel_Claiton_Shinosaka-Osaka_Osaka_Prefecture_Kinki.html
APA Villa Hotel Yodoyabashi,541-0044,Osaka Prefecture,"3-1-9 Fushimicho, Chuo-ku Osaka",466,$,http://www.tripadvisor.com/Hotel_Review-g298566-d1027070-Reviews-APA_Villa_Hotel_Yodoyabashi-Osaka_Osaka_Prefecture_Kinki.html
Hotel Kinki,530-0027,Osaka Prefecture,17-8 Kita-ku Doyama-cho Osaka,61,$,http://www.tripadvisor.com/Hotel_Review-g298566-d1063385-Reviews-Hotel_Kinki-Osaka_Osaka_Prefecture_Kinki.html
Urbanty Nishikujo,554-0012,Osaka Prefecture,"2-6-3 Nishikujo, Konohana-ku Osaka",,$,http://www.tripadvisor.com/Hotel_Review-g298566-d1064280-Reviews-Urbanty_Nishikujo-Osaka_Osaka_Prefecture_Kinki.html
Dormy Inn Umeda Higashi,530-0047,Osaka Prefecture,"3-5-35 Nishitenma, Kita-ku Osaka",131,$,http://www.tripadvisor.com/Hotel_Review-g298566-d1064287-Reviews-Dormy_Inn_Umeda_Higashi-Osaka_Osaka_Prefecture_Kinki.html
R & B Hotel Umedahigashi,530-0057,Osaka Prefecture,"1-6-15 Sonezaki, Kita-ku Osaka",220,$,http://www.tripadvisor.com/Hotel_Review-g298566-d1064298-Reviews-R_B_Hotel_Umedahigashi-Osaka_Osaka_Prefecture_Kinki.html
Hotel Villa Fontaine Shinsaibashi,542-0081,Osaka Prefecture,"3-5-24 Minami Senba, Chuo-ku Osaka",,$,http://www.tripadvisor.com/Hotel_Review-g298566-d1070149-Reviews-Hotel_Villa_Fontaine_Shinsaibashi-Osaka_Osaka_Prefecture_Kinki.html
Nishitetsu Inn,542-0086,Osaka Prefecture,"1-15-12 Shinsaibashi, Chuo-ku Osaka",162,$,http://www.tripadvisor.com/Hotel_Review-g298566-d1073377-Reviews-Nishitetsu_Inn-Osaka_Osaka_Prefecture_Kinki.html
Arietta Hotel Osaka,541-0052,Osaka Prefecture,"3-2-6 Azuchimachi, Chuo-ku Osaka",136,$,http://www.tripadvisor.com/Hotel_Review-g298566-d1080663-Reviews-Arietta_Hotel_Osaka-Osaka_Osaka_Prefecture_Kinki.html
Arrow Hotel,542-0086,Osaka Prefecture,"2-9-32, Nishishinsaibashi, Chuo-Ku Osaka",,$,http://www.tripadvisor.com/Hotel_Review-g298566-d1081246-Reviews-Arrow_Hotel-Osaka_Osaka_Prefecture_Kinki.html
Azu Garden Nihonbashi,542-0084,Osaka Prefecture,"1-6, Soemon-cho, Chuo-ku Osaka",,$,http://www.tripadvisor.com/Hotel_Review-g298566-d1081265-Reviews-Azu_Garden_Nihonbashi-Osaka_Osaka_Prefecture_Kinki.html
Business Inn Sennichimae Hotel,542-0074,Osaka Prefecture,"1-5-17, Sennichimae Chuo-ku Osaka",57,$,http://www.tripadvisor.com/Hotel_Review-g298566-d1081307-Reviews-Business_Inn_Sennichimae_Hotel-Osaka_Osaka_Prefecture_Kinki.html
Green Hill Hotel,543-0063,Osaka Prefecture,1-21 Chausuyama-cho Tennoji-ku Osaka,,$,http://www.tripadvisor.com/Hotel_Review-g298566-d1081404-Reviews-Green_Hill_Hotel-Osaka_Osaka_Prefecture_Kinki.html
Hotel Relief Namba Daikokucho,556-0011,Osaka Prefecture,"3-17-15 Nambanaka, Naniwa-ku, Osaka",,$,http://www.tripadvisor.com/Hotel_Review-g298566-d1081427-Reviews-Hotel_Relief_Namba_Daikokucho-Osaka_Osaka_Prefecture_Kinki.html
Viainn Shinsaibashi Nagahoridori,550-0013,Osaka Prefecture,1-4-12 Shinmachi Nishi-ku Osaka,,$,http://www.tripadvisor.com/Hotel_Review-g298566-d1081433-Reviews-Viainn_Shinsaibashi_Nagahoridori-Osaka_Osaka_Prefecture_Kinki.html
Hotel Crest Ibaraki,567-0033,Osaka Prefecture,1-8 Matsugamoto-cho Ibaraki,,$,http://www.tripadvisor.com/Hotel_Review-g1023516-d1094525-Reviews-Hotel_Crest_Ibaraki-Ibaraki_Osaka_Prefecture_Kinki.html
Hotel Crest Dio,567-0888,Osaka Prefecture,1-3-2 Ekimae Ibaraki,,$,http://www.tripadvisor.com/Hotel_Review-g1023516-d1094526-Reviews-Hotel_Crest_Dio-Ibaraki_Osaka_Prefecture_Kinki.html
Ibaraki Central Hotel,567-0032,Osaka Prefecture,14-8 Nishi Ekimaecho Ibaraki,105,$,http://www.tripadvisor.com/Hotel_Review-g1023516-d1094527-Reviews-Ibaraki_Central_Hotel-Ibaraki_Osaka_Prefecture_Kinki.html
Business Hotel Kasuga,567-0041,Osaka Prefecture,1-2-5 Shimohozumi Ibaraki,,,http://www.tripadvisor.com/Hotel_Review-g1023516-d1485686-Reviews-Business_Hotel_Kasuga-Ibaraki_Osaka_Prefecture_Kinki.html
Seki,567-0816,Osaka Prefecture,8-25 Eidaicho Ibaraki,,,http://www.tripadvisor.com/Hotel_Review-g1023516-d1866181-Reviews-Seki-Ibaraki_Osaka_Prefecture_Kinki.html
Hotel Agora Regency Sakai,590-0985,Osaka Prefecture,"4-45-1 Ebisujimacho, Sakai-ku Sakai",241,$,http://www.tripadvisor.com/Hotel_Review-g654326-d307690-Reviews-Hotel_Agora_Regency_Sakai-Sakai_Osaka_Prefecture_Kinki.html
Hotel Dai-ichi Sakai,590-0073,Osaka Prefecture,"2-2-25 Minami Koyo-cho, Sakai-ku Sakai",40,$$,http://www.tripadvisor.com/Hotel_Review-g654326-d639721-Reviews-Hotel_Dai_ichi_Sakai-Sakai_Osaka_Prefecture_Kinki.html
Rinkai Hotel Ishizu,592-8333,Osaka Prefecture,"2-4-10 Hamadera Ishizucho Nishi, Nishi-ku Sakai",141,$,http://www.tripadvisor.com/Hotel_Review-g654326-d641338-Reviews-Rinkai_Hotel_Ishizu-Sakai_Osaka_Prefecture_Kinki.html
Rinkai Hotel Kita,590-0832,Osaka Prefecture,"6-2 Dejimahamadori, Sakai-ku Sakai",,$,http://www.tripadvisor.com/Hotel_Review-g654326-d643771-Reviews-Rinkai_Hotel_Kita-Sakai_Osaka_Prefecture_Kinki.html
City Hotel Seiunso,590-0833,Osaka Prefecture,2-4-14 Dejima Kaigan-dori Sakai,,$,http://www.tripadvisor.com/Hotel_Review-g654326-d645365-Reviews-City_Hotel_Seiunso-Sakai_Osaka_Prefecture_Kinki.html
Business Hotel Naka,593-8329,Osaka Prefecture,26-26 Shimoda-cho Sakai,,$,http://www.tripadvisor.com/Hotel_Review-g654326-d1075577-Reviews-Business_Hotel_Naka-Sakai_Osaka_Prefecture_Kinki.html
Hotel Sunroute Sakai,590-0960,Osaka Prefecture,1-1-1 Nishi Shorinji-cho Sakai-ku Sakai,75,$,http://www.tripadvisor.com/Hotel_Review-g654326-d1075578-Reviews-Hotel_Sunroute_Sakai-Sakai_Osaka_Prefecture_Kinki.html
Hotel 1-2-3 Sakai,590-0954,Osaka Prefecture,"4-2-30 Omachihigashi,Sakai-ku Sakai",103,$,http://www.tripadvisor.com/Hotel_Review-g654326-d1075581-Reviews-Hotel_1_2_3_Sakai-Sakai_Osaka_Prefecture_Kinki.html
Super Hotel Sakai Marittima,590-0959　,Osaka Prefecture,3-4-1 Ocho Nishi Sakai,,$,http://www.tripadvisor.com/Hotel_Review-g654326-d1093122-Reviews-Super_Hotel_Sakai_Marittima-Sakai_Osaka_Prefecture_Kinki.html
Hyper Inn Sakai,590-0972,Osaka Prefecture,"1-1-20 Ryujinbashi-cho, Sakai-ku Sakai",124,$,http://www.tripadvisor.com/Hotel_Review-g654326-d1093124-Reviews-Hyper_Inn_Sakai-Sakai_Osaka_Prefecture_Kinki.html
Sakai Sun Hotel Ishizugawa,592-8333,Osaka Prefecture,"3-4-25 Hamadera Ishizuchonishi, Nishi-ku Sakai",,$,http://www.tripadvisor.com/Hotel_Review-g654326-d1094536-Reviews-Sakai_Sun_Hotel_Ishizugawa-Sakai_Osaka_Prefecture_Kinki.html
Hotel Liberty Plaza,590-0061,Osaka Prefecture,"1-1-17 Okinabashicho, Sakaiku Sakai",,$,http://www.tripadvisor.com/Hotel_Review-g654326-d1132535-Reviews-Hotel_Liberty_Plaza-Sakai_Osaka_Prefecture_Kinki.html
Comfort Hotel Sakai,590-0972,Osaka Prefecture,"1-5-1 Ryujimbashi-cho, Sakai-ku Sakai",119,$,http://www.tripadvisor.com/Hotel_Review-g654326-d1177852-Reviews-Comfort_Hotel_Sakai-Sakai_Osaka_Prefecture_Kinki.html
BIG-i,590-0115,Osaka Prefecture,1-8-1 Chayamadai Sakai,,$,http://www.tripadvisor.com/Hotel_Review-g654326-d1438842-Reviews-BIG_i-Sakai_Osaka_Prefecture_Kinki.html
Toyoko Inn Sakaihigashi Eki,590-0952,Osaka Prefecture,"6-2-14 Ichinocho Higashi, Sakai-ku Sakai",111,$,http://www.tripadvisor.com/Hotel_Review-g654326-d1493281-Reviews-Toyoko_Inn_Sakaihigashi_Eki-Sakai_Osaka_Prefecture_Kinki.html
APA Hotel Sakai Ekimae,590-0985,Osaka Prefecture,4-28-6 Ebisujimacho Sakai-ku Sakai,154,$,http://www.tripadvisor.com/Hotel_Review-g654326-d1524357-Reviews-APA_Hotel_Sakai_Ekimae-Sakai_Osaka_Prefecture_Kinki.html
Mikunigaoka Liberty,590-0026,Osaka Prefecture,4-9-18 Koryonishimachi Sakai,,,http://www.tripadvisor.com/Hotel_Review-g654326-d1908750-Reviews-Mikunigaoka_Liberty-Sakai_Osaka_Prefecture_Kinki.html
Daiwa Roynet Hotel Sakai Higashi,590-0079,Osaka Prefecture,"5-13 Shinmachi, Sakai-ku Sakai",230,$,http://www.tripadvisor.com/Hotel_Review-g654326-d2103931-Reviews-Daiwa_Roynet_Hotel_Sakai_Higashi-Sakai_Osaka_Prefecture_Kinki.html
New Ohama,590-0974,Osaka Prefecture,"3-11-3 Ohamakitamachi, Sakai-ku Sakai",,$,http://www.tripadvisor.com/Hotel_Review-g654326-d2537042-Reviews-New_Ohama-Sakai_Osaka_Prefecture_Kinki.html
Sakai Guest House,590-0973,Osaka Prefecture,"1-3-3 Sumiyoshibashicho, Sakai-ku Sakai",4,$,http://www.tripadvisor.com/Hotel_Review-g654326-d2537091-Reviews-Sakai_Guest_House-Sakai_Osaka_Prefecture_Kinki.html
City Hotel Sun Plaza Annex,590-0972　,Osaka Prefecture,"1-1-20 Ryujimbashicho, Sakai-ku Sakai",,$,http://www.tripadvisor.com/Hotel_Review-g654326-d5967148-Reviews-City_Hotel_Sun_Plaza_Annex-Sakai_Osaka_Prefecture_Kinki.html
Sauna & Onsen Pool Copana,590-0956,Osaka Prefecture,"3-1-25 Nakano-cho, Sakai-ku Sakai",,,http://www.tripadvisor.com/Hotel_Review-g654326-d6451090-Reviews-Sauna_Onsen_Pool_Copana-Sakai_Osaka_Prefecture_Kinki.html
Guest House Taiko Tataki no Yume,590-0904,Osaka Prefecture,"2-51-1 Minamijimacho, Sakai-ku Sakai",,$,http://www.tripadvisor.com/Hotel_Review-g654326-d7009274-Reviews-Guest_House_Taiko_Tataki_no_Yume-Sakai_Osaka_Prefecture_Kinki.html
Yao Terminal Hotel Honkan,581-0003,Osaka Prefecture,7-2-22 Honmachi Yao,,$,http://www.tripadvisor.com/Hotel_Review-g1023517-d1075823-Reviews-Yao_Terminal_Hotel_Honkan-Yao_Osaka_Prefecture_Kinki.html
Yao Terminal Hotel Shinkan,581-0803,Osaka Prefecture,1-39-1 Hikaricho Yao,,$,http://www.tripadvisor.com/Hotel_Review-g1023517-d1075825-Reviews-Yao_Terminal_Hotel_Shinkan-Yao_Osaka_Prefecture_Kinki.html
Hotel Oaks Yao,581-0803,Osaka Prefecture,2-9 Hikaricho Yao,32,$,http://www.tripadvisor.com/Hotel_Review-g1023517-d1094529-Reviews-Hotel_Oaks_Yao-Yao_Osaka_Prefecture_Kinki.html
Yao Terminal Hotel Weekly Seven,581-0004,Osaka Prefecture,3-7-13 Higashihonmachi Yao,,$,http://www.tripadvisor.com/Hotel_Review-g1023517-d1132522-Reviews-Yao_Terminal_Hotel_Weekly_Seven-Yao_Osaka_Prefecture_Kinki.html
Yao Grand Hotel,581-0016,Osaka Prefecture,5-101 Yaogikita Yao,,$,http://www.tripadvisor.com/Hotel_Review-g1023517-d1858544-Reviews-Yao_Grand_Hotel-Yao_Osaka_Prefecture_Kinki.html
Hotel Seiryu,579-8012,Osaka Prefecture,1-11-12 Kamiishikiricho Higashiosaka,,$$,http://www.tripadvisor.com/Hotel_Review-g1023536-d1075558-Reviews-Hotel_Seiryu-Higashiosaka_Osaka_Prefecture_Kinki.html
Richmond Hotel HigashiOsaka,577-0013,Osaka Prefecture,1-3-16 Nagatanaka Higashiosaka,156,$,http://www.tripadvisor.com/Hotel_Review-g1023536-d1075569-Reviews-Richmond_Hotel_HigashiOsaka-Higashiosaka_Osaka_Prefecture_Kinki.html
U Community Hotel,577-0036,Osaka Prefecture,1-3-30 Mikuriyasakaemachi Higashiosaka,,$,http://www.tripadvisor.com/Hotel_Review-g1023536-d1075574-Reviews-U_Community_Hotel-Higashiosaka_Osaka_Prefecture_Kinki.html
Station Hotel Miyako,596-0054,Osaka Prefecture,17-20 Miyamotocho Kishiwada,,$,http://www.tripadvisor.com/Hotel_Review-g1023471-d1075015-Reviews-Station_Hotel_Miyako-Kishiwada_Osaka_Prefecture_Kinki.html
Apa Hotel Kanku Kishiwada,596-0054,Osaka Prefecture,3-19 Miyamotocho Kishiwada,68,$,http://www.tripadvisor.com/Hotel_Review-g1023471-d1075018-Reviews-Apa_Hotel_Kanku_Kishiwada-Kishiwada_Osaka_Prefecture_Kinki.html
Kishiwada City Hotel Princess,596-0053,Osaka Prefecture,17-1 Numacho Kishiwada,36,$,http://www.tripadvisor.com/Hotel_Review-g1023471-d1075020-Reviews-Kishiwada_City_Hotel_Princess-Kishiwada_Osaka_Prefecture_Kinki.html
Iyoyakano Sato,596-0114 ,Osaka Prefecture,1156 Osawacho Kishiwada,,$,http://www.tripadvisor.com/Hotel_Review-g1023471-d1567597-Reviews-Iyoyakano_Sato-Kishiwada_Osaka_Prefecture_Kinki.html
Business Inn Suigetsu,584-0058 ,Osaka Prefecture,242-33 Ochikata Tondabayashi,,$,http://www.tripadvisor.com/Hotel_Review-g1023518-d1108517-Reviews-Business_Inn_Suigetsu-Tondabayashi_Osaka_Prefecture_Kinki.html
Kanponoyado Tondabayashi,584-0053 ,Osaka Prefecture,880-1 Ryusen Tondabayashi,,$$,http://www.tripadvisor.com/Hotel_Review-g1023518-d1108521-Reviews-Kanponoyado_Tondabayashi-Tondabayashi_Osaka_Prefecture_Kinki.html
Tamanoya,584-0058 ,Osaka Prefecture,242-6 Ochikata Tondabayashi,,$,http://www.tripadvisor.com/Hotel_Review-g1023518-d1108524-Reviews-Tamanoya-Tondabayashi_Osaka_Prefecture_Kinki.html
Grand Hotel Futaba,584-0058,Osaka Prefecture,243-6 Ochikata Tondabayashi,,$,http://www.tripadvisor.com/Hotel_Review-g1023518-d1866184-Reviews-Grand_Hotel_Futaba-Tondabayashi_Osaka_Prefecture_Kinki.html
Hotel The Next Kanku,590-0526,Osaka Prefecture,7-31-25 Onosato Sennan,,$,http://www.tripadvisor.com/Hotel_Review-g1023537-d1075826-Reviews-Hotel_The_Next_Kanku-Sennan_Osaka_Prefecture_Kinki.html
Kisen Waiwaimura,590-0511,Osaka Prefecture,207 Shindachi Tsuzurabata Sennan,,,http://www.tripadvisor.com/Hotel_Review-g1023537-d6453059-Reviews-Kisen_Waiwaimura-Sennan_Osaka_Prefecture_Kinki.html
Senri Hankyu Hotel,560-0082,Osaka Prefecture,2-1-D1 Shinsenri Higashimachi Toyonaka,203,$,http://www.tripadvisor.com/Hotel_Review-g1023472-d505040-Reviews-Senri_Hankyu_Hotel-Toyonaka_Osaka_Prefecture_Kinki.html
Hotel A P,560-0036,Osaka Prefecture,2-12-27 Hotarugaikenishimachi Toyonaka,100,$,http://www.tripadvisor.com/Hotel_Review-g1023472-d1075552-Reviews-Hotel_A_P-Toyonaka_Osaka_Prefecture_Kinki.html
Business Hotel Tujii,560-0032,Osaka Prefecture,1-2-9 Hotarugaikehigashimachi Toyonaka,,,http://www.tripadvisor.com/Hotel_Review-g1023472-d1094516-Reviews-Business_Hotel_Tujii-Toyonaka_Osaka_Prefecture_Kinki.html
Hotel Ivory,560-0021 ,Osaka Prefecture,3-1-16 Honmachi Toyonaka,,$,http://www.tripadvisor.com/Hotel_Review-g1023472-d1108495-Reviews-Hotel_Ivory-Toyonaka_Osaka_Prefecture_Kinki.html
Daigo Yasakaso,561-0816,Osaka Prefecture,1-1-5 Honanchonishi Toyonaka,,,http://www.tripadvisor.com/Hotel_Review-g1023472-d1132497-Reviews-Daigo_Yasakaso-Toyonaka_Osaka_Prefecture_Kinki.html
Osaka Air Terminal Hotel,560-0036,Osaka Prefecture,3-555 Hotarugaikenishimachi Toyonaka,,$,http://www.tripadvisor.com/Hotel_Review-g1023472-d1794742-Reviews-Osaka_Air_Terminal_Hotel-Toyonaka_Osaka_Prefecture_Kinki.html
Toyoko Inn Osaka Itami Airport,560-0036,Osaka Prefecture,2-13-16 Hotarugaike Toyonaka,296,$,http://www.tripadvisor.com/Hotel_Review-g1023472-d2167338-Reviews-Toyoko_Inn_Osaka_Itami_Airport-Toyonaka_Osaka_Prefecture_Kinki.html
Guesthouse Neko Neko,561-0815,Osaka Prefecture,5-13-10 Honancho Minami Toyonaka,,$,http://www.tripadvisor.com/Hotel_Review-g1023472-d6547148-Reviews-Guesthouse_Neko_Neko-Toyonaka_Osaka_Prefecture_Kinki.html
Neyagawa Trend Hotel,572-0819,Osaka Prefecture,7-7 Taiseicho Neyagawa,,$,http://www.tripadvisor.com/Hotel_Review-g1023520-d1094530-Reviews-Neyagawa_Trend_Hotel-Neyagawa_Osaka_Prefecture_Kinki.html
Hotel Imperial Korien,572-0085 ,Osaka Prefecture,27-16 Kori Shinmachi Neyagawa,,$,http://www.tripadvisor.com/Hotel_Review-g1023520-d1108528-Reviews-Hotel_Imperial_Korien-Neyagawa_Osaka_Prefecture_Kinki.html
City Hotel New Commander,572-0836 ,Osaka Prefecture,17-4 Kidacho Neyagawa,,$,http://www.tripadvisor.com/Hotel_Review-g1023520-d1108534-Reviews-City_Hotel_New_Commander-Neyagawa_Osaka_Prefecture_Kinki.html
Halftime,572-0088,Osaka Prefecture,20-1 Koyamotomachi Neyagawa,,$,http://www.tripadvisor.com/Hotel_Review-g1023520-d1866187-Reviews-Halftime-Neyagawa_Osaka_Prefecture_Kinki.html
I & I Land,575-0011,Osaka Prefecture,458 Osaka Shijonawate,,$,http://www.tripadvisor.com/Hotel_Review-g1023538-d1866193-Reviews-I_I_Land-Shijonawate_Osaka_Prefecture_Kinki.html
Chayayado Iseya,575-0021,Osaka Prefecture,2-18-3 Minamino Shijonawate,,$,http://www.tripadvisor.com/Hotel_Review-g1023538-d4341853-Reviews-Chayayado_Iseya-Shijonawate_Osaka_Prefecture_Kinki.html
Fushiokaku,563-0011,Osaka Prefecture,128-1 Fushiocho Ikeda,70,$$,http://www.tripadvisor.com/Hotel_Review-g1023473-d1075805-Reviews-Fushiokaku-Ikeda_Osaka_Prefecture_Kinki.html
Business Hotel Yasaka,563-0032,Osaka Prefecture,2-16-9 Ishibashi Ikeda,,,http://www.tripadvisor.com/Hotel_Review-g1023473-d1094517-Reviews-Business_Hotel_Yasaka-Ikeda_Osaka_Prefecture_Kinki.html
Hitsujiya,563-0025,Osaka Prefecture,2-2-14 Jonan Ikeda,,,http://www.tripadvisor.com/Hotel_Review-g1023473-d1132505-Reviews-Hitsujiya-Ikeda_Osaka_Prefecture_Kinki.html
Green Rich Hotel Osaka Airport,563-0034,Osaka Prefecture,1-9-6 Kuko Ikeda,241,$,http://www.tripadvisor.com/Hotel_Review-g1023473-d1813655-Reviews-Green_Rich_Hotel_Osaka_Airport-Ikeda_Osaka_Prefecture_Kinki.html
Ozeki Ryokan,563-0032,Osaka Prefecture,1-10-2 Ishibashi Ikeda,,,http://www.tripadvisor.com/Hotel_Review-g1023473-d2258775-Reviews-Ozeki_Ryokan-Ikeda_Osaka_Prefecture_Kinki.html
Nantenen,586-0062,Osaka Prefecture,158 Amami Kawachinagano,13,$$,http://www.tripadvisor.com/Hotel_Review-g1023521-d1079967-Reviews-Nantenen-Kawachinagano_Osaka_Prefecture_Kinki.html
Kawachinaganoso,586-0051 ,Osaka Prefecture,3-25 Suehirocho Kawachinagano,,$$,http://www.tripadvisor.com/Hotel_Review-g1023521-d1108539-Reviews-Kawachinaganoso-Kawachinagano_Osaka_Prefecture_Kinki.html
Kawachinagano Youth Hostel,586-0086,Osaka Prefecture,1305-2 Amanocho Kawachinagano,,,http://www.tripadvisor.com/Hotel_Review-g1023521-d1132526-Reviews-Kawachinagano_Youth_Hostel-Kawachinagano_Osaka_Prefecture_Kinki.html
Obanaryokan Fukitei,586-0012 ,Osaka Prefecture,1-5 Kikusuicho Kawachinagano,,,http://www.tripadvisor.com/Hotel_Review-g1023521-d3858050-Reviews-Obanaryokan_Fukitei-Kawachinagano_Osaka_Prefecture_Kinki.html
Green Village Katano,576-0033,Osaka Prefecture,9-4-5 Kisaichi Katano,,,http://www.tripadvisor.com/Hotel_Review-g1023539-d1439011-Reviews-Green_Village_Katano-Katano_Osaka_Prefecture_Kinki.html
Shin-Osaka Esaka Tokyu Inn,564-0051,Osaka Prefecture,9-6 Toyotsu-Cho Suita,363,$,http://www.tripadvisor.com/Hotel_Review-g1023474-d505050-Reviews-Shin_Osaka_Esaka_Tokyu_Inn-Suita_Osaka_Prefecture_Kinki.html
GR Hotel Esaka,564-0063,Osaka Prefecture,2-1-63 Esakacho Suita,265,$,http://www.tripadvisor.com/Hotel_Review-g1023474-d1052267-Reviews-GR_Hotel_Esaka-Suita_Osaka_Prefecture_Kinki.html
Hotel Daito,564-0053,Osaka Prefecture,16-26 Enoki-cho Suita,,,http://www.tripadvisor.com/Hotel_Review-g1023474-d1068720-Reviews-Hotel_Daito-Suita_Osaka_Prefecture_Kinki.html
Dai-ni Sunny Stone Hotel,564-0063,Osaka Prefecture,1-22-4 Esakacho Suita,165,$,http://www.tripadvisor.com/Hotel_Review-g1023474-d1069222-Reviews-Dai_ni_Sunny_Stone_Hotel-Suita_Osaka_Prefecture_Kinki.html
Dai-ichi Sunny Stone Hotel,564-0052,Osaka Prefecture,10-3 Hiroshibacho Suita,445,$,http://www.tripadvisor.com/Hotel_Review-g1023474-d1069224-Reviews-Dai_ichi_Sunny_Stone_Hotel-Suita_Osaka_Prefecture_Kinki.html
Hotel Claiton Esaka,564-0051,Osaka Prefecture,1-40 Toyotsucho Suita,170,$,http://www.tripadvisor.com/Hotel_Review-g1023474-d1075538-Reviews-Hotel_Claiton_Esaka-Suita_Osaka_Prefecture_Kinki.html
Esaka Cantral Hotel,564-0063,Osaka Prefecture,1-22-30 Esakacho Suita,,$,http://www.tripadvisor.com/Hotel_Review-g1023474-d1075539-Reviews-Esaka_Cantral_Hotel-Suita_Osaka_Prefecture_Kinki.html
Crystal Hotel Minami Senri,565-0862,Osaka Prefecture,1-2-D9 Tsukumodai Suita,,$,http://www.tripadvisor.com/Hotel_Review-g1023474-d1075543-Reviews-Crystal_Hotel_Minami_Senri-Suita_Osaka_Prefecture_Kinki.html
Hotel Park Side,564-0063,Osaka Prefecture,1-13-28 Esakacho Suita,82,$,http://www.tripadvisor.com/Hotel_Review-g1023474-d1075545-Reviews-Hotel_Park_Side-Suita_Osaka_Prefecture_Kinki.html
ShinOsaka Station Hotel Group Kishibe Station Hotel,564-0011,Osaka Prefecture,1-25-3 Kishibeminami Suita,71,$,http://www.tripadvisor.com/Hotel_Review-g1023474-d1075548-Reviews-ShinOsaka_Station_Hotel_Group_Kishibe_Station_Hotel-Suita_Osaka_Prefecture_Kinki.html
Hotel Hankyu Expo Park,565-0826,Osaka Prefecture,1-5 Senri Expo Park Suita,99,$,http://www.tripadvisor.com/Hotel_Review-g1023474-d1092469-Reviews-Hotel_Hankyu_Expo_Park-Suita_Osaka_Prefecture_Kinki.html
Super Hotel Midosujisen Esaka,564-0052 ,Osaka Prefecture,12-33 Hiroshiba-cho Suita,108,$,http://www.tripadvisor.com/Hotel_Review-g1023474-d1108507-Reviews-Super_Hotel_Midosujisen_Esaka-Suita_Osaka_Prefecture_Kinki.html
Yoichi,564-0031,Osaka Prefecture,25-4 Motomachi Suita,,,http://www.tripadvisor.com/Hotel_Review-g1023474-d1132509-Reviews-Yoichi-Suita_Osaka_Prefecture_Kinki.html
Hotel Live Max Esaka,564-0053,Osaka Prefecture,2-7 Enokicho Suita,54,$,http://www.tripadvisor.com/Hotel_Review-g1023474-d1524361-Reviews-Hotel_Live_Max_Esaka-Suita_Osaka_Prefecture_Kinki.html
Hotel Hanna,574-0012 ,Osaka Prefecture,266-8 Tatsuma Daito,,$,http://www.tripadvisor.com/Hotel_Review-g1023524-d1108543-Reviews-Hotel_Hanna-Daito_Osaka_Prefecture_Kinki.html
San Marco,574-0055,Osaka Prefecture,9-21 Shinden Honmachi Daito,,$,http://www.tripadvisor.com/Hotel_Review-g1023524-d1864140-Reviews-San_Marco-Daito_Osaka_Prefecture_Kinki.html
Fukujusan Uosute,574-0015,Osaka Prefecture,2-6-1 Nozaki Daito,,$,http://www.tripadvisor.com/Hotel_Review-g1023524-d4340715-Reviews-Fukujusan_Uosute-Daito_Osaka_Prefecture_Kinki.html
Daiyoshi Hostel,589-0022,Osaka Prefecture,2-13-17 Nishiyamadai Osakasayama,,,http://www.tripadvisor.com/Hotel_Review-g1023540-d1604729-Reviews-Daiyoshi_Hostel-Osakasayama_Osaka_Prefecture_Kinki.html
Hotel Lake Alster Alza Izumiotsu,595-0025,Osaka Prefecture,18-5 Asahicho Izumiotsu,48,$,http://www.tripadvisor.com/Hotel_Review-g1023507-d302402-Reviews-Hotel_Lake_Alster_Alza_Izumiotsu-Izumiotsu_Osaka_Prefecture_Kinki.html
Sunroute Kanku Hotel,595-0055,Osaka Prefecture,5-1 Nagisacho Izumiotsu,143,$,http://www.tripadvisor.com/Hotel_Review-g1023507-d479526-Reviews-Sunroute_Kanku_Hotel-Izumiotsu_Osaka_Prefecture_Kinki.html
Shinwakamatsu,595-0072,Osaka Prefecture,2-5-20 Matsunohamacho Izumiotsu,,$,http://www.tripadvisor.com/Hotel_Review-g1023507-d2027927-Reviews-Shinwakamatsu-Izumiotsu_Osaka_Prefecture_Kinki.html
Mimatsu Ryokan,593-0024,Osaka Prefecture,2-31-28 Hakatacho Izumi,,$,http://www.tripadvisor.com/Hotel_Review-g1023525-d1872344-Reviews-Mimatsu_Ryokan-Izumi_Osaka_Prefecture_Kinki.html
Yayoinosato Onsen,594-0083,Osaka Prefecture,1-696-1 Ikegamicho Izumi,,$,http://www.tripadvisor.com/Hotel_Review-g1023525-d1925351-Reviews-Yayoinosato_Onsen-Izumi_Osaka_Prefecture_Kinki.html
Mt. Makio Tourists Center,594-1131,Osaka Prefecture,88 Makioyamacho Izumi,,,http://www.tripadvisor.com/Hotel_Review-g1023525-d5546083-Reviews-Mt_Makio_Tourists_Center-Izumi_Osaka_Prefecture_Kinki.html
Uoki,599-0232 ,Osaka Prefecture,1016 Hakotsukuri Hannan,,,http://www.tripadvisor.com/Hotel_Review-g1023541-d2027930-Reviews-Uoki-Hannan_Osaka_Prefecture_Kinki.html
Takatsuki W&M Hotel,569-0071,Osaka Prefecture,2-3-15 Johokucho Takatsuki,40,$,http://www.tripadvisor.com/Hotel_Review-g1023508-d1075829-Reviews-Takatsuki_W_M_Hotel-Takatsuki_Osaka_Prefecture_Kinki.html
Takatsuki Sun Hotel,569-0071,Osaka Prefecture,2-12-6 Johokucho Takatsuki,,$,http://www.tripadvisor.com/Hotel_Review-g1023508-d1075830-Reviews-Takatsuki_Sun_Hotel-Takatsuki_Osaka_Prefecture_Kinki.html
Takatsuki Kyoto Hotel,569-0065,Osaka Prefecture,4-39 Josaicho Takatsuki,107,$,http://www.tripadvisor.com/Hotel_Review-g1023508-d1094520-Reviews-Takatsuki_Kyoto_Hotel-Takatsuki_Osaka_Prefecture_Kinki.html
Work Hotel Takatsuki,569-0804,Osaka Prefecture,8-7 Konyamachi Takatsuki,,$,http://www.tripadvisor.com/Hotel_Review-g1023508-d1094521-Reviews-Work_Hotel_Takatsuki-Takatsuki_Osaka_Prefecture_Kinki.html
Sansuikan,569-1051,Osaka Prefecture,3-2-2 Hara Takatsuki,,$$$,http://www.tripadvisor.com/Hotel_Review-g1023508-d1108510-Reviews-Sansuikan-Takatsuki_Osaka_Prefecture_Kinki.html
Kameya,569-1123,Osaka Prefecture,2-11-3 Akutagawacho Takatsuki,,$,http://www.tripadvisor.com/Hotel_Review-g1023508-d1132511-Reviews-Kameya-Takatsuki_Osaka_Prefecture_Kinki.html
Work Hotel Annex Tenjin no Yu,569-0803,Osaka Prefecture,16-5 Takatsukicho Takatsuki,,$,http://www.tripadvisor.com/Hotel_Review-g1023508-d3782852-Reviews-Work_Hotel_Annex_Tenjin_no_Yu-Takatsuki_Osaka_Prefecture_Kinki.html
Business Hotel Ishibashi,562-0045,Osaka Prefecture,5-5-5 Segawa Mino,,$,http://www.tripadvisor.com/Hotel_Review-g1023526-d1075009-Reviews-Business_Hotel_Ishibashi-Mino_Osaka_Prefecture_Kinki.html
Minoo Kanko Hotel,562-0006 ,Osaka Prefecture,1-1 Onsenmachi Mino,200,$$,http://www.tripadvisor.com/Hotel_Review-g1023526-d1109524-Reviews-Minoo_Kanko_Hotel-Mino_Osaka_Prefecture_Kinki.html
Minoo Sanso Kazenomori,562-0001 ,Osaka Prefecture,2-14-71 Minoo Mino,,$$$,http://www.tripadvisor.com/Hotel_Review-g1023526-d1109529-Reviews-Minoo_Sanso_Kazenomori-Mino_Osaka_Prefecture_Kinki.html
Nose Onsen,563-0372,Osaka Prefecture,409-81 Yamabe Nose-cho,,$$,http://www.tripadvisor.com/Hotel_Review-g1121290-d1438844-Reviews-Nose_Onsen-Nose_cho_Toyono_gun_Osaka_Prefecture_Kinki.html
Shionoyu Onsen,563-0362,Osaka Prefecture,317 Morigami Nose-cho,,,http://www.tripadvisor.com/Hotel_Review-g1121290-d1485718-Reviews-Shionoyu_Onsen-Nose_cho_Toyono_gun_Osaka_Prefecture_Kinki.html
Heidi no Ie,563-0134,Osaka Prefecture,58 Nomashutsuno Nose-cho,,,http://www.tripadvisor.com/Hotel_Review-g1121290-d1866194-Reviews-Heidi_no_Ie-Nose_cho_Toyono_gun_Osaka_Prefecture_Kinki.html
Ryori Ryokan Nishikitei,563-0351,Osaka Prefecture,55 Kurusu Nose-cho,,,http://www.tripadvisor.com/Hotel_Review-g1121290-d2025160-Reviews-Ryori_Ryokan_Nishikitei-Nose_cho_Toyono_gun_Osaka_Prefecture_Kinki.html
Youth Hostel Gyokusenji,563-0372 ,Osaka Prefecture,1438 Yamabe Nose-cho,,,http://www.tripadvisor.com/Hotel_Review-g1121290-d6023483-Reviews-Youth_Hostel_Gyokusenji-Nose_cho_Toyono_gun_Osaka_Prefecture_Kinki.html
Hotel Sunrise Inn,597-0003,Osaka Prefecture,925 Naka Kaizuka,,$,http://www.tripadvisor.com/Hotel_Review-g1023510-d1075828-Reviews-Hotel_Sunrise_Inn-Kaizuka_Osaka_Prefecture_Kinki.html
Honojinosato,597-0111,Osaka Prefecture,2114 Sobura Kaizuka,,$,http://www.tripadvisor.com/Hotel_Review-g1023510-d1132518-Reviews-Honojinosato-Kaizuka_Osaka_Prefecture_Kinki.html
Okumizuma Onsen,597-0102,Osaka Prefecture,3159 Kotsumi Kaizuka,,$$,http://www.tripadvisor.com/Hotel_Review-g1023510-d1595322-Reviews-Okumizuma_Onsen-Kaizuka_Osaka_Prefecture_Kinki.html
Takinoyu,597-0102,Osaka Prefecture,3488 Kotsumi Kaizuka,,$$$$,http://www.tripadvisor.com/Hotel_Review-g1023510-d6352678-Reviews-Takinoyu-Kaizuka_Osaka_Prefecture_Kinki.html
Sun Hill Kashiwara,582-0016,Osaka Prefecture,115-1 Kashiwaracho Kashiwara,,$,http://www.tripadvisor.com/Hotel_Review-g1023527-d4310561-Reviews-Sun_Hill_Kashiwara-Kashiwara_Osaka_Prefecture_Kinki.html
Sanhil Kashiwara,582-0016,Osaka Prefecture,115-1 Andocho Kashiwara,,$$,http://www.tripadvisor.com/Hotel_Review-g1023527-d4340910-Reviews-Sanhil_Kashiwara-Kashiwara_Osaka_Prefecture_Kinki.html
Hotel Cavalier,590-0403,Osaka Prefecture,1-13-13 Okubo Naka Kumatori-cho,,,http://www.tripadvisor.com/Hotel_Review-g1121292-d1485719-Reviews-Hotel_Cavalier-Kumatori_cho_Sennan_gun_Osaka_Prefecture_Kinki.html
Hotel Yutaka Wing,598-0091,Osaka Prefecture,352-6 Kashoji Tajiri-cho,54,$,http://www.tripadvisor.com/Hotel_Review-g1121293-d1171428-Reviews-Hotel_Yutaka_Wing-Tajiri_cho_Sennan_gun_Osaka_Prefecture_Kinki.html
Ryugukan,599-0301,Osaka Prefecture,838-8 Tannowa Misaki-cho,,$$,http://www.tripadvisor.com/Hotel_Review-g1121294-d1124537-Reviews-Ryugukan-Misaki_cho_Sennan_gun_Osaka_Prefecture_Kinki.html
Ryokan Shin-kurosaki,599-0301,Osaka Prefecture,1332-1 Tannowa Misaki-cho,,,http://www.tripadvisor.com/Hotel_Review-g1121294-d1485720-Reviews-Ryokan_Shin_kurosaki-Misaki_cho_Sennan_gun_Osaka_Prefecture_Kinki.html
Minshuku Okano Ryokan,599-0301,Osaka Prefecture,4131 Tannowa Misaki-cho,,$,http://www.tripadvisor.com/Hotel_Review-g1121294-d1867066-Reviews-Minshuku_Okano_Ryokan-Misaki_cho_Sennan_gun_Osaka_Prefecture_Kinki.html
Nankaiso,599-0301,Osaka Prefecture,4715 Tannowa Misaki-cho,,,http://www.tripadvisor.com/Hotel_Review-g1121294-d1867067-Reviews-Nankaiso-Misaki_cho_Sennan_gun_Osaka_Prefecture_Kinki.html
Marine lodge kaifukan,599-0301,Osaka Prefecture,6190 Tannowa Misaki-cho,,$$,http://www.tripadvisor.com/Hotel_Review-g1121294-d1925290-Reviews-Marine_lodge_kaifukan-Misaki_cho_Sennan_gun_Osaka_Prefecture_Kinki.html
Funayado kaio,599-0311,Osaka Prefecture,2887 Tanagawatanigawa Misaki-cho,,,http://www.tripadvisor.com/Hotel_Review-g1121294-d1925292-Reviews-Funayado_kaio-Misaki_cho_Sennan_gun_Osaka_Prefecture_Kinki.html
hotel AGORA osaka moriguchi,570-0038,Osaka Prefecture,10-5 Kawaharacho Moriguchi,175,$,http://www.tripadvisor.com/Hotel_Review-g1023512-d584852-Reviews-Hotel_AGORA_osaka_moriguchi-Moriguchi_Osaka_Prefecture_Kinki.html
Guest House Bear's Moriguchi,570-0036,Osaka Prefecture,10-5 Oedahigashimachi Moriguchi,,$,http://www.tripadvisor.com/Hotel_Review-g1023512-d1075024-Reviews-Guest_House_Bear_s_Moriguchi-Moriguchi_Osaka_Prefecture_Kinki.html
Moriguchi Chamble Asami,570-0079,Osaka Prefecture,2-3-14 Kaneshitacho Moriguchi,,$,http://www.tripadvisor.com/Hotel_Review-g1023512-d1075028-Reviews-Moriguchi_Chamble_Asami-Moriguchi_Osaka_Prefecture_Kinki.html
Osaka Moriguchi Plaza Hotel,570-0021,Osaka Prefecture,"2-82-35 Higashimachi, Yagumo Moriguchi",,$,http://www.tripadvisor.com/Hotel_Review-g1023512-d1094522-Reviews-Osaka_Moriguchi_Plaza_Hotel-Moriguchi_Osaka_Prefecture_Kinki.html
Kadoma Terminal Hotel,571-0057,Osaka Prefecture,2-6 Motomachi Kadoma,,$,http://www.tripadvisor.com/Hotel_Review-g1023530-d1075818-Reviews-Kadoma_Terminal_Hotel-Kadoma_Osaka_Prefecture_Kinki.html
Super Hotel Kadoma,571-0048 ,Osaka Prefecture,15-20 Shinbashi-cho Kadoma,105,$,http://www.tripadvisor.com/Hotel_Review-g1023530-d1109545-Reviews-Super_Hotel_Kadoma-Kadoma_Osaka_Prefecture_Kinki.html
Kadoma Public Hotel,571-0048,Osaka Prefecture,2-8 Shinbashicho Kadoma,,$,http://www.tripadvisor.com/Hotel_Review-g1023530-d1117273-Reviews-Kadoma_Public_Hotel-Kadoma_Osaka_Prefecture_Kinki.html
Nishikiso,571-0041,Osaka Prefecture,7-17 Yanagimachi Kadoma,,,http://www.tripadvisor.com/Hotel_Review-g1023530-d2537046-Reviews-Nishikiso-Kadoma_Osaka_Prefecture_Kinki.html
World Village,585-0014,Osaka Prefecture,1456-2 Shiraki Kanan-cho,,,http://www.tripadvisor.com/Hotel_Review-g1121296-d1438853-Reviews-World_Village-Kanan_cho_Minamikawachi_gun_Osaka_Prefecture_Kinki.html
Kongosan kounansou,585-0051,Osaka Prefecture,1313-2 Chihaya Chihayaakasaka-mura,,$$,http://www.tripadvisor.com/Hotel_Review-g1121297-d1925293-Reviews-Kongosan_kounansou-Chihayaakasaka_mura_Minamikawachi_gun_Osaka_Prefecture_Kinki.html
